Unnamed: 0,id,Patient ID,Name,Date of Birth,Age,Gender,Blood Group,BMI,Address,PIN Code,Health Condition,BMI_encoded,PIN Code_encoded
0,1,P0001-8907-1,Gatik Sha,1989-07-21,35,Male,O+,23.7,"50/621
Banerjee Street",571001,Gout,90,81
1,2,P0002-5108-1,Hridaan Baria,1951-08-02,73,Male,B+,25.7,"H.No. 014
Bath Nagar",570009,Diabetes,110,79
2,3,P0003-8808-2,Nitya Tella,1988-08-25,36,Female,B+,25.5,"H.No. 82
Manda Ganj",560021,Epilepsy,108,21
3,4,P0004-6706-2,Saksham Bassi,1967-06-02,58,Female,O+,24.2,"481
Batra Path",571007,Gout,95,87
4,5,P0005-4204-1,Bhavin Behl,1942-04-29,83,Male,A+,22.0,"67
Dutt Marg",572002,Sleep Apnea,73,92
5,6,P0006-6510-1,Shaan Atwal,1965-10-20,59,Male,A+,22.6,"H.No. 27, Basak Road",572001,Asthma,79,91
6,7,P0007-9806-2,Urvi Sharaf,1998-06-14,27,Female,O+,24.0,"69/998
Soni Circle",560029,Asthma,93,29
7,8,P0008-7205-2,Samarth Barad,1972-05-07,53,Female,O-,25.2,"16
Kala Ganj",560203,Heart Disease,105,44
8,9,P0009-7610-2,Yuvraj  Bhatt,1976-10-26,48,Female,A+,23.2,"759, Ramesh Street",562006,Hypertension,85,66
9,10,P0010-4204-2,Aayush Bains,1942-04-09,83,Female,O+,26.0,"H.No. 282, Roy Marg",560029,Healthy,113,29
10,11,P0011-6509-1,Rhea Hora,1965-09-29,59,Male,AB-,26.3,"H.No. 30
Agate Ganj",570005,Hypertension,116,75
11,12,P0012-8208-2,Indranil Chaudry,1982-08-08,42,Female,O+,25.0,"59/42
Trivedi Circle",560007,Gout,103,7
12,13,P0013-8505-2,Misha Ghose,1985-05-12,40,Female,B+,23.7,"772, Rajan Circle",572003,Depression,90,93
13,14,P0014-4309-1,Kabir Bir,1943-09-20,81,Male,AB+,23.1,"40
Bal",570008,Hypertension,84,78
14,15,P0015-4310-1,Chirag Lanka,1943-10-31,81,Male,B+,25.3,"H.No. 89, Varkey",561006,Depression,106,56
15,16,P0016-9703-1,Uthkarsh Bora,1997-03-21,28,Male,B+,23.9,"056
Mannan Marg",560013,Sleep Apnea,92,13
16,17,P0017-6703-2,Hiran Shenoy,1967-03-05,58,Female,A+,22.5,"98
Singhal Zila",562009,Hypertension,78,69
17,18,P0018-5609-1,Neelofar Ahluwalia,1956-09-30,68,Male,A+,23.2,"09/64, Tella Marg",560025,Hypertension,85,25
18,19,P0019-5108-2,Emir Kashyap,1951-08-04,73,Female,O+,21.8,"H.No. 24
Salvi Marg",562008,Diabetes,71,68
19,20,P0020-7706-2,Shayak Hayer,1977-06-20,48,Female,AB+,23.4,"07/404, Khurana Street",560107,Epilepsy,87,38
20,21,P0021-4303-1,Aaryahi Chacko,1943-03-21,82,Male,O+,24.4,"72/253
Madan Chowk",572010,Depression,97,100
21,22,P0022-8610-1,Zeeshan Kale,1986-10-05,38,Male,O+,27.8,"53/353
Behl Street",570009,Depression,131,79
22,23,P0023-8604-2,Emir Gole,1986-04-22,39,Female,O-,20.9,"H.No. 90
Choudhury Nagar",560026,Dementia,62,26
23,24,P0024-8305-2,Lavanya Krishna,1983-05-03,42,Female,O+,24.8,"63/014
Korpal Ganj",572006,Dementia,101,96
24,25,P0025-8602-2,Zaina Salvi,1986-02-17,39,Female,O+,23.7,"243
Dass Zila",561006,Dementia,90,56
25,26,P0026-4807-1,Tushar Kalla,1948-07-06,77,Male,O+,20.5,"81/450
Cheema Marg",570005,Diabetes,58,75
26,27,P0027-5512-2,Zain Kanda,1955-12-24,69,Female,B+,22.2,"54/44
Lal Road",562001,Heart Disease,75,61
27,28,P0028-9405-2,Hrishita Baria,1994-05-25,31,Female,B-,24.5,"83/667
Grewal",560202,Gout,98,43
28,29,P0029-6203-2,Mishti Buch,1962-03-07,63,Female,O+,19.5,"41/70
Kapadia Chowk",571004,Healthy,48,84
29,30,P0030-7202-2,Rania Ghosh,1972-02-04,53,Female,B+,24.7,"H.No. 13, Chada Ganj",570001,Gout,100,71
30,31,P0031-9710-2,Yasmin Sur,1997-10-19,27,Female,A+,24.0,"H.No. 537
Magar Ganj",561003,Sleep Apnea,93,53
31,32,P0032-6603-1,Nehmat Doctor,1966-03-26,59,Male,B+,27.9,"H.No. 92
Salvi Circle",560209,Sleep Apnea,132,50
32,33,P0033-6306-2,Dishani Shetty,1963-06-01,62,Female,A+,25.1,"87, Vasa Ganj",560002,Hypertension,104,2
33,34,P0034-4509-2,Samarth Kari,1945-09-21,79,Female,O+,21.9,"H.No. 53, Gandhi Zila",570001,Asthma,72,71
34,35,P0035-4110-2,Yasmin Bhatnagar,1941-10-01,83,Female,B-,27.6,"98/179, Ramachandran Marg",560022,Hypertension,129,22
35,36,P0036-8210-1,Samaira Ratta,1982-10-10,42,Male,O+,22.5,"75/903, Andra Chowk",560016,Osteoporosis,78,16
36,37,P0037-6503-2,Diya Iyer,1965-03-09,60,Female,O-,22.2,"H.No. 63, Bhatti",560002,Osteoporosis,75,2
37,38,P0038-7108-2,Yasmin Dalal,1971-08-20,53,Female,A+,23.6,"H.No. 42
Dara",560029,Dementia,89,29
38,39,P0039-6708-1,Gatik Batra,1967-08-31,57,Male,B+,23.9,"H.No. 664
Ratta Path",572002,Osteoporosis,92,92
39,40,P0040-9207-2,Kismat Ramesh,1992-07-19,32,Female,A+,22.4,"08
Mander Marg",560025,Sleep Apnea,77,25
40,41,P0041-7406-1,Alisha Sura,1974-06-30,51,Male,B+,21.2,"H.No. 68
Bhalla Ganj",572003,Sleep Apnea,65,93
41,42,P0042-6909-1,Badal Grewal,1969-09-04,55,Male,B+,23.2,"H.No. 713
Goda Path",561006,Depression,85,56
42,43,P0043-6710-2,Alisha Krishnamurthy,1967-10-03,57,Female,O+,21.1,"H.No. 04
Krishna Nagar",572002,Dementia,64,92
43,44,P0044-4508-2,Indrans Kadakia,1945-08-27,79,Female,O+,24.7,"04/71, Rana Zila",571010,Heart Disease,100,90
44,45,P0045-4310-2,Alisha Loyal,1943-10-30,81,Female,A-,22.0,"96
Sha",560027,Diabetes,73,27
45,46,P0046-9608-2,Damini Sane,1996-08-06,28,Female,O+,27.4,"H.No. 265
Deo Street",572008,Gout,127,98
46,47,P0047-4707-2,Drishya Kunda,1947-07-10,78,Female,O+,23.4,"16/760
Subramanian Nagar",560004,Depression,87,4
47,48,P0048-4712-1,Sana Mandal,1947-12-31,77,Male,A-,25.9,"90/58
Iyer Chowk",560014,Osteoporosis,112,14
48,49,P0049-8609-2,Dharmajan Rattan,1986-09-15,38,Female,O+,22.5,"01, Lad Circle",562004,Diabetes,78,64
49,50,P0050-5404-2,Shray Varughese,1954-04-18,71,Female,O+,20.9,"66
Dugar Nagar",570010,Heart Disease,62,80
50,51,P0051-7006-1,Zoya Chanda,1970-06-09,55,Male,B+,26.1,"13, Balay Zila",571009,Sleep Apnea,114,89
51,52,P0052-8708-1,Ritvik Gupta,1987-08-01,37,Male,O+,27.8,"395
Loke Street",562008,Gout,131,68
52,53,P0053-4111-1,Elakshi Rajagopalan,1941-11-02,83,Male,O+,27.8,"26
Rama Ganj",572004,Depression,131,94
53,54,P0054-7411-1,Indrans Ahuja,1974-11-21,50,Male,O+,22.6,"87/50
Chopra Circle",560011,Depression,79,11
54,55,P0055-9807-1,Stuvan Chaudry,1998-07-14,26,Male,B-,23.0,"26, Barman Marg",561007,Diabetes,83,57
55,56,P0056-7601-2,Mannat Bal,1976-01-22,49,Female,A-,27.1,"08
Bhatt Chowk",572002,Healthy,124,92
56,57,P0057-4302-1,Riaan Sundaram,1943-02-03,82,Male,O+,21.8,"773
Buch",561007,Heart Disease,71,57
57,58,P0058-9610-1,Ira Thakur,1996-10-29,28,Male,A-,24.8,"38/81
Raman Marg",560004,Osteoporosis,101,4
58,59,P0059-0302-2,Emir Chanda,2003-02-21,22,Female,O+,24.1,"52/12
Kala",560008,Hypertension,94,8
59,60,P0060-4310-2,Urvi Wagle,1943-10-28,81,Female,O-,24.6,"H.No. 42
Tandon Street",560026,Osteoporosis,99,26
60,61,P0061-5407-2,Divij Gupta,1954-07-10,71,Female,A+,25.0,"H.No. 82, Keer",570007,Diabetes,103,77
61,62,P0062-5706-1,Raunak Kulkarni,1957-06-18,68,Male,B+,25.0,"H.No. 88, Rattan Marg",560015,Sleep Apnea,103,15
62,63,P0063-0507-1,Rasha Goyal,2005-07-07,19,Male,AB+,25.9,"H.No. 241, Swamy Chowk",572007,Hypertension,112,97
63,64,P0064-8403-1,Alia Tara,1984-03-06,41,Male,O+,19.6,"H.No. 50
Saxena Marg",571004,Depression,49,84
64,65,P0065-4703-1,Umang Dhar,1947-03-24,78,Male,A-,21.9,"24/605, Devan Path",561008,Hypertension,72,58
65,66,P0066-6104-1,Shanaya Goswami,1961-04-19,64,Male,A-,26.3,"75
Chanda Road",560108,Diabetes,116,39
66,67,P0067-4702-2,Mannat Mani,1947-02-28,78,Female,O-,23.8,"H.No. 12
Bora Zila",560203,Osteoporosis,91,44
67,68,P0068-4006-2,Neysa Ganesh,1940-06-04,85,Female,O-,24.5,"385, Balasubramanian Chowk",560003,Gout,98,3
68,69,P0069-7903-1,Hunar Sodhi,1979-03-15,46,Male,O+,22.8,"33/977
Randhawa Chowk",560005,Diabetes,81,5
69,70,P0070-9410-2,Tanya Bhargava,1994-10-07,30,Female,B+,25.1,"47/12, Cheema Nagar",561003,Healthy,104,53
70,71,P0071-7708-1,Chirag Garde,1977-08-06,47,Male,AB+,22.7,"05/127
Thaman Ganj",561008,Osteoporosis,80,58
71,72,P0072-8510-2,Rhea Kant,1985-10-01,39,Female,O+,22.1,"93/18
Wason Road",572004,Heart Disease,74,94
72,73,P0073-0105-2,Pihu Chand,2001-05-27,24,Female,A-,25.1,"11
Chander Marg",560100,Dementia,104,31
73,74,P0074-0512-1,Khushi Dalal,2005-12-09,19,Male,B+,22.4,"H.No. 025, Gaba Nagar",562005,Hypertension,77,65
74,75,P0075-9702-2,Uthkarsh Halder,1997-02-06,28,Female,O+,26.4,"395, Walla Zila",560009,Dementia,117,9
75,76,P0076-8007-2,Samar Balay,1980-07-18,44,Female,B-,25.1,"H.No. 389, Bassi Zila",560022,Hypertension,104,22
76,77,P0077-5907-2,Anahi Gour,1959-07-31,65,Female,A+,23.8,"35/003
Jain Circle",570009,Osteoporosis,91,79
77,78,P0078-5805-1,Ritvik Babu,1958-05-15,67,Male,O+,22.1,"H.No. 76, Jayaraman Chowk",560007,Gout,74,7
78,79,P0079-6710-2,Manjari Badal,1967-10-29,57,Female,B+,21.5,"92
Bala Street",560004,Asthma,68,4
79,80,P0080-0204-2,Aradhya Manda,2002-04-25,23,Female,B+,24.7,"278, Vasa Zila",560029,Heart Disease,100,29
80,81,P0081-9906-1,Tara Mandal,1999-06-21,26,Male,B+,21.9,"787, Sen Marg",561010,Dementia,72,60
81,82,P0082-4209-1,Ryan Rao,1942-09-23,82,Male,A+,23.7,"H.No. 573, Lad Nagar",560013,Heart Disease,90,13
82,83,P0083-8210-1,Darshit Anand,1982-10-07,42,Male,AB+,25.0,"47
Bora Nagar",560206,Dementia,103,47
83,84,P0084-6112-2,Dhanuk Dixit,1961-12-25,63,Female,B+,23.9,"H.No. 88
Rajagopal Circle",562006,Epilepsy,92,66
84,85,P0085-8009-1,Siya Ravel,1980-09-15,44,Male,O+,25.0,"83/897, Subramaniam",561004,Dementia,103,54
85,86,P0086-4802-1,Parinaaz Dash,1948-02-15,77,Male,O+,21.2,"591, Bandi Road",560013,Sleep Apnea,65,13
86,87,P0087-4112-2,Keya Keer,1941-12-11,83,Female,O+,23.6,"74/01
Trivedi Chowk",561006,Osteoporosis,89,56
87,88,P0088-8104-2,Anay Ben,1981-04-21,44,Female,B-,23.6,"92/490
Uppal Ganj",560008,Gout,89,8
88,89,P0089-9106-2,Indranil Chowdhury,1991-06-16,34,Female,O+,24.3,"H.No. 350
Gokhale Nagar",571008,Sleep Apnea,96,88
89,90,P0090-8409-2,Pihu Keer,1984-09-19,40,Female,B+,25.7,"31, Vaidya Chowk",560027,Hypertension,110,27
90,91,P0091-8712-2,Neysa Dass,1987-12-29,37,Female,B+,28.7,"H.No. 67, Chander Chowk",560201,Hypertension,140,42
91,92,P0092-9210-1,Lagan Bhandari,1992-10-07,32,Male,O+,23.4,"83, Dara Chowk",571001,Asthma,87,81
92,93,P0093-6108-2,Mannat Sibal,1961-08-08,63,Female,B+,22.8,"55/67
Goel Nagar",560202,Diabetes,81,43
93,94,P0094-9302-2,Saira Sampath,1993-02-13,32,Female,B+,20.4,"103, Atwal",560208,Sleep Apnea,57,49
94,95,P0095-9901-2,Yuvaan Bhatt,1999-01-04,26,Female,AB+,20.6,"25
Mall Circle",572005,Heart Disease,59,95
95,96,P0096-4201-1,Rania Kalla,1942-01-12,83,Male,B+,25.8,"11/654, Buch Street",570008,Diabetes,111,78
96,97,P0097-5405-2,Ishita Apte,1954-05-15,71,Female,O+,21.2,"57/77
Kuruvilla Ganj",560029,Osteoporosis,65,29
97,98,P0098-6905-1,Kaira Singhal,1969-05-31,56,Male,A+,22.5,"058
Yadav Marg",570009,Asthma,78,79
98,99,P0099-9309-2,Divij De,1993-09-25,31,Female,B+,24.8,"43/178
Manne Zila",560100,Asthma,101,31
99,100,P0100-5204-1,Kashvi Sarin,1952-04-11,73,Male,A+,24.3,"27
Krishnamurthy Street",561002,Epilepsy,96,52
100,101,P0101-6712-1,Vidur Bakshi,1967-12-22,57,Male,O-,23.0,"63/722
Roy Zila",560024,Depression,83,24
101,102,P0102-5411-1,Ishita Bains,1954-11-04,70,Male,AB+,25.9,"H.No. 51
Sahni Nagar",560022,Hypertension,112,22
102,103,P0103-0211-1,Seher Sawhney,2002-11-15,22,Male,A+,22.2,"260, Anne Chowk",560102,Epilepsy,75,33
103,104,P0104-9105-1,Shlok Lad,1991-05-06,34,Male,B+,24.7,"94
Anand Nagar",562005,Asthma,100,65
104,105,P0105-0106-1,Onkar Ray,2001-06-27,24,Male,A+,25.4,"H.No. 81
Kothari Nagar",560203,Hypertension,107,44
105,106,P0106-8510-1,Indrajit Ramesh,1985-10-21,39,Male,AB+,25.8,"H.No. 03, Bhasin Circle",561005,Depression,111,55
106,107,P0107-7703-2,Divit Dasgupta,1977-03-14,48,Female,O+,19.3,"69
Dubey Zila",572001,Hypertension,46,91
107,108,P0108-5501-2,Inaaya  Bawa,1955-01-01,70,Female,O+,25.8,"H.No. 61, Wali Road",561003,Epilepsy,111,53
108,109,P0109-7908-2,Yashvi Borah,1979-08-08,45,Female,O+,27.5,"72
Ram",562002,Healthy,128,62
109,110,P0110-0205-2,Keya Borde,2002-05-22,23,Female,O+,23.0,"H.No. 76, Chatterjee Ganj",560006,Diabetes,83,6
110,111,P0111-9312-2,Zain Sahota,1993-12-12,31,Female,A+,24.6,"H.No. 75
Aurora Chowk",572001,Hypertension,99,91
111,112,P0112-0202-2,Ivana Kulkarni,2002-02-27,23,Female,B+,26.4,"H.No. 472
Kala Chowk",560028,Heart Disease,117,28
112,113,P0113-5107-2,Hazel Chowdhury,1951-07-20,74,Female,A+,24.6,"H.No. 12
Manne Street",560106,Depression,99,37
113,114,P0114-4512-1,Arnav Dhingra,1945-12-23,79,Male,O+,25.7,"H.No. 82
Bhatia Ganj",560010,Gout,110,10
114,115,P0115-9701-1,Yakshit Kala,1997-01-09,28,Male,O+,24.5,"H.No. 50, Sagar Road",560007,Epilepsy,98,7
115,116,P0116-4210-2,Aniruddh Kothari,1942-10-27,82,Female,AB+,22.0,"H.No. 214
Bumb Road",560006,Diabetes,73,6
116,117,P0117-4010-1,Faiyaz Hora,1940-10-17,84,Male,A+,24.1,"62/90, Saha Nagar",562007,Gout,94,67
117,118,P0118-7211-1,Madhup Deep,1972-11-06,52,Male,B+,26.2,"H.No. 478, Shetty Zila",560203,Asthma,115,44
118,119,P0119-9204-1,Lavanya Sarna,1992-04-27,33,Male,O+,25.4,"H.No. 35
Kalla Zila",560025,Asthma,107,25
119,120,P0120-8311-2,Ivan Kade,1983-11-17,41,Female,A+,22.0,"H.No. 15
Borra Chowk",571001,Healthy,73,81
120,121,P0121-5705-1,Pari Raju,1957-05-30,68,Male,O+,25.8,"H.No. 897, Loke Nagar",560101,Diabetes,111,32
121,122,P0122-7202-1,Amira Batra,1972-02-01,53,Male,O+,22.3,"16, Datta Nagar",560001,Sleep Apnea,76,1
122,123,P0123-4009-1,Pihu Kumar,1940-09-25,84,Male,O+,23.3,"70/27
Basak Circle",562004,Dementia,86,64
123,124,P0124-0012-2,Shamik Rao,2000-12-02,24,Female,A+,20.7,"H.No. 94, Soman Path",572003,Diabetes,60,93
124,125,P0125-7109-2,Jhanvi Dhar,1971-09-25,53,Female,O+,23.0,"67/525, Goda Marg",570001,Dementia,83,71
125,126,P0126-9305-1,Heer Gupta,1993-05-28,32,Male,A-,26.3,"462
Tella Street",572009,Epilepsy,116,99
126,127,P0127-8309-2,Anya Trivedi,1983-09-08,41,Female,O+,23.3,"06
Kulkarni Marg",560208,Asthma,86,49
127,128,P0128-6106-2,Damini Toor,1961-06-20,64,Female,O+,21.9,"75/612, Malhotra Street",561010,Epilepsy,72,60
128,129,P0129-6709-2,Armaan Tella,1967-09-11,57,Female,AB+,25.5,"H.No. 958, Shenoy Circle",561010,Dementia,108,60
129,130,P0130-9105-2,Raunak Devan,1991-05-16,34,Female,O+,21.2,"10/06, Sunder Nagar",561004,Diabetes,65,54
130,131,P0131-6109-1,Nirvi Anne,1961-09-18,63,Male,O+,25.1,"91/45, Chauhan Street",570009,Healthy,104,79
131,132,P0132-0109-1,Nitara Gaba,2001-09-25,23,Male,A+,22.6,"880, Kaul Zila",560207,Epilepsy,79,48
132,133,P0133-5904-2,Shray Majumdar,1959-04-09,66,Female,A+,23.8,"429
Sahni Chowk",560027,Depression,91,27
133,134,P0134-9509-2,Prisha Venkataraman,1995-09-28,29,Female,AB+,22.7,"H.No. 708, Bhatnagar Circle",572001,Heart Disease,80,91
134,135,P0135-6610-2,Zaina Yadav,1966-10-26,58,Female,A+,25.6,"568
Krishna",560204,Epilepsy,109,45
135,136,P0136-9712-2,Vanya Dixit,1997-12-30,27,Female,AB+,22.0,"H.No. 014, Saxena Chowk",560109,Asthma,73,40
136,137,P0137-8212-1,Tiya Tank,1982-12-18,42,Male,O+,23.9,"97, Jani Road",560004,Heart Disease,92,4
137,138,P0138-5407-2,Trisha Khare,1954-07-10,71,Female,A-,24.8,"H.No. 16
Ramakrishnan Chowk",562006,Hypertension,101,66
138,139,P0139-9412-2,Anahita Acharya,1994-12-28,30,Female,O-,24.1,"43/440
Comar Path",572005,Sleep Apnea,94,95
139,140,P0140-6011-2,Ranbir Shroff,1960-11-23,64,Female,O-,24.0,"14, Sagar Ganj",560200,Dementia,93,41
140,141,P0141-9305-1,Nishith Wadhwa,1993-05-24,32,Male,AB+,23.2,"09, Dhingra",561004,Dementia,85,54
141,142,P0142-5508-1,Abram Khurana,1955-08-16,69,Male,O+,22.4,"H.No. 149, Ben Nagar",571001,Heart Disease,77,81
142,143,P0143-7404-2,Alia Walla,1974-04-12,51,Female,O+,22.3,"523, Dass Street",560017,Depression,76,17
143,144,P0144-5003-2,Bhavin Doctor,1950-03-07,75,Female,B+,22.2,"49/31, Walia Path",560102,Hypertension,75,33
144,145,P0145-9211-1,Vritika Sandal,1992-11-02,32,Male,A+,28.7,"H.No. 873
Tank Street",570007,Dementia,140,77
145,146,P0146-9411-2,Nakul Dani,1994-11-12,30,Female,B+,23.4,"H.No. 45
Shan Zila",572009,Heart Disease,87,99
146,147,P0147-9801-1,Drishya Sura,1998-01-29,27,Male,B-,24.0,"H.No. 476
Tailor",560025,Epilepsy,93,25
147,148,P0148-4111-2,Mishti Majumdar,1941-11-12,83,Female,O+,19.2,"73/338
Gopal Circle",572002,Asthma,45,92
148,149,P0149-8402-1,Mannat Goyal,1984-02-21,41,Male,B-,23.2,"H.No. 789, Shetty Circle",562001,Diabetes,85,61
149,150,P0150-9709-1,Advika Srinivasan,1997-09-28,27,Male,AB+,25.0,"42/58, Behl Path",560020,Heart Disease,103,20
150,151,P0151-5102-2,Gokul Babu,1951-02-04,74,Female,A-,24.0,"92, Shenoy Marg",571006,Asthma,93,86
151,152,P0152-6811-2,Jivika Gopal,1968-11-04,56,Female,O-,27.9,"377, Malhotra Zila",561010,Hypertension,132,60
152,153,P0153-5410-1,Alia Kohli,1954-10-30,70,Male,O+,25.8,"H.No. 437, Magar Chowk",560024,Gout,111,24
153,154,P0154-0112-2,Kimaya Tata,2001-12-23,23,Female,AB+,28.1,"00, Bhatt Zila",560016,Sleep Apnea,134,16
154,155,P0155-9909-2,Jayesh Mandal,1999-09-06,25,Female,A-,21.5,"H.No. 12
Bansal Marg",571008,Dementia,68,88
155,156,P0156-6104-2,Akarsh Madan,1961-04-18,64,Female,B+,24.0,"H.No. 117
Chana Circle",560106,Diabetes,93,37
156,157,P0157-4811-1,Shaan Dora,1948-11-15,76,Male,AB+,24.1,"H.No. 56, Chander Circle",571010,Depression,94,90
157,158,P0158-6202-2,Indranil Bawa,1962-02-12,63,Female,O+,22.5,"27/057
Baria Road",560010,Gout,78,10
158,159,P0159-4901-1,Saanvi Krish,1949-01-25,76,Male,O+,23.9,"H.No. 04
Wali Nagar",560022,Dementia,92,22
159,160,P0160-7110-2,Jhanvi Singhal,1971-10-15,53,Female,B+,28.4,"611
Walia Zila",560005,Heart Disease,137,5
160,161,P0161-0002-1,Lakshit Chad,2000-02-10,25,Male,B-,23.6,"35, Deshmukh Nagar",560107,Osteoporosis,89,38
161,162,P0162-5905-2,Dishani Kanda,1959-05-07,66,Female,O+,21.7,"H.No. 53
Chopra",561004,Osteoporosis,70,54
162,163,P0163-7102-1,Mohanlal Kurian,1971-02-26,54,Male,B+,21.3,"H.No. 186
Keer Street",572006,Depression,66,96
163,164,P0164-9309-2,Divit Kala,1993-09-11,31,Female,O+,23.4,"67
Varty Chowk",560020,Sleep Apnea,87,20
164,165,P0165-6111-2,Aaina Walla,1961-11-01,63,Female,O+,25.9,"67, Amble Path",560201,Dementia,112,42
165,166,P0166-7606-1,Mahika Ghose,1976-06-24,49,Male,B+,25.5,"H.No. 94, Andra Marg",570005,Osteoporosis,108,75
166,167,P0167-7205-1,Romil Hora,1972-05-27,53,Male,B-,23.6,"67
Badal Chowk",572002,Dementia,89,92
167,168,P0168-8804-2,Lagan Savant,1988-04-09,37,Female,O+,19.3,"92, Rout Path",562006,Healthy,46,66
168,169,P0169-4201-1,Drishya Gour,1942-01-10,83,Male,B+,21.1,"92/49
Desai",570005,Hypertension,64,75
169,170,P0170-5506-1,Shaan Bhalla,1955-06-02,70,Male,O+,26.4,"37, Dhingra Nagar",560001,Healthy,117,1
170,171,P0171-4707-2,Biju Som,1947-07-21,78,Female,O+,24.9,"59/381
Hayre Chowk",570003,Hypertension,102,73
171,172,P0172-4304-2,Anahi Sem,1943-04-05,82,Female,O-,25.7,"88, Karnik",572007,Healthy,110,97
172,173,P0173-9802-2,Shalv Dhar,1998-02-27,27,Female,B-,19.8,"58/181, Kari Chowk",560205,Hypertension,51,46
173,174,P0174-6807-2,Jiya Dalal,1968-07-08,57,Female,B-,26.0,"52/981
Barad Circle",570008,Osteoporosis,113,78
174,175,P0175-6805-1,Purab Ghosh,1968-05-22,57,Male,O+,25.6,"H.No. 79, Krishna",571008,Dementia,109,88
175,176,P0176-4807-2,Kiara Lall,1948-07-24,76,Female,O+,23.9,"H.No. 20
Chopra Path",562005,Epilepsy,92,65
176,177,P0177-4106-2,Riya Date,1941-06-16,84,Female,B+,25.3,"H.No. 61, Rao Path",560010,Depression,106,10
177,178,P0178-6509-2,Nirvi Balan,1965-09-13,59,Female,B-,25.4,"23/559
Bhatti",571002,Heart Disease,107,82
178,179,P0179-7311-2,Saksham Sibal,1973-11-21,51,Female,O+,23.0,"H.No. 471
Chana Circle",560016,Diabetes,83,16
179,180,P0180-8312-2,Vaibhav Bhat,1983-12-26,41,Female,A+,26.9,"15/82, Sura Path",561005,Gout,122,55
180,181,P0181-0112-1,Samiha Dave,2001-12-29,23,Male,O+,26.9,"795
Kar Street",560208,Gout,122,49
181,182,P0182-9402-2,Fateh Bhardwaj,1994-02-28,31,Female,O+,23.5,"24, Tandon Nagar",572003,Dementia,88,93
182,183,P0183-5809-2,Keya Zacharia,1958-09-04,66,Female,A+,24.2,"92/691, Ravi Marg",560005,Asthma,95,5
183,184,P0184-6311-2,Mehul Lanka,1963-11-10,61,Female,O-,22.6,"23/087, Kala Nagar",560003,Osteoporosis,79,3
184,185,P0185-7211-1,Trisha Bandi,1972-11-22,52,Male,A+,21.7,"H.No. 24, Borra Road",560019,Healthy,70,19
185,186,P0186-8911-2,Ojas Dasgupta,1989-11-07,35,Female,B-,27.2,"54/36
Varma Chowk",560014,Gout,125,14
186,187,P0187-7908-1,Ivana Krishnamurthy,1979-08-22,45,Male,A+,22.3,"456, Chander Street",570002,Depression,76,72
187,188,P0188-6510-2,Nitya Dhillon,1965-10-31,59,Female,O+,22.8,"290, Badal Street",572003,Asthma,81,93
188,189,P0189-8408-2,Tara Srinivasan,1984-08-27,40,Female,AB+,23.3,"399, Balay Circle",560200,Osteoporosis,86,41
189,190,P0190-5809-2,Vedika Basu,1958-09-29,66,Female,O+,23.4,"41
Dalal Circle",560001,Healthy,87,1
190,191,P0191-4712-1,Rasha Bobal,1947-12-30,77,Male,O+,24.6,"97/850
Chaudry Zila",560028,Hypertension,99,28
191,192,P0192-6304-2,Samaira Kota,1963-04-27,62,Female,B+,24.3,"H.No. 224, Anand Chowk",560202,Hypertension,96,43
192,193,P0193-7410-1,Hunar Lal,1974-10-14,50,Male,A+,23.5,"71/612, Barad Chowk",560101,Osteoporosis,88,32
193,194,P0194-7711-2,Nirvi Bora,1977-11-20,47,Female,O+,24.4,"259
Subramanian Road",560108,Osteoporosis,97,39
194,195,P0195-9203-2,Trisha Grewal,1992-03-20,33,Female,O+,25.3,"H.No. 25
Barad Marg",560024,Sleep Apnea,106,24
195,196,P0196-0308-1,Pranay Bhat,2003-08-19,21,Male,O+,24.6,"955, Acharya Marg",562007,Asthma,99,67
196,197,P0197-5901-1,Adira Deo,1959-01-08,66,Male,B-,24.8,"542
Rajan Road",562010,Gout,101,70
197,198,P0198-7305-2,Anvi Ravel,1973-05-08,52,Female,A-,20.3,"82
Rajagopalan Nagar",561007,Heart Disease,56,57
198,199,P0199-9502-1,Yuvraj  Lad,1995-02-21,30,Male,AB+,25.5,"10/648
Subramanian Nagar",560100,Gout,108,31
199,200,P0200-7308-2,Aaina Kota,1973-08-25,51,Female,O+,25.0,"39/744, Gandhi Chowk",560024,Depression,103,24
200,201,P0201-5909-2,Pranay Bail,1959-09-08,65,Female,B-,19.7,"62/22, Wason Zila",570001,Hypertension,50,71
201,202,P0202-0211-1,Zain Lata,2002-11-18,22,Male,AB+,21.9,"81/113, Johal Road",562008,Asthma,72,68
202,203,P0203-4207-2,Drishya Lal,1942-07-27,82,Female,B+,25.3,"29/79, Basak Nagar",572002,Hypertension,106,92
203,204,P0204-8601-2,Pari Warrior,1986-01-30,39,Female,O+,23.4,"515
Deo Zila",560009,Healthy,87,9
204,205,P0205-9510-2,Himmat Butala,1995-10-27,29,Female,O-,22.1,"07, Suresh Path",560105,Epilepsy,74,36
205,206,P0206-4305-1,Pihu Viswanathan,1943-05-05,82,Male,B+,25.6,"13, Majumdar Path",570001,Heart Disease,109,71
206,207,P0207-9107-2,Keya Chana,1991-07-06,34,Female,AB+,23.1,"21
Kale Ganj",571009,Gout,84,89
207,208,P0208-7706-2,Urvi Apte,1977-06-02,48,Female,A-,24.5,"H.No. 466, Ramachandran Nagar",570005,Gout,98,75
208,209,P0209-4607-2,Diya Thaker,1946-07-27,78,Female,B-,26.4,"94
Tiwari Circle",560204,Healthy,117,45
209,210,P0210-5208-2,Seher Sahota,1952-08-19,72,Female,B+,24.7,"H.No. 624, Bains Road",560203,Osteoporosis,100,44
210,211,P0211-4511-2,Hazel Gandhi,1945-11-16,79,Female,O+,22.2,"93
Bhasin Path",560202,Gout,75,43
211,212,P0212-8710-1,Vanya Verma,1987-10-26,37,Male,A+,24.3,"72/957, Raval Path",560026,Diabetes,96,26
212,213,P0213-7010-1,Trisha Garg,1970-10-09,54,Male,O+,24.7,"24/884
Dora Nagar",560109,Heart Disease,100,40
213,214,P0214-8306-2,Vritika Malhotra,1983-06-03,42,Female,B+,21.6,"45/712, Khanna Street",560014,Depression,69,14
214,215,P0215-6601-2,Kartik Bains,1966-01-27,59,Female,A+,23.0,"H.No. 903, Sachdeva Path",560205,Gout,83,46
215,216,P0216-4107-1,Sana Barad,1941-07-16,84,Male,O+,22.5,"63/13, Babu Ganj",560102,Heart Disease,78,33
216,217,P0217-6608-1,Hridaan Rajagopal,1966-08-02,58,Male,O+,20.8,"94
Sidhu Path",562009,Depression,61,69
217,218,P0218-8812-2,Taimur Sastry,1988-12-25,36,Female,B+,22.9,"H.No. 354
Dyal Zila",561005,Osteoporosis,82,55
218,219,P0219-9501-1,Mishti Gera,1995-01-31,30,Male,A+,27.4,"H.No. 159
Batta Street",561007,Epilepsy,127,57
219,220,P0220-0002-2,Bhamini Shetty,2000-02-27,25,Female,B+,26.2,"H.No. 029, Mani Zila",560009,Gout,115,9
220,221,P0221-6911-2,Hunar Kashyap,1969-11-29,55,Female,B-,21.9,"H.No. 35, Agate Marg",562008,Depression,72,68
221,222,P0222-5005-1,Umang Bobal,1950-05-17,75,Male,A+,24.2,"11/424, Walla Path",560011,Healthy,95,11
222,223,P0223-8104-1,Ishita Mahal,1981-04-18,44,Male,O+,26.6,"67/30, Krishna Path",561008,Heart Disease,119,58
223,224,P0224-4208-2,Nayantara Bhatti,1942-08-09,82,Female,O-,23.1,"H.No. 98, Bhatt Ganj",562009,Dementia,84,69
224,225,P0225-5807-2,Azad Dhaliwal,1958-07-07,67,Female,A+,21.9,"H.No. 440, Choudhury Circle",570008,Asthma,72,78
225,226,P0226-4805-2,Yashvi Banik,1948-05-26,77,Female,A+,23.6,"311, Sarma Chowk",561001,Healthy,89,51
226,227,P0227-6101-2,Devansh Vohra,1961-01-24,64,Female,A-,23.9,"53, Bhandari Circle",560011,Sleep Apnea,92,11
227,228,P0228-5711-1,Amani Thaker,1957-11-10,67,Male,B+,21.6,"16/795
Amble",560016,Sleep Apnea,69,16
228,229,P0229-5007-1,Mahika Sandal,1950-07-08,75,Male,O-,23.9,"H.No. 38
Singh Chowk",561005,Sleep Apnea,92,55
229,230,P0230-5808-1,Kiara Luthra,1958-08-16,66,Male,O+,22.6,"09, Chaudry Marg",570008,Epilepsy,79,78
230,231,P0231-9905-1,Azad Dhaliwal,1999-05-09,26,Male,B+,24.0,"98/509
Rastogi Ganj",570004,Healthy,93,74
231,232,P0232-0410-1,Saksham Devan,2004-10-09,20,Male,A+,22.5,"H.No. 55, Deshpande Ganj",560107,Asthma,78,38
232,233,P0233-8005-2,Ivana Kala,1980-05-19,45,Female,O-,23.3,"608, Zachariah Nagar",560030,Heart Disease,86,30
233,234,P0234-7405-1,Himmat Tailor,1974-05-18,51,Male,A+,19.1,"520, Manne Marg",572007,Dementia,44,97
234,235,P0235-0209-2,Lavanya Varty,2002-09-16,22,Female,O+,23.6,"096
Salvi Marg",560006,Dementia,89,6
235,236,P0236-4902-2,Bhavin Ramanathan,1949-02-17,76,Female,A+,23.3,"86/053
Banik Path",560003,Depression,86,3
236,237,P0237-7505-1,Jiya Buch,1975-05-17,50,Male,O+,27.6,"H.No. 31, Khurana Circle",562001,Gout,129,61
237,238,P0238-4504-1,Zoya Handa,1945-04-03,80,Male,O-,26.0,"543
Manda",560105,Heart Disease,113,36
238,239,P0239-0504-1,Tara Sethi,2005-04-22,20,Male,O-,23.9,"H.No. 71
Lanka",560207,Dementia,92,48
239,240,P0240-7711-1,Khushi Agarwal,1977-11-28,47,Male,B+,22.8,"H.No. 135
Divan Ganj",561001,Dementia,81,51
240,241,P0241-6702-1,Anahi Dyal,1967-02-28,58,Male,O-,22.4,"31/491, Atwal Chowk",560208,Diabetes,77,49
241,242,P0242-6811-1,Tanya Kashyap,1968-11-25,56,Male,O+,21.8,"58/753, Sarkar Circle",560105,Epilepsy,71,36
242,243,P0243-5302-1,Tiya Keer,1953-02-18,72,Male,B+,24.7,"538
Roy Zila",571004,Osteoporosis,100,84
243,244,P0244-8703-2,Dhanush Loke,1987-03-15,38,Female,B+,25.7,"325, Vora Circle",560108,Epilepsy,110,39
244,245,P0245-5502-2,Indranil Sarna,1955-02-28,70,Female,O+,24.9,"H.No. 706
Vora Zila",560203,Depression,102,44
245,246,P0246-6412-2,Kiaan Sem,1964-12-17,60,Female,O-,22.0,"66/559
Solanki Chowk",562008,Depression,73,68
246,247,P0247-7708-1,Aradhya Chanda,1977-08-09,47,Male,A+,21.3,"H.No. 248
Bahl Chowk",560108,Diabetes,66,39
247,248,P0248-0308-1,Ivana Sabharwal,2003-08-06,21,Male,AB+,22.8,"16/977, Wason Path",560020,Heart Disease,81,20
248,249,P0249-4405-1,Miraya Bava,1944-05-26,81,Male,B+,23.8,"25, Shenoy Path",570009,Sleep Apnea,91,79
249,250,P0250-8503-2,Advika Behl,1985-03-16,40,Female,O+,23.8,"H.No. 04, Bakshi Ganj",570005,Hypertension,91,75
250,251,P0251-9404-1,Ela Dayal,1994-04-12,31,Male,A+,24.4,"H.No. 289, Thakur Nagar",572006,Hypertension,97,96
251,252,P0252-7409-1,Mohanlal Thaman,1974-09-06,50,Male,B+,23.8,"779
Shah Zila",562002,Hypertension,91,62
252,253,P0253-9009-1,Piya Guha,1990-09-17,34,Male,B-,20.7,"15, Samra Circle",572009,Dementia,60,99
253,254,P0254-4701-1,Nakul Rout,1947-01-23,78,Male,AB+,23.6,"H.No. 025, Agrawal Nagar",562001,Healthy,89,61
254,255,P0255-5502-1,Tushar Chokshi,1955-02-11,70,Male,O+,23.5,"H.No. 040
Sidhu Road",560018,Epilepsy,88,18
255,256,P0256-5108-1,Ahana  Ray,1951-08-09,73,Male,B+,21.9,"H.No. 24, Lalla Marg",561001,Gout,72,51
256,257,P0257-9405-1,Indranil Kala,1994-05-15,31,Male,B-,24.0,"79
Andra Circle",560010,Osteoporosis,93,10
257,258,P0258-4510-2,Tiya Kumar,1945-10-03,79,Female,A+,25.8,"H.No. 30, Gupta Nagar",562005,Depression,111,65
258,259,P0259-9010-1,Manikya Anne,1990-10-28,34,Male,B+,23.2,"449, Saraf Path",560026,Heart Disease,85,26
259,260,P0260-6106-1,Ela Krish,1961-06-07,64,Male,O+,26.4,"78/35
Chad Zila",562001,Heart Disease,117,61
260,261,P0261-8406-1,Yashvi Gara,1984-06-07,41,Male,AB+,22.6,"75, Mannan Marg",561008,Hypertension,79,58
261,262,P0262-4505-1,Miraya Sura,1945-05-30,80,Male,O+,22.1,"71/85, Tank Street",561008,Heart Disease,74,58
262,263,P0263-4709-2,Damini Sha,1947-09-16,77,Female,O+,23.1,"93/74
Mane Chowk",560206,Osteoporosis,84,47
263,264,P0264-8012-2,Mamooty Upadhyay,1980-12-04,44,Female,O+,25.8,"94/792, Kari Circle",561007,Epilepsy,111,57
264,265,P0265-8107-2,Jivika Ram,1981-07-15,43,Female,O+,25.0,"H.No. 30, Bhatti",560005,Depression,103,5
265,266,P0266-5902-1,Aniruddh Anand,1959-02-11,66,Male,O+,23.3,"65/286
Bhavsar Path",560103,Depression,86,34
266,267,P0267-8701-2,Reyansh Dara,1987-01-02,38,Female,B-,24.3,"H.No. 25, Kale Chowk",560104,Diabetes,96,35
267,268,P0268-8711-1,Akarsh Bhattacharyya,1987-11-03,37,Male,O+,25.1,"12
Srinivas Street",560200,Epilepsy,104,41
268,269,P0269-8412-2,Krish Chaudhari,1984-12-27,40,Female,O+,27.6,"869, Bawa",560106,Diabetes,129,37
269,270,P0270-7906-1,Tiya Raju,1979-06-12,46,Male,A-,24.2,"14/874, Sabharwal Marg",560024,Asthma,95,24
270,271,P0271-8802-1,Indranil Goswami,1988-02-20,37,Male,O-,26.4,"42/46
Acharya Marg",561004,Osteoporosis,117,54
271,272,P0272-9912-1,Priyansh Singh,1999-12-08,25,Male,O+,27.2,"54
Samra Marg",572002,Healthy,125,92
272,273,P0273-7207-2,Suhana Borde,1972-07-06,53,Female,A+,26.8,"02/923, Warrior Zila",562002,Sleep Apnea,121,62
273,274,P0274-9306-1,Alisha Kannan,1993-06-17,32,Male,AB+,22.2,"H.No. 989, Balasubramanian Ganj",570005,Osteoporosis,75,75
274,275,P0275-7103-2,Alia Butala,1971-03-03,54,Female,B+,23.4,"857, Rama Chowk",562007,Depression,87,67
275,276,P0276-8011-2,Akarsh Yogi,1980-11-02,44,Female,O+,22.1,"H.No. 321, Karnik Circle",560023,Gout,74,23
276,277,P0277-4112-1,Shalv Sura,1941-12-25,83,Male,O+,27.4,"128
Srivastava Circle",571010,Heart Disease,127,90
277,278,P0278-4307-2,Nehmat Sengupta,1943-07-05,82,Female,O+,26.2,"64
Bhatia Circle",560103,Hypertension,115,34
278,279,P0279-9001-1,Raunak Dasgupta,1990-01-23,35,Male,O+,23.1,"89/180, Bhatnagar Marg",572006,Heart Disease,84,96
279,280,P0280-0303-1,Gatik Mall,2003-03-01,22,Male,A+,27.5,"35/03, Trivedi Ganj",560003,Depression,128,3
280,281,P0281-6310-1,Vardaniya Kaur,1963-10-22,61,Male,A-,23.5,"H.No. 334, Dutta Zila",560023,Osteoporosis,88,23
281,282,P0282-7506-1,Mannat Kapur,1975-06-30,50,Male,B+,22.8,"46/399, Doctor Nagar",560206,Dementia,81,47
282,283,P0283-7011-1,Myra Wali,1970-11-26,54,Male,A+,25.7,"57/01
Dubey Circle",572003,Hypertension,110,93
283,284,P0284-5412-2,Prerak Das,1954-12-13,70,Female,A+,24.5,"30
Kamdar Circle",560202,Gout,98,43
284,285,P0285-8907-1,Siya Aggarwal,1989-07-05,36,Male,B-,24.8,"417
Chakrabarti Circle",562006,Hypertension,101,66
285,286,P0286-0407-2,Vidur Sem,2004-07-16,20,Female,O-,22.0,"111, Anand Street",560206,Asthma,73,47
286,287,P0287-0106-1,Aarav Jayaraman,2001-06-08,24,Male,O+,26.3,"H.No. 23
Sarma Ganj",560105,Dementia,116,36
287,288,P0288-8006-2,Urvi Sagar,1980-06-23,45,Female,B+,23.6,"90, Kannan Street",560105,Healthy,89,36
288,289,P0289-7101-2,Abram Rattan,1971-01-29,54,Female,O-,25.2,"H.No. 22, Goswami Circle",560108,Heart Disease,105,39
289,290,P0290-0103-2,Ahana  Samra,2001-03-08,24,Female,O+,25.7,"21/88
Kuruvilla Road",562006,Gout,110,66
290,291,P0291-0403-2,Dhanuk Raj,2004-03-27,21,Female,O-,23.0,"548, Ramakrishnan",571009,Gout,83,89
291,292,P0292-4710-2,Riaan Srinivasan,1947-10-11,77,Female,A-,19.8,"30/994, Chakraborty Nagar",570002,Asthma,51,72
292,293,P0293-9112-2,Amani Dhillon,1991-12-02,33,Female,O+,24.1,"17/99, Tailor Nagar",570005,Diabetes,94,75
293,294,P0294-7810-1,Ayesha Ghose,1978-10-02,46,Male,A-,24.7,"05/849, Hegde Ganj",561002,Epilepsy,100,52
294,295,P0295-5601-2,Kavya Mand,1956-01-21,69,Female,O+,22.3,"H.No. 321
Bajaj Chowk",560021,Diabetes,76,21
295,296,P0296-7310-2,Jayan Wali,1973-10-19,51,Female,B-,24.4,"088
Bal Circle",562007,Sleep Apnea,97,67
296,297,P0297-6907-2,Lakshay Kala,1969-07-09,56,Female,B+,22.6,"H.No. 28, Arya Nagar",560101,Epilepsy,79,32
297,298,P0298-4304-1,Sara Kohli,1943-04-04,82,Male,A-,23.0,"059, Samra Circle",561003,Asthma,83,53
298,299,P0299-8805-2,Vanya Bhagat,1988-05-06,37,Female,O-,23.9,"H.No. 219
Seth",560029,Depression,92,29
299,300,P0300-4802-1,Rasha Borra,1948-02-24,77,Male,O+,19.0,"H.No. 927, Jani Marg",562004,Gout,43,64
300,301,P0301-5411-1,Hansh Grover,1954-11-01,70,Male,A-,26.6,"04/831
Virk Chowk",571005,Hypertension,119,85
301,302,P0302-6311-1,Vritika Sawhney,1963-11-13,61,Male,O+,22.5,"17
Sekhon Nagar",560019,Gout,78,19
302,303,P0303-7509-1,Madhav Chakraborty,1975-09-27,49,Male,B-,23.3,"11/49
Dhingra Ganj",560208,Healthy,86,49
303,304,P0304-8209-2,Aayush Sridhar,1982-09-22,42,Female,AB+,27.3,"34
Chauhan Street",560108,Dementia,126,39
304,305,P0305-6504-2,Samiha Gandhi,1965-04-07,60,Female,A+,24.5,"55/700, Chaudhary Nagar",571007,Heart Disease,98,87
305,306,P0306-5204-1,Priyansh Bora,1952-04-04,73,Male,AB+,23.0,"H.No. 26
Rau Path",560021,Depression,83,21
306,307,P0307-4407-2,Nishith Sunder,1944-07-17,81,Female,A-,26.4,"H.No. 876, Saxena Zila",560101,Epilepsy,117,32
307,308,P0308-9710-2,Dhanush Loyal,1997-10-28,27,Female,O-,23.6,"H.No. 524
Wali Circle",560001,Asthma,89,1
308,309,P0309-4412-2,Advik Sampath,1944-12-06,80,Female,A+,23.4,"240, Sinha Chowk",570002,Dementia,87,72
309,310,P0310-8510-2,Hridaan Kaur,1985-10-26,39,Female,O-,27.0,"H.No. 28
Manne Nagar",570001,Osteoporosis,123,71
310,311,P0311-8410-1,Drishya Manda,1984-10-22,40,Male,O-,20.7,"00
Sagar Path",560009,Heart Disease,60,9
311,312,P0312-5407-2,Faiyaz Shere,1954-07-31,70,Female,O+,25.7,"77/560, Bora",560024,Heart Disease,110,24
312,313,P0313-4010-2,Ayesha Kuruvilla,1940-10-31,84,Female,O+,24.3,"H.No. 75
Ray Chowk",570006,Asthma,96,76
313,314,P0314-6105-2,Mishti Shah,1961-05-28,64,Female,O-,22.4,"39/047
Rau Nagar",572005,Hypertension,77,95
314,315,P0315-6603-1,Hrishita Das,1966-03-21,59,Male,O+,20.9,"H.No. 33
Ghosh Chowk",572007,Hypertension,62,97
315,316,P0316-7304-2,Akarsh Comar,1973-04-01,52,Female,B+,23.9,"61, Dhar Chowk",560202,Sleep Apnea,92,43
316,317,P0317-8702-1,Gatik Vala,1987-02-14,38,Male,B+,26.9,"17/87, Walla Marg",560101,Osteoporosis,122,32
317,318,P0318-8104-1,Ivana Saxena,1981-04-23,44,Male,A-,28.9,"67/11, Choudhary Circle",560027,Asthma,142,27
318,319,P0319-6003-2,Saira Ramaswamy,1960-03-11,65,Female,A-,25.2,"85/11
Kari",560102,Healthy,105,33
319,320,P0320-9703-2,Advik Lala,1997-03-05,28,Female,B+,23.7,"973
Bera Circle",572010,Epilepsy,90,100
320,321,P0321-8310-2,Mannat Shukla,1983-10-16,41,Female,AB+,25.5,"H.No. 702, Subramaniam Marg",560101,Osteoporosis,108,32
321,322,P0322-4207-1,Jiya Sarna,1942-07-25,82,Male,A+,24.6,"H.No. 28
Kapadia Circle",561004,Healthy,99,54
322,323,P0323-8005-2,Neelofar Badal,1980-05-05,45,Female,O+,25.7,"61/32, Verma Street",560030,Gout,110,30
323,324,P0324-6509-2,Adira Bora,1965-09-20,59,Female,B+,21.1,"H.No. 24, Bala Street",560001,Epilepsy,64,1
324,325,P0325-9304-1,Lakshit Manda,1993-04-06,32,Male,O+,26.9,"H.No. 081
Sarin Street",561010,Depression,122,60
325,326,P0326-7108-1,Anika Mallick,1971-08-12,53,Male,O+,27.9,"26/515, Kapur Circle",562008,Dementia,132,68
326,327,P0327-5612-1,Himmat Kakar,1956-12-13,68,Male,O+,25.1,"925
Chaudhary Road",572009,Depression,104,99
327,328,P0328-8605-1,Miraan Kapadia,1986-05-25,39,Male,O+,25.0,"H.No. 87
Bakshi Path",562009,Gout,103,69
328,329,P0329-6011-2,Ela Dugal,1960-11-27,64,Female,B+,25.1,"74, Jani Road",561003,Depression,104,53
329,330,P0330-8807-2,Nirvaan Kapur,1988-07-07,37,Female,A-,23.9,"942, Tella Path",560106,Asthma,92,37
330,331,P0331-9909-2,Jayesh Chakrabarti,1999-09-27,25,Female,B-,21.6,"51/98, Bedi Path",560202,Dementia,69,43
331,332,P0332-0402-1,Vanya Devan,2004-02-24,21,Male,O+,27.9,"H.No. 31
Bobal Circle",562010,Heart Disease,132,70
332,333,P0333-4610-2,Riya Barad,1946-10-26,78,Female,O+,22.4,"H.No. 77, Choudhary Chowk",570010,Hypertension,77,80
333,334,P0334-8211-2,Madhup Ramachandran,1982-11-20,42,Female,O+,23.2,"H.No. 568
Soni Marg",560029,Hypertension,85,29
334,335,P0335-4006-2,Siya Ratta,1940-06-20,85,Female,AB+,20.8,"74/06, Vora Street",572005,Heart Disease,61,95
335,336,P0336-9301-2,Madhup Devan,1993-01-16,32,Female,O+,24.3,"H.No. 21
Bal Nagar",562010,Asthma,96,70
336,337,P0337-4904-2,Nehmat Bera,1949-04-18,76,Female,O+,24.6,"H.No. 48, Golla Marg",571005,Heart Disease,99,85
337,338,P0338-8604-2,Veer Viswanathan,1986-04-14,39,Female,B+,24.3,"52/911, Dave Ganj",562004,Diabetes,96,64
338,339,P0339-8208-2,Myra Edwin,1982-08-17,42,Female,O+,26.8,"12/68
Yogi Street",561008,Hypertension,121,58
339,340,P0340-5110-1,Kiara Golla,1951-10-29,73,Male,O+,21.7,"H.No. 30, Varughese Ganj",570009,Healthy,70,79
340,341,P0341-4610-1,Kabir Tandon,1946-10-02,78,Male,O+,24.7,"44, Raval Path",562001,Depression,100,61
341,342,P0342-6604-2,Drishya Date,1966-04-10,59,Female,O+,27.5,"H.No. 475, Solanki",570009,Epilepsy,128,79
342,343,P0343-7103-1,Indrajit Borah,1971-03-09,54,Male,B+,26.0,"H.No. 18, Babu Chowk",560206,Osteoporosis,113,47
343,344,P0344-4210-2,Jayesh Mand,1942-10-23,82,Female,O+,23.6,"H.No. 38
Sura Chowk",560103,Asthma,89,34
344,345,P0345-7206-2,Faiyaz Balakrishnan,1972-06-22,53,Female,O+,24.0,"78/48, Saha Ganj",560208,Healthy,93,49
345,346,P0346-6605-2,Elakshi Dave,1966-05-30,59,Female,B+,23.2,"H.No. 840, Saini Road",572002,Sleep Apnea,85,92
346,347,P0347-9107-2,Baiju Sheth,1991-07-24,33,Female,A+,26.2,"66, Sankaran Marg",560019,Asthma,115,19
347,348,P0348-7708-1,Vivaan Sandhu,1977-08-13,47,Male,B+,21.9,"H.No. 003
Chawla Marg",560100,Gout,72,31
348,349,P0349-5206-1,Samaira Rattan,1952-06-13,73,Male,A+,25.5,"H.No. 512, Khanna Road",571009,Diabetes,108,89
349,350,P0350-5708-2,Yuvaan Bhardwaj,1957-08-24,67,Female,O+,23.8,"084
Dhillon Marg",561005,Asthma,91,55
350,351,P0351-7208-1,Anay Kala,1972-08-25,52,Male,O+,24.5,"57/044
Ram Marg",570007,Sleep Apnea,98,77
351,352,P0352-8401-1,Sahil Acharya,1984-01-09,41,Male,A+,25.2,"95/12, Rege",561009,Healthy,105,59
352,353,P0353-4101-1,Tanya Ganguly,1941-01-27,84,Male,A-,23.4,"021
Sethi Path",560030,Healthy,87,30
353,354,P0354-5508-1,Tarini Desai,1955-08-26,69,Male,AB+,22.7,"96, Sama Marg",561006,Diabetes,80,56
354,355,P0355-6608-1,Anay Chand,1966-08-08,58,Male,B+,27.4,"29/049, Dugar",560026,Asthma,127,26
355,356,P0356-9003-2,Jiya Majumdar,1990-03-12,35,Female,A+,25.2,"63, Deo Circle",560107,Epilepsy,105,38
356,357,P0357-9903-1,Shanaya Saxena,1999-03-25,26,Male,AB+,27.5,"H.No. 15, Bakshi Nagar",562005,Depression,128,65
357,358,P0358-4408-1,Sana Brahmbhatt,1944-08-04,80,Male,B+,23.8,"78, Rau Chowk",560102,Epilepsy,91,33
358,359,P0359-8602-2,Dharmajan Kade,1986-02-21,39,Female,A+,28.9,"60, Dara Zila",560204,Dementia,142,45
359,360,P0360-7601-1,Dishani Deol,1976-01-19,49,Male,A-,25.3,"H.No. 112, Soman Marg",570002,Depression,106,72
360,361,P0361-6904-2,Keya Tank,1969-04-29,56,Female,B+,25.1,"H.No. 276, Dar Marg",571010,Sleep Apnea,104,90
361,362,P0362-8105-2,Rhea Raju,1981-05-09,44,Female,A+,25.7,"H.No. 51, Virk Marg",560021,Epilepsy,110,21
362,363,P0363-0310-1,Neelofar Chander,2003-10-21,21,Male,A+,22.1,"91/707
Dhawan",560007,Gout,74,7
363,364,P0364-9610-1,Mishti Grewal,1996-10-06,28,Male,A-,25.1,"H.No. 54, Kara Marg",560016,Sleep Apnea,104,16
364,365,P0365-7212-1,Romil Sandhu,1972-12-16,52,Male,B-,22.4,"23
Sahni Ganj",572004,Sleep Apnea,77,94
365,366,P0366-9807-2,Yuvaan Dua,1998-07-04,27,Female,B+,24.1,"14/84, Doctor Marg",560020,Diabetes,94,20
366,367,P0367-7803-1,Baiju Gopal,1978-03-09,47,Male,A-,25.9,"H.No. 311
Balasubramanian Nagar",560023,Epilepsy,112,23
367,368,P0368-6208-1,Darshit Dada,1962-08-21,62,Male,A-,22.9,"36
Gandhi Path",562004,Osteoporosis,82,64
368,369,P0369-9608-2,Ritvik Rattan,1996-08-10,28,Female,O+,26.0,"54, Anne Street",560105,Gout,113,36
369,370,P0370-5310-2,Neysa Saran,1953-10-07,71,Female,O+,23.6,"47, Wali Nagar",560109,Healthy,89,40
370,371,P0371-0110-1,Uthkarsh Thakkar,2001-10-24,23,Male,A-,24.2,"320, Sarma Chowk",560100,Gout,95,31
371,372,P0372-0210-1,Tanya Raja,2002-10-25,22,Male,O+,24.8,"H.No. 573, Kuruvilla Path",560005,Sleep Apnea,101,5
372,373,P0373-5201-1,Vedika Bhardwaj,1952-01-11,73,Male,O-,23.2,"58/84
Sood Circle",570009,Diabetes,85,79
373,374,P0374-4603-1,Saanvi Dube,1946-03-17,79,Male,O+,19.8,"264, Kumar Path",561003,Dementia,51,53
374,375,P0375-5707-1,Kartik Wali,1957-07-24,67,Male,O+,23.1,"H.No. 98, Hans Path",560101,Sleep Apnea,84,32
375,376,P0376-8606-1,Hridaan Baria,1986-06-21,39,Male,B+,27.7,"98
Rajagopalan",572001,Asthma,130,91
376,377,P0377-6407-1,Inaaya  Kamdar,1964-07-20,60,Male,O-,22.4,"956
Borah Path",572005,Diabetes,77,95
377,378,P0378-7411-1,Dhruv Khurana,1974-11-24,50,Male,O+,21.6,"H.No. 365, Madan",560021,Asthma,69,21
378,379,P0379-9601-1,Aarush Gandhi,1996-01-29,29,Male,O-,22.2,"734
Tank Marg",560203,Healthy,75,44
379,380,P0380-5701-2,Ranbir Bava,1957-01-23,68,Female,A-,22.1,"89/65, Jhaveri Path",560016,Sleep Apnea,74,16
380,381,P0381-0103-2,Anika Mall,2001-03-10,24,Female,O+,27.2,"46/953
Kala Marg",570001,Depression,125,71
381,382,P0382-7102-2,Mahika Halder,1971-02-09,54,Female,O+,26.6,"61
Kaul Street",570005,Asthma,119,75
382,383,P0383-5906-2,Lagan Choudhry,1959-06-19,66,Female,B+,22.5,"146
Borra Marg",560022,Sleep Apnea,78,22
383,384,P0384-8006-2,Advik Jain,1980-06-12,45,Female,O-,26.7,"H.No. 86, Hari Road",562003,Healthy,120,63
384,385,P0385-6306-2,Tanya Dutt,1963-06-25,62,Female,O+,26.2,"82
Bawa",561010,Epilepsy,115,60
385,386,P0386-9803-1,Ishaan Bedi,1998-03-17,27,Male,O+,23.6,"63/980
Mandal Chowk",560105,Dementia,89,36
386,387,P0387-4910-2,Nehmat Sem,1949-10-01,75,Female,A-,22.7,"856
Krishna Chowk",560018,Osteoporosis,80,18
387,388,P0388-6403-2,Nirvi Gill,1964-03-19,61,Female,O+,22.2,"H.No. 12, Lal Chowk",560017,Depression,75,17
388,389,P0389-5408-1,Lavanya Ramakrishnan,1954-08-23,70,Male,A+,25.7,"44, Sharma Road",560010,Hypertension,110,10
389,390,P0390-5505-2,Samarth Comar,1955-05-15,70,Female,B+,19.7,"19/301, Sule Ganj",560201,Epilepsy,50,42
390,391,P0391-5006-1,Adah Sidhu,1950-06-12,75,Male,B+,21.5,"85
Brar Chowk",560202,Diabetes,68,43
391,392,P0392-7102-2,Zaina Talwar,1971-02-02,54,Female,B+,25.4,"H.No. 153, Amble Chowk",560103,Sleep Apnea,107,34
392,393,P0393-9102-1,Badal Tandon,1991-02-14,34,Male,O+,22.2,"86/844
Deshpande Path",572009,Heart Disease,75,99
393,394,P0394-5906-2,Pranay Ranganathan,1959-06-25,66,Female,O+,22.1,"802
Dora Chowk",571008,Healthy,74,88
394,395,P0395-4705-2,Heer Chaudhry,1947-05-05,78,Female,O+,27.6,"H.No. 92
Uppal Zila",560024,Sleep Apnea,129,24
395,396,P0396-6701-1,Vritika Devi,1967-01-27,58,Male,O+,24.2,"63/35, Srinivas Marg",560011,Heart Disease,95,11
396,397,P0397-0506-2,Hrishita Vasa,2005-06-25,20,Female,O+,23.4,"68
Raval Ganj",561001,Osteoporosis,87,51
397,398,P0398-6403-2,Yuvaan Devi,1964-03-09,61,Female,A+,25.5,"H.No. 197, Sule Zila",570004,Osteoporosis,108,74
398,399,P0399-8904-1,Aniruddh Mander,1989-04-01,36,Male,O+,26.9,"201
Bhavsar Path",560026,Heart Disease,122,26
399,400,P0400-7602-1,Shayak Baria,1976-02-28,49,Male,B+,22.6,"73/36
Borah",572001,Depression,79,91
400,401,P0401-0203-1,Arhaan Sood,2002-03-28,23,Male,B-,25.2,"H.No. 510
Mann Marg",560103,Depression,105,34
401,402,P0402-6203-2,Myra Sant,1962-03-23,63,Female,O+,21.3,"825
Kibe Zila",562004,Epilepsy,66,64
402,403,P0403-4303-1,Indrans Kannan,1943-03-09,82,Male,B+,26.6,"H.No. 423
Sehgal Nagar",560200,Gout,119,41
403,404,P0404-0106-2,Jayesh Arora,2001-06-12,24,Female,A+,24.7,"H.No. 200
Sehgal Path",560009,Healthy,100,9
404,405,P0405-4712-1,Rania Chandra,1947-12-13,77,Male,O+,23.5,"H.No. 426
Buch Street",560004,Heart Disease,88,4
405,406,P0406-7004-2,Kabir Krishnamurthy,1970-04-16,55,Female,A+,23.2,"20/083
Sarraf Street",570004,Heart Disease,85,74
406,407,P0407-4208-1,Azad Sankar,1942-08-20,82,Male,B+,23.3,"H.No. 429
Master Zila",560001,Epilepsy,86,1
407,408,P0408-5309-2,Onkar Kaur,1953-09-05,71,Female,O+,22.1,"H.No. 01
Mani",560018,Heart Disease,74,18
408,409,P0409-7302-1,Mannat Karpe,1973-02-21,52,Male,B+,24.2,"812
Gupta Chowk",560026,Epilepsy,95,26
409,410,P0410-6212-2,Dishani Rajan,1962-12-09,62,Female,O+,23.7,"H.No. 904
Babu Marg",560004,Healthy,90,4
410,411,P0411-9309-2,Hrishita Bajwa,1993-09-13,31,Female,O+,24.8,"001
Batta Ganj",561001,Diabetes,101,51
411,412,P0412-6903-2,Aradhya Varkey,1969-03-19,56,Female,O-,26.2,"47/69
Dar Chowk",560020,Diabetes,115,20
412,413,P0413-9009-1,Tiya Yohannan,1990-09-02,34,Male,O+,22.2,"H.No. 673
Dayal Street",562001,Sleep Apnea,75,61
413,414,P0414-5405-1,Raunak Soman,1954-05-13,71,Male,A+,26.0,"H.No. 382
Ahuja Marg",560207,Hypertension,113,48
414,415,P0415-8205-2,Tiya Sampath,1982-05-27,43,Female,AB+,24.0,"H.No. 61
Sehgal Path",560100,Dementia,93,31
415,416,P0416-0504-2,Mohanlal Bandi,2005-04-05,20,Female,O+,18.7,"422, Iyer Marg",562008,Depression,40,68
416,417,P0417-9602-1,Hansh Bajwa,1996-02-25,29,Male,A-,25.3,"990, Biswas Path",560206,Healthy,106,47
417,418,P0418-7902-1,Dhanush Divan,1979-02-26,46,Male,B+,28.2,"71/50
Raju",572010,Hypertension,135,100
418,419,P0419-5910-1,Akarsh Bal,1959-10-06,65,Male,B+,23.6,"508
Arya",572003,Osteoporosis,89,93
419,420,P0420-7701-2,Tushar Chaudhuri,1977-01-02,48,Female,O+,26.0,"98/316
Dhaliwal",561010,Osteoporosis,113,60
420,421,P0421-6602-1,Divij Soni,1966-02-20,59,Male,A+,19.5,"H.No. 364
Badal Street",560026,Osteoporosis,48,26
421,422,P0422-7501-2,Aaryahi Mall,1975-01-07,50,Female,O+,23.8,"73/972, Shetty Circle",560204,Asthma,91,45
422,423,P0423-0102-1,Rati Chakraborty,2001-02-28,24,Male,A+,25.5,"73/47, Chowdhury Street",562010,Dementia,108,70
423,424,P0424-5504-2,Damini Batta,1955-04-06,70,Female,B+,26.2,"H.No. 13
Sachdeva Circle",560200,Epilepsy,115,41
424,425,P0425-9409-2,Jayan Mangal,1994-09-11,30,Female,O+,29.3,"H.No. 276, Kashyap Chowk",560200,Sleep Apnea,146,41
425,426,P0426-6312-1,Kaira Goswami,1963-12-04,61,Male,AB+,24.2,"27/01, Ghosh Zila",572002,Heart Disease,95,92
426,427,P0427-0207-1,Nehmat D’Alia,2002-07-28,22,Male,O+,25.0,"H.No. 15, Rao Chowk",571004,Epilepsy,103,84
427,428,P0428-9108-1,Mannat Reddy,1991-08-21,33,Male,O+,19.8,"48/432
Sampath Nagar",561007,Epilepsy,51,57
428,429,P0429-4005-1,Hridaan Handa,1940-05-05,85,Male,O-,25.2,"152, Vasa Ganj",560104,Diabetes,105,35
429,430,P0430-9111-2,Tarini Kumer,1991-11-13,33,Female,B-,20.7,"H.No. 511
Dewan Nagar",560101,Epilepsy,60,32
430,431,P0431-8706-2,Shaan Khalsa,1987-06-14,38,Female,A+,26.3,"65/025
Dar Road",571009,Heart Disease,116,89
431,432,P0432-0101-2,Kiara Kale,2001-01-24,24,Female,O+,21.5,"06, Loyal Road",562005,Epilepsy,68,65
432,433,P0433-7610-1,Riya Mahal,1976-10-23,48,Male,O-,22.8,"H.No. 442, Bava Chowk",572009,Hypertension,81,99
433,434,P0434-4604-1,Mahika Chauhan,1946-04-25,79,Male,B+,28.0,"823
Saraf Marg",562001,Healthy,133,61
434,435,P0435-9311-1,Riya Halder,1993-11-13,31,Male,O+,26.3,"H.No. 52
Tak Circle",570003,Osteoporosis,116,73
435,436,P0436-5105-1,Vihaan Bose,1951-05-14,74,Male,O+,22.0,"H.No. 61
Chowdhury Chowk",570007,Diabetes,73,77
436,437,P0437-8712-1,Damini Suresh,1987-12-07,37,Male,O+,25.1,"H.No. 337, Srivastava Ganj",560005,Depression,104,5
437,438,P0438-6301-2,Tejas Iyengar,1963-01-24,62,Female,O+,24.2,"H.No. 438
Tailor Street",560029,Healthy,95,29
438,439,P0439-5705-1,Ishaan Ganguly,1957-05-19,68,Male,O-,22.8,"797
Ganesh",562001,Sleep Apnea,81,61
439,440,P0440-4405-1,Saanvi Kata,1944-05-31,81,Male,A+,25.7,"48/89
Doshi Path",560201,Epilepsy,110,42
440,441,P0441-6110-2,Akarsh Rege,1961-10-21,63,Female,A-,21.8,"83/484
Balan",571003,Epilepsy,71,83
441,442,P0442-4008-1,Nitya Barad,1940-08-28,84,Male,B+,24.3,"85/30, Shenoy Street",570008,Epilepsy,96,78
442,443,P0443-7704-2,Nitya Chandra,1977-04-24,48,Female,O-,23.5,"238, Tak Street",560104,Healthy,88,35
443,444,P0444-8107-2,Jiya Thaman,1981-07-16,43,Female,B+,25.4,"H.No. 599
Badal Path",561001,Sleep Apnea,107,51
444,445,P0445-5907-2,Nehmat Desai,1959-07-01,66,Female,O+,20.0,"686
Kumer Street",560010,Epilepsy,53,10
445,446,P0446-8801-1,Vivaan Raj,1988-01-28,37,Male,O+,22.3,"59/50
Mall Path",572001,Epilepsy,76,91
446,447,P0447-6106-1,Eshani Biswas,1961-06-14,64,Male,O+,23.4,"03/955, Devi Chowk",570007,Osteoporosis,87,77
447,448,P0448-6502-2,Saira Divan,1965-02-10,60,Female,AB+,23.0,"97/976
Subramaniam Marg",572004,Gout,83,94
448,449,P0449-9902-2,Sahil Raju,1999-02-02,26,Female,A+,21.6,"28/41, Venkataraman Nagar",571006,Dementia,69,86
449,450,P0450-4111-1,Shaan Lanka,1941-11-04,83,Male,O+,21.6,"092, Varma Path",561002,Sleep Apnea,69,52
450,451,P0451-9009-1,Trisha Bahl,1990-09-02,34,Male,B+,22.9,"H.No. 686
Agarwal Street",562001,Asthma,82,61
451,452,P0452-7504-1,Ishita Rege,1975-04-14,50,Male,B+,22.7,"H.No. 89, Halder Path",571002,Sleep Apnea,80,82
452,453,P0453-4302-2,Abram Sarin,1943-02-23,82,Female,A+,21.8,"H.No. 22
Sarna Ganj",560005,Dementia,71,5
453,454,P0454-6201-1,Shray Dara,1962-01-04,63,Male,O+,20.5,"H.No. 63, Dugar Nagar",570004,Hypertension,58,74
454,455,P0455-9904-1,Zeeshan Barman,1999-04-05,26,Male,A+,24.1,"H.No. 72, Shukla Chowk",560024,Gout,94,24
455,456,P0456-7006-1,Charvi Wadhwa,1970-06-21,55,Male,B-,24.4,"14, Madan Nagar",562010,Heart Disease,97,70
456,457,P0457-9904-1,Biju Basu,1999-04-29,26,Male,O+,25.8,"557, Saran Circle",572004,Osteoporosis,111,94
457,458,P0458-6309-2,Tiya Raval,1963-09-19,61,Female,A+,25.2,"11/192
Bail Chowk",560018,Gout,105,18
458,459,P0459-6509-2,Heer Chana,1965-09-04,59,Female,A+,23.4,"531, Saraf Chowk",561004,Heart Disease,87,54
459,460,P0460-5506-1,Faiyaz Batta,1955-06-09,70,Male,O-,24.7,"H.No. 51
Ghosh Path",570001,Sleep Apnea,100,71
460,461,P0461-7001-1,Vritika Halder,1970-01-07,55,Male,B+,23.2,"02, Dada Chowk",571009,Diabetes,85,89
461,462,P0462-8401-2,Shlok Sane,1984-01-26,41,Female,O+,24.1,"90/49
Sundaram Marg",571006,Sleep Apnea,94,86
462,463,P0463-6308-2,Anahi Varma,1963-08-17,61,Female,O+,21.0,"H.No. 96
Grewal",561005,Diabetes,63,55
463,464,P0464-7604-1,Aaryahi Goel,1976-04-19,49,Male,A+,25.9,"H.No. 583
Behl Zila",560028,Heart Disease,112,28
464,465,P0465-0509-1,Jayan Sabharwal,2005-09-09,19,Male,O+,24.3,"H.No. 854, Dar Nagar",560100,Asthma,96,31
465,466,P0466-9305-2,Mahika Hans,1993-05-21,32,Female,AB+,25.4,"19/65, Babu Street",572007,Diabetes,107,97
466,467,P0467-0109-1,Bhamini Kumer,2001-09-01,23,Male,B+,27.0,"H.No. 896
Zacharia Path",560016,Hypertension,123,16
467,468,P0468-8901-2,Ranbir Sarna,1989-01-28,36,Female,O+,17.1,"H.No. 114
Sawhney Road",560016,Sleep Apnea,24,16
468,469,P0469-9807-2,Divij Doshi,1998-07-18,26,Female,A+,28.2,"H.No. 51, Saha Zila",560021,Dementia,135,21
469,470,P0470-8710-1,Zara Brahmbhatt,1987-10-15,37,Male,O+,23.6,"963, Badal Circle",560204,Healthy,89,45
470,471,P0471-6807-2,Khushi Choudhry,1968-07-30,56,Female,A-,22.4,"146, Bala Path",560204,Dementia,77,45
471,472,P0472-0105-2,Sara Gopal,2001-05-02,24,Female,O+,22.5,"02/74
Kohli Ganj",560017,Dementia,78,17
472,473,P0473-7112-1,Yashvi Mand,1971-12-11,53,Male,A+,24.4,"H.No. 16
Gandhi Circle",571005,Sleep Apnea,97,85
473,474,P0474-8304-2,Neelofar Bhasin,1983-04-27,42,Female,AB+,21.9,"24
Ram Circle",560006,Asthma,72,6
474,475,P0475-9206-2,Kavya Das,1992-06-26,33,Female,B+,20.5,"54/981
Grewal Zila",561001,Asthma,58,51
475,476,P0476-7205-2,Elakshi Sidhu,1972-05-24,53,Female,O+,20.5,"43/187
Bhatia Road",572008,Heart Disease,58,98
476,477,P0477-6403-2,Kiara Rana,1964-03-30,61,Female,O-,25.9,"184, Date Marg",570007,Dementia,112,77
477,478,P0478-6404-1,Umang Chowdhury,1964-04-30,61,Male,A+,22.0,"H.No. 68
Loke Zila",570002,Hypertension,73,72
478,479,P0479-7606-1,Divyansh Amble,1976-06-17,49,Male,O+,24.1,"H.No. 70
Comar Circle",570010,Osteoporosis,94,80
479,480,P0480-4010-2,Tanya Rajan,1940-10-12,84,Female,B+,25.8,"02/05
Sandhu Ganj",572001,Diabetes,111,91
480,481,P0481-8306-1,Ivana Gour,1983-06-20,42,Male,AB+,24.4,"H.No. 219, Srinivas Chowk",572006,Gout,97,96
481,482,P0482-8801-2,Vivaan Dugal,1988-01-15,37,Female,O+,24.8,"H.No. 622
Tak Nagar",562002,Sleep Apnea,101,62
482,483,P0483-5201-1,Keya Sur,1952-01-17,73,Male,O-,24.3,"31/658, Gupta Chowk",560205,Epilepsy,96,46
483,484,P0484-9206-2,Mamooty Jha,1992-06-10,33,Female,O+,23.1,"H.No. 16, Kala Nagar",560009,Sleep Apnea,84,9
484,485,P0485-4105-2,Darshit Master,1941-05-21,84,Female,O+,29.9,"20
Bhavsar Chowk",560109,Healthy,152,40
485,486,P0486-8607-1,Shaan Dewan,1986-07-31,38,Male,AB+,24.2,"41, Baral Street",570006,Osteoporosis,95,76
486,487,P0487-5312-2,Alia Johal,1953-12-16,71,Female,A+,23.8,"617, Bir Road",560018,Epilepsy,91,18
487,488,P0488-4711-2,Rania Chawla,1947-11-14,77,Female,A+,26.4,"84/49, Bassi",572001,Dementia,117,91
488,489,P0489-4312-1,Vihaan Buch,1943-12-06,81,Male,O-,22.4,"23/26, Chaudhry Path",560100,Dementia,77,31
489,490,P0490-7609-1,Priyansh Bali,1976-09-20,48,Male,A-,27.1,"79, Taneja Circle",560001,Gout,124,1
490,491,P0491-0408-2,Raunak Balay,2004-08-15,20,Female,O-,24.9,"79/35
Swaminathan Nagar",570002,Diabetes,102,72
491,492,P0492-5503-2,Ojas Shan,1955-03-07,70,Female,A+,23.5,"17/674, Devi",560106,Depression,88,37
492,493,P0493-9511-2,Hansh Bava,1995-11-06,29,Female,O+,26.6,"H.No. 860, Kalita Zila",560201,Epilepsy,119,42
493,494,P0494-0009-1,Rati Thaker,2000-09-11,24,Male,O-,26.4,"23/08, Raj",560026,Sleep Apnea,117,26
494,495,P0495-5609-1,Kismat Hayer,1956-09-08,68,Male,A+,25.2,"H.No. 93, Bora Nagar",561010,Heart Disease,105,60
495,496,P0496-9603-2,Aarna Kuruvilla,1996-03-07,29,Female,B+,25.2,"950, Johal Chowk",570009,Healthy,105,79
496,497,P0497-0211-2,Rohan Varghese,2002-11-19,22,Female,AB+,22.7,"01, Hans Circle",561010,Dementia,80,60
497,498,P0498-8509-2,Aradhya Ramesh,1985-09-04,39,Female,O+,23.1,"27/23
Deep Marg",560013,Sleep Apnea,84,13
498,499,P0499-5802-1,Lakshit Madan,1958-02-02,67,Male,A+,23.1,"H.No. 19, Sinha Chowk",560103,Epilepsy,84,34
499,500,P0500-4503-1,Jayant Khurana,1945-03-10,80,Male,O+,27.1,"03/73
Bhargava Road",560208,Gout,124,49
500,501,P0501-9812-2,Kartik Lall,1998-12-23,26,Female,O-,21.1,"683
Tella Marg",571003,Healthy,64,83
501,502,P0502-4412-1,Chirag Lata,1944-12-04,80,Male,O-,23.2,"84/637
Varghese Ganj",560109,Diabetes,85,40
502,503,P0503-9203-2,Shanaya Bhagat,1992-03-17,33,Female,B+,23.6,"98/52
Ray Path",561009,Heart Disease,89,59
503,504,P0504-6706-2,Dhruv Madan,1967-06-24,58,Female,O+,22.4,"H.No. 59
Rastogi",560009,Diabetes,77,9
504,505,P0505-9302-1,Myra Chad,1993-02-09,32,Male,A-,23.4,"48, Trivedi Zila",570002,Asthma,87,72
505,506,P0506-6703-1,Ryan Mammen,1967-03-13,58,Male,O+,25.4,"29/02, Anand Street",571007,Dementia,107,87
506,507,P0507-6101-1,Urvi Jayaraman,1961-01-19,64,Male,O+,25.3,"49/56
Sibal",560018,Diabetes,106,18
507,508,P0508-7609-2,Taimur Ghose,1976-09-13,48,Female,AB-,23.9,"H.No. 923, Buch",560101,Gout,92,32
508,509,P0509-5710-2,Damini Gara,1957-10-29,67,Female,O-,23.4,"H.No. 898, Ghose Road",571001,Asthma,87,81
509,510,P0510-4509-1,Shanaya Shah,1945-09-28,79,Male,O+,24.0,"907, Contractor Ganj",560019,Heart Disease,93,19
510,511,P0511-9405-1,Dharmajan Seth,1994-05-21,31,Male,O+,24.4,"38/65
Dugar Zila",560019,Hypertension,97,19
511,512,P0512-7806-2,Zara Bobal,1978-06-05,47,Female,A+,22.3,"189
Lad Road",561001,Sleep Apnea,76,51
512,513,P0513-9503-1,Rati Bhatti,1995-03-06,30,Male,O+,22.3,"18, Kalita Circle",560024,Diabetes,76,24
513,514,P0514-4210-2,Riaan Walla,1942-10-16,82,Female,AB+,26.9,"78/656
Sarma Ganj",560101,Gout,122,32
514,515,P0515-4209-1,Shanaya Dutt,1942-09-22,82,Male,AB+,23.7,"H.No. 24
Apte",560104,Gout,90,35
515,516,P0516-9402-1,Uthkarsh Khare,1994-02-01,31,Male,B+,22.1,"39
Amble",560011,Hypertension,74,11
516,517,P0517-7807-1,Neysa Chaudhry,1978-07-06,47,Male,A-,24.9,"H.No. 77
Gulati Ganj",561004,Diabetes,102,54
517,518,P0518-9607-2,Advik Kala,1996-07-31,28,Female,AB+,21.2,"H.No. 84
Kohli Circle",561002,Dementia,65,52
518,519,P0519-4105-1,Aradhya Chhabra,1941-05-05,84,Male,B+,24.0,"489, Sehgal Street",560016,Sleep Apnea,93,16
519,520,P0520-8701-2,Misha Hari,1987-01-19,38,Female,B+,25.0,"79/98
Chacko Road",572003,Osteoporosis,103,93
520,521,P0521-4909-1,Adah Bath,1949-09-20,75,Male,B+,25.2,"H.No. 08, Tara Zila",572004,Dementia,105,94
521,522,P0522-5108-1,Abram Borah,1951-08-27,73,Male,A+,27.0,"06/772
Dugal Chowk",560010,Heart Disease,123,10
522,523,P0523-7908-2,Samiha Raval,1979-08-17,45,Female,O+,22.8,"H.No. 50, Dada Road",560201,Osteoporosis,81,42
523,524,P0524-4409-1,Madhav Jayaraman,1944-09-05,80,Male,B-,23.1,"H.No. 734
Amble Chowk",560106,Gout,84,37
524,525,P0525-7005-1,Fateh Jani,1970-05-30,55,Male,O+,23.5,"15/58, Joshi Nagar",560020,Hypertension,88,20
525,526,P0526-4907-2,Uthkarsh Bassi,1949-07-13,76,Female,A-,25.9,"271
Kurian Zila",560100,Heart Disease,112,31
526,527,P0527-6505-1,Miraya Dutta,1965-05-16,60,Male,O+,24.6,"084
Chanda Road",560025,Dementia,99,25
527,528,P0528-0512-1,Devansh Singh,2005-12-21,19,Male,AB+,24.7,"54/96, Sha Chowk",560016,Asthma,100,16
528,529,P0529-9001-2,Stuvan Sem,1990-01-10,35,Female,AB+,24.7,"99/974, Ramesh Zila",560105,Osteoporosis,100,36
529,530,P0530-8409-2,Yuvaan Hans,1984-09-18,40,Female,O-,25.3,"728, Kara Zila",571009,Healthy,106,89
530,531,P0531-6501-1,Taran Gill,1965-01-16,60,Male,O+,25.8,"H.No. 099, Mallick",560204,Epilepsy,111,45
531,532,P0532-4403-2,Bhamini Wali,1944-03-24,81,Female,O+,23.2,"31/001
Dewan Ganj",560205,Osteoporosis,85,46
532,533,P0533-8211-2,Azad Kota,1982-11-29,42,Female,O+,25.4,"450, Rana Ganj",560024,Sleep Apnea,107,24
533,534,P0534-8609-2,Piya Wali,1986-09-03,38,Female,O+,22.4,"028, Bassi Street",561008,Osteoporosis,77,58
534,535,P0535-8307-1,Anay Kari,1983-07-21,41,Male,O+,25.8,"485
Sanghvi Nagar",561006,Sleep Apnea,111,56
535,536,P0536-9710-2,Shray Iyengar,1997-10-20,27,Female,O-,22.2,"05
Sunder Path",560015,Depression,75,15
536,537,P0537-9607-2,Kanav Sahni,1996-07-04,29,Female,O+,26.2,"H.No. 69
Gokhale Nagar",572010,Healthy,115,100
537,538,P0538-4612-2,Shamik Korpal,1946-12-24,78,Female,B+,24.6,"H.No. 77, Rattan Nagar",572009,Gout,99,99
538,539,P0539-7912-2,Indranil Zacharia,1979-12-14,45,Female,O+,24.7,"143
Savant Zila",560109,Epilepsy,100,40
539,540,P0540-4201-2,Charvi Kalita,1942-01-19,83,Female,A+,26.3,"71/371
Bhatia Zila",571002,Depression,116,82
540,541,P0541-0511-2,Lavanya Sathe,2005-11-30,19,Female,B-,22.5,"05/18, Sarma Road",560008,Depression,78,8
541,542,P0542-6212-2,Dharmajan Saha,1962-12-17,62,Female,B+,23.2,"67/86
Chauhan Marg",560104,Hypertension,85,35
542,543,P0543-7008-1,Dhanush Ahluwalia,1970-08-31,54,Male,B-,22.0,"H.No. 98, Rastogi Street",560208,Hypertension,73,49
543,544,P0544-0302-1,Zeeshan Kara,2003-02-07,22,Male,O+,20.0,"77/469, Thakur",560019,Gout,53,19
544,545,P0545-7602-2,Zoya Deol,1976-02-02,49,Female,B+,22.8,"724
Goswami Circle",570010,Heart Disease,81,80
545,546,P0546-8306-1,Aaina Doctor,1983-06-03,42,Male,O-,23.6,"39
Shenoy Zila",570003,Heart Disease,89,73
546,547,P0547-9209-2,Jayesh Chahal,1992-09-15,32,Female,B+,25.1,"781, Dugar Street",572010,Dementia,104,100
547,548,P0548-5202-1,Amani Mand,1952-02-07,73,Male,B+,23.3,"88
Arora",560207,Epilepsy,86,48
548,549,P0549-9605-1,Manjari Kumar,1996-05-27,29,Male,AB+,23.1,"42/49
Dewan Street",560106,Depression,84,37
549,550,P0550-6705-2,Manikya Kurian,1967-05-03,58,Female,O+,22.0,"59
Wadhwa Nagar",570001,Osteoporosis,73,71
550,551,P0551-0510-2,Anika Saini,2005-10-10,19,Female,A+,21.7,"13/35
Kota",560209,Osteoporosis,70,50
551,552,P0552-6707-1,Vivaan Shere,1967-07-04,58,Male,A+,20.3,"H.No. 72, Sundaram Street",560009,Hypertension,56,9
552,553,P0553-8203-1,Lavanya Kala,1982-03-27,43,Male,A+,22.0,"724
Kar Zila",560009,Diabetes,73,9
553,554,P0554-8909-2,Pihu Krishnan,1989-09-27,35,Female,A+,27.4,"40/442
Divan Nagar",560028,Sleep Apnea,127,28
554,555,P0555-0408-2,Samarth Shan,2004-08-22,20,Female,O+,23.8,"97/57, Bakshi Path",572006,Hypertension,91,96
555,556,P0556-8207-2,Anya Wadhwa,1982-07-26,42,Female,AB+,23.6,"H.No. 03, Sarma Road",560009,Sleep Apnea,89,9
556,557,P0557-7805-2,Jivin Batra,1978-05-07,47,Female,O+,24.8,"97/47, Dass Road",570001,Asthma,101,71
557,558,P0558-6605-2,Aarav Chacko,1966-05-07,59,Female,O+,23.7,"35/884, Buch Chowk",561010,Hypertension,90,60
558,559,P0559-4103-1,Abram Shere,1941-03-23,84,Male,O+,25.1,"H.No. 229
Lanka Street",560015,Sleep Apnea,104,15
559,560,P0560-5011-1,Aayush Khatri,1950-11-24,74,Male,O-,21.2,"94/56, Sharaf Zila",560201,Dementia,65,42
560,561,P0561-4201-1,Ryan Dalal,1942-01-06,83,Male,O+,25.8,"35/70
Sood Circle",560008,Diabetes,111,8
561,562,P0562-8101-1,Nirvaan Behl,1981-01-09,44,Male,B+,26.1,"30
Raval Marg",560023,Depression,114,23
562,563,P0563-9205-2,Jayan Grewal,1992-05-27,33,Female,O+,22.8,"42
Hora Ganj",560008,Heart Disease,81,8
563,564,P0564-5809-1,Madhav Deshpande,1958-09-22,66,Male,B+,24.5,"H.No. 665, Loke",560106,Healthy,98,37
564,565,P0565-6907-2,Zara Bala,1969-07-08,56,Female,A+,23.9,"56/33
Divan Nagar",571007,Hypertension,92,87
565,566,P0566-8704-2,Anya Suri,1987-04-01,38,Female,B-,22.9,"H.No. 39
Datta Ganj",560025,Epilepsy,82,25
566,567,P0567-8611-1,Purab Sen,1986-11-11,38,Male,AB+,25.7,"79, Yadav Chowk",571006,Sleep Apnea,110,86
567,568,P0568-8107-2,Raghav Agate,1981-07-25,43,Female,O-,28.8,"783, Borah Marg",560024,Depression,141,24
568,569,P0569-9504-2,Riya Ramachandran,1995-04-11,30,Female,AB-,24.4,"39, Kothari Street",560004,Depression,97,4
569,570,P0570-8311-2,Hiran Kakar,1983-11-24,41,Female,B+,22.6,"H.No. 818
Sane Marg",572009,Sleep Apnea,79,99
570,571,P0571-5808-1,Mohanlal Sur,1958-08-06,66,Male,O+,22.2,"H.No. 19, Ramachandran",561005,Epilepsy,75,55
571,572,P0572-9410-2,Mannat Bora,1994-10-16,30,Female,O+,21.8,"H.No. 69, Raju Path",571005,Depression,71,85
572,573,P0573-9607-2,Lakshit Dhingra,1996-07-27,28,Female,O+,23.0,"918
Tailor Zila",560001,Hypertension,83,1
573,574,P0574-4404-2,Samar Andra,1944-04-29,81,Female,O-,23.5,"20
Chadha Chowk",561002,Gout,88,52
574,575,P0575-0410-1,Damini Virk,2004-10-07,20,Male,O+,21.9,"H.No. 77
Dewan Road",562009,Heart Disease,72,69
575,576,P0576-9707-1,Jhanvi Khosla,1997-07-07,28,Male,A+,26.0,"21/39
Ganesan Street",572007,Epilepsy,113,97
576,577,P0577-4704-2,Hrishita Lal,1947-04-29,78,Female,B+,25.3,"23
Tak Ganj",571010,Heart Disease,106,90
577,578,P0578-8806-2,Kiaan Raja,1988-06-11,37,Female,O+,24.7,"H.No. 95
Vaidya Circle",571006,Sleep Apnea,100,86
578,579,P0579-5201-1,Elakshi Sarna,1952-01-24,73,Male,AB+,26.3,"H.No. 158
Vora Path",560101,Dementia,116,32
579,580,P0580-9311-1,Zain Doshi,1993-11-03,31,Male,O-,25.8,"89/233
Sastry Nagar",572008,Dementia,111,98
580,581,P0581-5501-1,Miraya Tripathi,1955-01-05,70,Male,O+,22.6,"46/259, Dhar Ganj",561009,Diabetes,79,59
581,582,P0582-9210-2,Piya Chand,1992-10-14,32,Female,O-,25.2,"394
Johal Chowk",560100,Epilepsy,105,31
582,583,P0583-7409-1,Jivin Jha,1974-09-28,50,Male,O+,25.4,"69/630
Vyas Street",562008,Depression,107,68
583,584,P0584-6807-2,Aayush Solanki,1968-07-16,56,Female,O-,19.9,"88/368
Khurana Street",571010,Healthy,52,90
584,585,P0585-5704-2,Tara Manda,1957-04-17,68,Female,A+,21.8,"H.No. 864, Bedi Street",560027,Depression,71,27
585,586,P0586-9701-2,Zaina Kurian,1997-01-30,28,Female,O+,23.3,"H.No. 23, Chakraborty",571004,Osteoporosis,86,84
586,587,P0587-6204-2,Darshit Bali,1962-04-09,63,Female,A-,27.7,"356
Gulati Nagar",560103,Gout,130,34
587,588,P0588-8305-1,Dhanuk Dada,1983-05-13,42,Male,B-,19.9,"H.No. 79, Mahajan Street",572005,Epilepsy,52,95
588,589,P0589-8604-2,Ela Chandra,1986-04-21,39,Female,O+,25.3,"97/40, Lata Chowk",560201,Depression,106,42
589,590,P0590-5105-1,Ivan Sengupta,1951-05-24,74,Male,B-,23.0,"H.No. 90
Khalsa Path",561009,Sleep Apnea,83,59
590,591,P0591-7806-1,Shamik Rajagopal,1978-06-08,47,Male,B+,26.0,"167, Issac",570004,Asthma,113,74
591,592,P0592-8309-2,Ivana Khare,1983-09-17,41,Female,A+,22.7,"79/09, Sandhu Chowk",560029,Sleep Apnea,80,29
592,593,P0593-0007-1,Sana Dada,2000-07-30,24,Male,A+,21.4,"H.No. 16, Swamy Marg",572010,Hypertension,67,100
593,594,P0594-9001-2,Biju Choudhary,1990-01-11,35,Female,O+,22.2,"39, Seth Marg",572006,Sleep Apnea,75,96
594,595,P0595-4607-1,Indrans Acharya,1946-07-08,79,Male,O+,23.4,"46/370, Dhawan",561004,Dementia,87,54
595,596,P0596-9011-2,Ryan Thaman,1990-11-14,34,Female,A+,23.4,"86
Sarraf Ganj",560202,Dementia,87,43
596,597,P0597-5812-1,Mishti Yogi,1958-12-17,66,Male,B-,24.5,"H.No. 75, Batra Chowk",562004,Healthy,98,64
597,598,P0598-5605-2,Eshani Kaur,1956-05-17,69,Female,AB+,24.1,"H.No. 39, Bhatti Street",561007,Diabetes,94,57
598,599,P0599-5005-1,Darshit Bajaj,1950-05-14,75,Male,AB+,27.5,"H.No. 73, Comar Path",572010,Diabetes,128,100
599,600,P0600-7205-2,Nitara Contractor,1972-05-13,53,Female,B-,28.1,"07/68
Dugal",560205,Sleep Apnea,134,46
600,601,P0601-7712-1,Dhanush Seth,1977-12-05,47,Male,O+,23.3,"H.No. 544
Chahal Road",572001,Healthy,86,91
601,602,P0602-9301-2,Yuvaan Kapadia,1993-01-20,32,Female,B+,25.3,"545, Kadakia",560014,Gout,106,14
602,603,P0603-9201-1,Amira Krishna,1992-01-19,33,Male,O+,23.0,"H.No. 887, Ramesh",560017,Gout,83,17
603,604,P0604-9512-1,Samarth Jhaveri,1995-12-27,29,Male,O+,20.3,"H.No. 84
Goswami",560101,Healthy,56,32
604,605,P0605-9912-2,Eshani Upadhyay,1999-12-09,25,Female,O-,23.7,"921
Tiwari Chowk",560104,Healthy,90,35
605,606,P0606-7506-1,Mahika Mani,1975-06-17,50,Male,A-,27.3,"03/167, Cheema",560108,Gout,126,39
606,607,P0607-6610-2,Charvi Lall,1966-10-08,58,Female,O+,26.9,"H.No. 70
Sarraf",572001,Asthma,122,91
607,608,P0608-9009-2,Ishaan Vaidya,1990-09-04,34,Female,B+,22.3,"H.No. 39, Goel Marg",562005,Epilepsy,76,65
608,609,P0609-6210-1,Seher Dani,1962-10-31,62,Male,A-,24.9,"H.No. 120, Deo Path",562004,Gout,102,64
609,610,P0610-4004-2,Vritika Baria,1940-04-02,85,Female,B+,26.0,"26/537
Bath Chowk",560023,Dementia,113,23
610,611,P0611-9003-2,Tarini Doshi,1990-03-21,35,Female,B+,26.2,"87/297
Guha Road",571001,Dementia,115,81
611,612,P0612-8204-2,Eshani Brahmbhatt,1982-04-30,43,Female,B+,24.3,"58
Dey Ganj",572002,Heart Disease,96,92
612,613,P0613-4105-2,Advik Dhillon,1941-05-06,84,Female,B-,22.9,"133
Mangal Circle",572004,Depression,82,94
613,614,P0614-5505-2,Shaan Chaudhary,1955-05-18,70,Female,O+,24.9,"21/54
Contractor Zila",562008,Depression,102,68
614,615,P0615-8806-2,Akarsh Bail,1988-06-29,37,Female,O+,23.6,"48
Sibal Zila",572010,Heart Disease,89,100
615,616,P0616-6808-1,Nitara Biswas,1968-08-21,56,Male,O-,25.3,"H.No. 553
Keer Chowk",560002,Osteoporosis,106,2
616,617,P0617-9502-1,Kaira Malhotra,1995-02-22,30,Male,O+,26.2,"58/48
Sarkar Road",562004,Epilepsy,115,64
617,618,P0618-4508-2,Samaira Chawla,1945-08-09,79,Female,A+,17.9,"H.No. 723, Dara Zila",560003,Depression,32,3
618,619,P0619-4810-1,Amani Bhasin,1948-10-21,76,Male,AB+,20.1,"H.No. 66, Andra",560109,Heart Disease,54,40
619,620,P0620-6204-1,Mishti Chahal,1962-04-24,63,Male,B+,28.5,"H.No. 619, Thakur Path",560019,Depression,138,19
620,621,P0621-5908-2,Shaan Suresh,1959-08-22,65,Female,B+,24.5,"28/731, Chawla Street",562010,Gout,98,70
621,622,P0622-0411-1,Aayush Doshi,2004-11-09,20,Male,O+,24.0,"01, Bose Ganj",561004,Sleep Apnea,93,54
622,623,P0623-9309-2,Nitya Krishnan,1993-09-14,31,Female,B+,21.9,"39/486, Shankar Nagar",572002,Hypertension,72,92
623,624,P0624-5101-1,Taimur Gole,1951-01-04,74,Male,A+,26.0,"H.No. 325, Bansal Path",572004,Diabetes,113,94
624,625,P0625-9803-1,Shanaya Bawa,1998-03-09,27,Male,A-,23.7,"15/521
Sankaran",560108,Diabetes,90,39
625,626,P0626-6103-2,Saira Bhasin,1961-03-02,64,Female,O-,22.7,"89/18, Seshadri Path",560200,Epilepsy,80,41
626,627,P0627-6208-2,Divij Baral,1962-08-18,62,Female,O+,19.5,"41, Sarin Marg",560102,Diabetes,48,33
627,628,P0628-5809-2,Aarush Brar,1958-09-10,66,Female,B+,24.4,"67, Seshadri Circle",560019,Healthy,97,19
628,629,P0629-5304-2,Jivin Bedi,1953-04-27,72,Female,A+,22.9,"H.No. 49
Kohli Circle",562002,Sleep Apnea,82,62
629,630,P0630-9203-1,Dishani Divan,1992-03-12,33,Male,O-,24.9,"92, Vaidya Ganj",561008,Gout,102,58
630,631,P0631-9211-1,Kashvi Roy,1992-11-17,32,Male,O+,25.8,"11/91
Chana Street",560209,Heart Disease,111,50
631,632,P0632-8001-1,Abram Ramanathan,1980-01-29,45,Male,A+,24.3,"H.No. 58
Gopal Ganj",560008,Sleep Apnea,96,8
632,633,P0633-0002-1,Dharmajan Dora,2000-02-18,25,Male,B+,22.7,"45
Acharya",560208,Sleep Apnea,80,49
633,634,P0634-8210-1,Nayantara Devan,1982-10-17,42,Male,A+,22.5,"17/57, Shroff Circle",570008,Osteoporosis,78,78
634,635,P0635-6511-2,Aniruddh Lanka,1965-11-14,59,Female,B+,29.9,"H.No. 12
Sinha Ganj",560109,Healthy,152,40
635,636,P0636-0310-1,Dhruv Varghese,2003-10-07,21,Male,A+,21.4,"H.No. 03
Sibal Chowk",562007,Epilepsy,67,67
636,637,P0637-7404-2,Elakshi Bhargava,1974-04-15,51,Female,AB+,20.7,"901
Rau Zila",560014,Hypertension,60,14
637,638,P0638-8304-1,Nakul Sen,1983-04-18,42,Male,B+,21.1,"H.No. 39, Gopal Ganj",560201,Asthma,64,42
638,639,P0639-4807-2,Manikya Sandhu,1948-07-01,77,Female,A-,26.6,"63/193, Dasgupta Chowk",560030,Gout,119,30
639,640,P0640-7410-2,Rasha Bala,1974-10-19,50,Female,O+,23.9,"22/38
Yohannan Circle",560006,Osteoporosis,92,6
640,641,P0641-9604-1,Elakshi Dayal,1996-04-16,29,Male,B+,23.2,"H.No. 993
Sarma Ganj",571006,Sleep Apnea,85,86
641,642,P0642-7112-1,Drishya Goswami,1971-12-03,53,Male,A-,23.3,"H.No. 660
Varty Nagar",570006,Gout,86,76
642,643,P0643-9003-1,Akarsh Bali,1990-03-14,35,Male,B+,23.2,"67, Mander Chowk",560205,Hypertension,85,46
643,644,P0644-6011-1,Riaan Shetty,1960-11-22,64,Male,O+,22.0,"H.No. 175, Bhalla Path",560204,Hypertension,73,45
644,645,P0645-4904-1,Piya Kalla,1949-04-04,76,Male,O+,25.6,"975
Hegde Street",561008,Healthy,109,58
645,646,P0646-0303-1,Eva Kurian,2003-03-16,22,Male,O+,26.2,"H.No. 510, Sha Street",560013,Dementia,115,13
646,647,P0647-4802-1,Prerak Sunder,1948-02-18,77,Male,A-,24.9,"75/89
Sehgal Zila",560107,Depression,102,38
647,648,P0648-5012-2,Dhruv Chhabra,1950-12-10,74,Female,A+,23.9,"42/085, Yogi Street",561006,Heart Disease,92,56
648,649,P0649-5707-1,Madhup Walla,1957-07-18,68,Male,B+,24.4,"H.No. 96, Sachar Nagar",571007,Heart Disease,97,87
649,650,P0650-8901-2,Raunak Chauhan,1989-01-11,36,Female,B+,24.0,"232, Anne Zila",572007,Depression,93,97
650,651,P0651-0308-2,Jayant Kothari,2003-08-18,21,Female,O+,25.4,"H.No. 86
Barad",560027,Osteoporosis,107,27
651,652,P0652-9709-2,Nayantara Sarraf,1997-09-25,27,Female,O+,23.3,"H.No. 909, Date Road",561009,Depression,86,59
652,653,P0653-0406-2,Shlok Gour,2004-06-15,21,Female,B-,24.6,"H.No. 44, Ranganathan Path",560025,Asthma,99,25
653,654,P0654-6412-1,Vanya Kunda,1964-12-14,60,Male,AB-,26.2,"58, Kala Path",560105,Heart Disease,115,36
654,655,P0655-9103-1,Eva Reddy,1991-03-20,34,Male,O+,24.3,"11
Wagle Road",572010,Gout,96,100
655,656,P0656-7906-2,Lakshit Mann,1979-06-02,46,Female,A+,20.7,"06/083
Ranganathan Nagar",560007,Asthma,60,7
656,657,P0657-7701-2,Indrans Khatri,1977-01-05,48,Female,B+,23.0,"79/25
Jani Nagar",561004,Depression,83,54
657,658,P0658-6101-1,Umang Guha,1961-01-27,64,Male,B+,26.2,"060, Shah Zila",560103,Diabetes,115,34
658,659,P0659-6306-2,Jayesh Choudhury,1963-06-20,62,Female,A+,21.4,"40, Chaudhary",562005,Epilepsy,67,65
659,660,P0660-4710-2,Bhamini Deep,1947-10-18,77,Female,AB+,22.4,"03/155
Lall Path",560100,Dementia,77,31
660,661,P0661-8204-1,Parinaaz Chandra,1982-04-22,43,Male,A-,22.7,"H.No. 237
Konda Street",572009,Osteoporosis,80,99
661,662,P0662-0410-2,Manjari Hayer,2004-10-09,20,Female,B+,23.8,"H.No. 90, Sani Road",560016,Gout,91,16
662,663,P0663-9706-2,Ishaan Datta,1997-06-08,28,Female,O+,24.2,"85
D’Alia Zila",560101,Hypertension,95,32
663,664,P0664-9201-1,Nayantara Banerjee,1992-01-08,33,Male,O+,24.9,"54/95
Shukla Zila",560014,Asthma,102,14
664,665,P0665-7812-1,Anahi Dixit,1978-12-11,46,Male,O-,24.4,"H.No. 274, Chakrabarti Ganj",560108,Sleep Apnea,97,39
665,666,P0666-6711-2,Tarini Tailor,1967-11-14,57,Female,B-,24.4,"04/231
Iyengar Nagar",571010,Diabetes,97,90
666,667,P0667-8809-2,Nishith Roy,1988-09-24,36,Female,B+,24.8,"97/980, Sinha Zila",560030,Diabetes,101,30
667,668,P0668-9409-2,Jhanvi Bandi,1994-09-15,30,Female,O+,22.8,"80/776
Handa Marg",560101,Heart Disease,81,32
668,669,P0669-6207-1,Darshit Sangha,1962-07-22,62,Male,O-,21.4,"93/341
Samra Zila",571008,Gout,67,88
669,670,P0670-0005-2,Kiaan Vohra,2000-05-20,25,Female,O+,26.6,"17, Bains Marg",570010,Hypertension,119,80
670,671,P0671-9004-2,Darshit Taneja,1990-04-14,35,Female,O+,24.6,"H.No. 80
Gandhi Zila",570008,Osteoporosis,99,78
671,672,P0672-5212-2,Sana Rout,1952-12-18,72,Female,O+,22.2,"H.No. 43, Rattan Zila",560026,Gout,75,26
672,673,P0673-9711-2,Divij Bora,1997-11-18,27,Female,O+,24.0,"96/251
Raval Zila",562010,Diabetes,93,70
673,674,P0674-0211-1,Dharmajan Shan,2002-11-04,22,Male,A+,21.7,"10/92
Bahl Path",560205,Depression,70,46
674,675,P0675-7209-1,Yakshit Deep,1972-09-08,52,Male,AB+,23.3,"848
Shetty Street",562005,Heart Disease,86,65
675,676,P0676-5610-2,Nakul Gola,1956-10-22,68,Female,A+,26.1,"29/785
Tella Path",562010,Osteoporosis,114,70
676,677,P0677-4811-2,Tushar Dara,1948-11-04,76,Female,AB+,23.5,"70/29, Kurian",572010,Hypertension,88,100
677,678,P0678-7703-1,Raghav Chandra,1977-03-01,48,Male,O-,24.4,"H.No. 43
Gopal Zila",560202,Depression,97,43
678,679,P0679-8404-1,Aarna Yogi,1984-04-22,41,Male,A+,26.2,"28/85
Venkataraman Nagar",570010,Heart Disease,115,80
679,680,P0680-8101-1,Nirvaan Dhawan,1981-01-02,44,Male,B+,23.5,"02/24
Choudhary",572005,Hypertension,88,95
680,681,P0681-4105-2,Manjari Sinha,1941-05-25,84,Female,O-,22.8,"H.No. 60
Buch Chowk",560025,Depression,81,25
681,682,P0682-0305-2,Dishani Chokshi,2003-05-13,22,Female,B+,22.2,"33/381, Sura Road",562001,Dementia,75,61
682,683,P0683-4403-1,Riya Bahl,1944-03-01,81,Male,B+,22.9,"H.No. 95
Halder Circle",560029,Healthy,82,29
683,684,P0684-9810-1,Lakshay Date,1998-10-21,26,Male,AB+,24.9,"H.No. 682, Talwar Road",561002,Epilepsy,102,52
684,685,P0685-8102-2,Nirvaan Ramanathan,1981-02-05,44,Female,O+,23.4,"H.No. 201
Dugar Circle",562001,Osteoporosis,87,61
685,686,P0686-7003-1,Vihaan Deep,1970-03-12,55,Male,A+,22.1,"96, Ghosh Street",570001,Depression,74,71
686,687,P0687-9411-1,Seher Bains,1994-11-09,30,Male,O+,26.6,"H.No. 434, Sankaran Ganj",560021,Epilepsy,119,21
687,688,P0688-5912-2,Himmat Kalita,1959-12-18,65,Female,AB+,24.3,"H.No. 190
Lala Marg",561007,Depression,96,57
688,689,P0689-5010-2,Sana Vyas,1950-10-22,74,Female,AB+,24.9,"29/969
Rout Circle",571008,Osteoporosis,102,88
689,690,P0690-9101-2,Vivaan Singhal,1991-01-28,34,Female,O+,26.2,"H.No. 257, Tata Circle",560207,Diabetes,115,48
690,691,P0691-5203-1,Tejas Chaudhry,1952-03-08,73,Male,B+,24.2,"807, Tata Road",560207,Epilepsy,95,48
691,692,P0692-8601-1,Kanav Yohannan,1986-01-22,39,Male,A+,23.1,"29/840, Amble Path",560015,Dementia,84,15
692,693,P0693-6211-1,Inaaya  Wason,1962-11-16,62,Male,O+,25.8,"43/807, Borah Street",560007,Healthy,111,7
693,694,P0694-6106-1,Riaan Bawa,1961-06-22,64,Male,B+,26.2,"H.No. 92, Keer Street",571009,Epilepsy,115,89
694,695,P0695-4306-2,Lagan Dasgupta,1943-06-30,82,Female,O+,23.1,"16/342, Loke Ganj",562007,Heart Disease,84,67
695,696,P0696-0512-1,Samar Master,2005-12-30,19,Male,O+,20.7,"535, Badami Path",560009,Sleep Apnea,60,9
696,697,P0697-0006-1,Nirvi Desai,2000-06-08,25,Male,A-,22.0,"H.No. 975, Jaggi Nagar",560203,Epilepsy,73,44
697,698,P0698-4306-2,Yuvraj  Karnik,1943-06-28,82,Female,A-,29.7,"H.No. 36, Rege Ganj",560203,Sleep Apnea,150,44
698,699,P0699-4302-2,Myra Basu,1943-02-14,82,Female,A+,25.6,"H.No. 18, Buch Chowk",571007,Asthma,109,87
699,700,P0700-4107-1,Jayant Gaba,1941-07-27,83,Male,O+,24.2,"H.No. 877, Sen",560100,Diabetes,95,31
700,701,P0701-4006-1,Rania Goyal,1940-06-07,85,Male,O+,27.1,"928
Ramachandran Ganj",560008,Hypertension,124,8
701,702,P0702-7705-2,Armaan Sawhney,1977-05-28,48,Female,A+,24.6,"528, Tak Ganj",560200,Osteoporosis,99,41
702,703,P0703-6207-1,Kartik Randhawa,1962-07-16,63,Male,B-,23.0,"11, Wagle Zila",560006,Healthy,83,6
703,704,P0704-7212-1,Zara Kunda,1972-12-10,52,Male,O+,24.6,"217, Ravel Marg",560109,Epilepsy,99,40
704,705,P0705-4210-1,Nitya Choudhary,1942-10-05,82,Male,A+,25.7,"H.No. 487, Shan Marg",561007,Diabetes,110,57
705,706,P0706-5006-1,Adira Shan,1950-06-04,75,Male,O+,24.0,"H.No. 59
Wagle",571003,Hypertension,93,83
706,707,P0707-8105-2,Damini Wagle,1981-05-16,44,Female,O+,22.3,"753
Bala Circle",560012,Gout,76,12
707,708,P0708-0008-2,Piya Mammen,2000-08-12,24,Female,B+,21.4,"30
Deshpande Path",560016,Asthma,67,16
708,709,P0709-7205-2,Advika Soni,1972-05-06,53,Female,AB+,26.6,"38, Chandra",560007,Diabetes,119,7
709,710,P0710-0408-1,Aarna Khanna,2004-08-15,20,Male,A+,21.0,"H.No. 161
Lata Zila",560018,Osteoporosis,63,18
710,711,P0711-8302-1,Ivana Banik,1983-02-06,42,Male,AB+,24.9,"82/55, Aggarwal Street",572006,Sleep Apnea,102,96
711,712,P0712-7305-2,Ivan Lalla,1973-05-07,52,Female,O-,23.1,"H.No. 83
Goel Marg",561002,Depression,84,52
712,713,P0713-7205-2,Darshit Devan,1972-05-12,53,Female,A+,24.5,"10/42, Sami Circle",560010,Dementia,98,10
713,714,P0714-0508-1,Ira Sagar,2005-08-06,19,Male,A+,24.6,"39/51, Vig Path",570001,Heart Disease,99,71
714,715,P0715-9406-2,Madhup Chhabra,1994-06-30,31,Female,B+,25.1,"86, Chhabra Chowk",560106,Healthy,104,37
715,716,P0716-7405-2,Yuvaan Dhillon,1974-05-11,51,Female,A+,22.1,"87
Ray",570007,Depression,74,77
716,717,P0717-8401-2,Ishaan Vohra,1984-01-01,41,Female,O+,25.6,"569
Bhatia Road",560201,Hypertension,109,42
717,718,P0718-8006-2,Anahita Som,1980-06-06,45,Female,A+,25.8,"423, Sood",560006,Osteoporosis,111,6
718,719,P0719-6010-2,Rhea Dave,1960-10-20,64,Female,A+,22.9,"32/779
Tara Zila",572002,Sleep Apnea,82,92
719,720,P0720-6912-2,Lakshit Mannan,1969-12-31,55,Female,B+,26.2,"47/02, Ahuja Marg",560208,Hypertension,115,49
720,721,P0721-9309-2,Ahana  Sharaf,1993-09-06,31,Female,O+,20.8,"236, Toor Road",560016,Sleep Apnea,61,16
721,722,P0722-8706-2,Shaan Srinivas,1987-06-14,38,Female,A+,22.6,"72/54
Gandhi Street",571009,Osteoporosis,79,89
722,723,P0723-9011-2,Aniruddh Gokhale,1990-11-29,34,Female,AB+,21.3,"H.No. 29, Ranganathan Chowk",570002,Healthy,66,72
723,724,P0724-8009-2,Drishya Dar,1980-09-28,44,Female,O-,22.3,"H.No. 283, Ratti",562003,Healthy,76,63
724,725,P0725-9606-2,Hiran Sankar,1996-06-09,29,Female,O+,22.6,"H.No. 434
Sehgal Zila",562010,Dementia,79,70
725,726,P0726-5305-1,Amani Behl,1953-05-03,72,Male,A+,24.5,"88
Walia",560027,Dementia,98,27
726,727,P0727-0102-2,Kimaya Buch,2001-02-03,24,Female,AB+,24.9,"343
Mani",562008,Hypertension,102,68
727,728,P0728-5608-2,Saksham Doshi,1956-08-17,68,Female,O-,26.2,"H.No. 580, Bassi Zila",560022,Gout,115,22
728,729,P0729-4007-2,Baiju Bakshi,1940-07-01,85,Female,B-,27.1,"126
Bhargava Road",571008,Healthy,124,88
729,730,P0730-9807-1,Indrajit Sagar,1998-07-29,26,Male,B+,25.7,"94/224, Borde Circle",560018,Asthma,110,18
730,731,P0731-5303-2,Dishani Viswanathan,1953-03-16,72,Female,AB+,25.7,"93
Ram Street",560100,Depression,110,31
731,732,P0732-4609-2,Anika Sheth,1946-09-23,78,Female,O+,26.0,"146
Ramakrishnan Ganj",560023,Epilepsy,113,23
732,733,P0733-7108-1,Jiya Behl,1971-08-15,53,Male,O+,20.3,"63/56, Bhatt Zila",572002,Healthy,56,92
733,734,P0734-8011-1,Kiaan Taneja,1980-11-30,44,Male,O+,19.8,"H.No. 348, Bakshi Zila",560021,Epilepsy,51,21
734,735,P0735-0311-2,Nitya Suri,2003-11-26,21,Female,B+,23.4,"H.No. 40, Kar Road",562008,Diabetes,87,68
735,736,P0736-6401-1,Romil Lad,1964-01-14,61,Male,A+,21.7,"H.No. 419, Bala Path",571009,Sleep Apnea,70,89
736,737,P0737-8510-1,Sahil Korpal,1985-10-21,39,Male,O+,23.6,"41/71, Tata Ganj",570007,Asthma,89,77
737,738,P0738-5409-2,Kanav Dhingra,1954-09-28,70,Female,A+,23.3,"H.No. 959, Datta Nagar",561004,Depression,86,54
738,739,P0739-9912-1,Nishith Lala,1999-12-12,25,Male,B-,22.3,"H.No. 69, Karpe Road",562010,Osteoporosis,76,70
739,740,P0740-6406-2,Shanaya Manne,1964-06-09,61,Female,B+,26.4,"985
Kant Zila",560027,Epilepsy,117,27
740,741,P0741-6910-2,Kiara Subramanian,1969-10-25,55,Female,AB+,27.1,"45/266, Wali Road",560023,Diabetes,124,23
741,742,P0742-7409-2,Riya Chand,1974-09-03,50,Female,B-,24.3,"90/700, Dutta Circle",560010,Sleep Apnea,96,10
742,743,P0743-9911-2,Renee Dave,1999-11-04,25,Female,O+,23.4,"H.No. 63, Gulati Chowk",560103,Osteoporosis,87,34
743,744,P0744-4310-2,Keya Ganguly,1943-10-06,81,Female,AB+,24.0,"54, Manda Nagar",570007,Heart Disease,93,77
744,745,P0745-4108-1,Jiya Tiwari,1941-08-23,83,Male,AB+,22.3,"69
Chokshi Ganj",560011,Healthy,76,11
745,746,P0746-6606-2,Divit Sahota,1966-06-10,59,Female,B+,25.8,"77/89
Kota Chowk",571005,Asthma,111,85
746,747,P0747-9303-2,Bhavin Rajagopal,1993-03-30,32,Female,B+,24.9,"H.No. 368, Sarna Circle",560015,Diabetes,102,15
747,748,P0748-7104-2,Dhanuk Kota,1971-04-21,54,Female,O+,25.8,"035
Tank Zila",560108,Heart Disease,111,39
748,749,P0749-6505-2,Sahil Behl,1965-05-30,60,Female,O+,24.8,"H.No. 04, Chana",561003,Healthy,101,53
749,750,P0750-0409-2,Hazel Walla,2004-09-25,20,Female,O-,24.1,"H.No. 826
Doctor",560015,Asthma,94,15
750,751,P0751-5710-1,Faiyaz Maharaj,1957-10-15,67,Male,AB+,23.1,"78
Shukla Marg",562001,Gout,84,61
751,752,P0752-4207-1,Madhup Yohannan,1942-07-12,83,Male,O+,23.1,"H.No. 794
Seshadri Marg",562002,Healthy,84,62
752,753,P0753-7906-2,Hrishita Kannan,1979-06-29,46,Female,B+,23.3,"53/115
Chandran Circle",560002,Depression,86,2
753,754,P0754-6711-2,Aaina Dhillon,1967-11-28,57,Female,B+,21.9,"44, Ramanathan Nagar",570009,Osteoporosis,72,79
754,755,P0755-6701-2,Baiju Gole,1967-01-26,58,Female,O+,24.1,"H.No. 92, Rama Path",562010,Sleep Apnea,94,70
755,756,P0756-9106-1,Inaaya  Hari,1991-06-16,34,Male,B-,19.1,"01/02
Jhaveri Zila",561005,Healthy,44,55
756,757,P0757-8912-1,Aarush Bahl,1989-12-02,35,Male,AB+,23.2,"94/196, Bawa Street",560209,Epilepsy,85,50
757,758,P0758-7710-2,Shray Ben,1977-10-13,47,Female,O+,25.8,"070
Raja Road",570002,Epilepsy,111,72
758,759,P0759-5502-1,Piya Kohli,1955-02-26,70,Male,O+,23.1,"90/57
Goyal Circle",572008,Asthma,84,98
759,760,P0760-9005-2,Kaira Chanda,1990-05-30,35,Female,A+,22.5,"88
Mane Path",560107,Osteoporosis,78,38
760,761,P0761-8806-1,Mahika Gole,1988-06-02,37,Male,O+,22.9,"85/544
Mane Nagar",560207,Hypertension,82,48
761,762,P0762-9111-2,Jiya Mammen,1991-11-20,33,Female,O+,22.4,"H.No. 913
Basak Chowk",561003,Hypertension,77,53
762,763,P0763-7403-2,Madhup Raman,1974-03-28,51,Female,A+,24.4,"H.No. 622, Khosla Street",560025,Dementia,97,25
763,764,P0764-6706-1,Arhaan Shan,1967-06-05,58,Male,A+,27.4,"36/63, Gulati Marg",572001,Dementia,127,91
764,765,P0765-4007-1,Saksham Hegde,1940-07-16,85,Male,B+,23.9,"41/18
Thaker Circle",572001,Osteoporosis,92,91
765,766,P0766-4408-2,Hiran Biswas,1944-08-08,80,Female,AB+,23.9,"87/177, Anne",562003,Asthma,92,63
766,767,P0767-4307-1,Badal Golla,1943-07-12,82,Male,O+,21.0,"935
Seshadri Marg",571004,Sleep Apnea,63,84
767,768,P0768-6904-1,Anahi Bava,1969-04-12,56,Male,O+,23.4,"969
Karnik Marg",562003,Gout,87,63
768,769,P0769-8306-1,Shayak Apte,1983-06-16,42,Male,B+,23.6,"H.No. 34
Rajagopalan Marg",571002,Depression,89,82
769,770,P0770-7709-1,Rania Sahni,1977-09-17,47,Male,A+,26.0,"H.No. 046
Dayal Road",560025,Osteoporosis,113,25
770,771,P0771-6407-1,Suhana Dugar,1964-07-21,60,Male,A+,25.2,"H.No. 98, Varkey Nagar",560200,Epilepsy,105,41
771,772,P0772-5401-2,Vivaan Kar,1954-01-08,71,Female,O+,22.9,"916, Kumer Road",560030,Healthy,82,30
772,773,P0773-7001-2,Shayak Sama,1970-01-14,55,Female,AB+,20.4,"37/69
Mallick Marg",572009,Healthy,57,99
773,774,P0774-8504-1,Divit Saraf,1985-04-22,40,Male,O+,26.0,"04, Suresh Zila",560005,Gout,113,5
774,775,P0775-6712-2,Kanav Wadhwa,1967-12-12,57,Female,O+,21.9,"75/90
Kapoor Zila",560016,Dementia,72,16
775,776,P0776-6911-1,Anaya Gade,1969-11-04,55,Male,A+,23.5,"783
Chandran Ganj",560013,Osteoporosis,88,13
776,777,P0777-9504-2,Dharmajan Sant,1995-04-15,30,Female,O-,21.7,"840, Deshpande Nagar",560206,Dementia,70,47
777,778,P0778-5005-2,Tarini Thakkar,1950-05-23,75,Female,A+,20.7,"93/587, Ganesh Marg",571003,Dementia,60,83
778,779,P0779-7712-2,Gatik Sodhi,1977-12-19,47,Female,O+,25.8,"03/34
Bala Street",560014,Gout,111,14
779,780,P0780-9206-1,Nitara Char,1992-06-19,33,Male,B-,22.8,"H.No. 44
Sarraf Road",571008,Hypertension,81,88
780,781,P0781-6903-2,Misha Karpe,1969-03-04,56,Female,O+,21.7,"74/413, Bava Nagar",560002,Asthma,70,2
781,782,P0782-8501-1,Nitya Sridhar,1985-01-05,40,Male,AB+,24.9,"80/30, Bandi Street",560206,Healthy,102,47
782,783,P0783-5605-2,Arhaan Chandra,1956-05-21,69,Female,O-,23.8,"34
Bora Marg",571008,Hypertension,91,88
783,784,P0784-8711-2,Shlok Kant,1987-11-11,37,Female,O+,23.0,"12
Varkey Chowk",561007,Epilepsy,83,57
784,785,P0785-9206-2,Mamooty Chad,1992-06-27,33,Female,O+,21.8,"645
Balan Nagar",570009,Healthy,71,79
785,786,P0786-9707-2,Miraan Wadhwa,1997-07-06,28,Female,O+,24.5,"977, Rajagopalan Path",570010,Hypertension,98,80
786,787,P0787-6108-1,Hrishita Bajwa,1961-08-28,63,Male,A-,22.6,"430, Sandhu Nagar",571009,Sleep Apnea,79,89
787,788,P0788-5706-1,Aarush Bahl,1957-06-06,68,Male,B+,25.1,"88/88, Rao Street",560201,Diabetes,104,42
788,789,P0789-8409-1,Khushi Aurora,1984-09-21,40,Male,AB+,24.9,"H.No. 593
Apte Ganj",571008,Diabetes,102,88
789,790,P0790-8003-1,Raghav Korpal,1980-03-30,45,Male,O+,23.9,"H.No. 646
Thaman Ganj",572002,Osteoporosis,92,92
790,791,P0791-7402-2,Jayan Thakkar,1974-02-27,51,Female,O+,26.6,"04/23, Bhardwaj Road",560004,Heart Disease,119,4
791,792,P0792-4111-1,Romil Raja,1941-11-20,83,Male,B-,22.9,"38/565, Chopra Circle",562006,Healthy,82,66
792,793,P0793-9309-1,Zaina Date,1993-09-25,31,Male,O-,27.3,"95/674
Sarraf Path",560009,Sleep Apnea,126,9
793,794,P0794-7105-2,Inaaya  Issac,1971-05-28,54,Female,A-,23.4,"61/39, Divan Street",561003,Asthma,87,53
794,795,P0795-6008-1,Anvi Joshi,1960-08-01,64,Male,B+,21.6,"H.No. 82
Ganesh Road",560004,Heart Disease,69,4
795,796,P0796-7407-2,Nitara Bawa,1974-07-13,51,Female,B+,26.4,"396, Khosla Street",570004,Depression,117,74
796,797,P0797-7602-1,Hiran Shenoy,1976-02-23,49,Male,B+,25.8,"30/582, Sridhar Path",571010,Heart Disease,111,90
797,798,P0798-9706-2,Rasha Vala,1997-06-08,28,Female,B+,20.6,"H.No. 651
Goel",560026,Asthma,59,26
798,799,P0799-9906-1,Dhanuk Sridhar,1999-06-26,26,Male,A+,24.4,"H.No. 964, Dave Chowk",562008,Sleep Apnea,97,68
799,800,P0800-4212-2,Vihaan Kala,1942-12-26,82,Female,O+,22.3,"89/86
Sehgal Circle",560023,Asthma,76,23
800,801,P0801-7907-1,Dhanuk Karnik,1979-07-26,45,Male,A+,24.5,"13/39
Banik Marg",560030,Healthy,98,30
801,802,P0802-8612-2,Jayesh Warrior,1986-12-13,38,Female,O+,25.6,"50/49
Sama Zila",562007,Depression,109,67
802,803,P0803-8401-2,Vedika Chand,1984-01-31,41,Female,O-,21.8,"H.No. 25, Kannan Chowk",560019,Healthy,71,19
803,804,P0804-9004-2,Nirvaan Sarraf,1990-04-14,35,Female,B+,24.9,"873, Saran",560007,Healthy,102,7
804,805,P0805-6901-2,Adah Mallick,1969-01-12,56,Female,A+,22.6,"26/80
Ghose Ganj",571005,Hypertension,79,85
805,806,P0806-6212-2,Prerak Bora,1962-12-10,62,Female,B+,24.6,"21
Sastry Circle",560005,Sleep Apnea,99,5
806,807,P0807-6210-2,Aayush Biswas,1962-10-12,62,Female,O+,26.4,"327, Zacharia Circle",571008,Heart Disease,117,88
807,808,P0808-7805-2,Aarush Kunda,1978-05-02,47,Female,O+,24.7,"331
Sha Circle",571007,Osteoporosis,100,87
808,809,P0809-5509-2,Rohan Kalita,1955-09-17,69,Female,B-,26.7,"29/09, Contractor Nagar",560103,Heart Disease,120,34
809,810,P0810-8404-2,Chirag Chanda,1984-04-06,41,Female,A+,18.8,"H.No. 238
Varghese Chowk",560101,Asthma,41,32
810,811,P0811-7102-2,Oorja Sood,1971-02-13,54,Female,O+,25.0,"H.No. 79
Dugar Nagar",562006,Hypertension,103,66
811,812,P0812-8807-1,Yasmin Ramaswamy,1988-07-28,36,Male,O-,22.3,"H.No. 726, Trivedi Street",560010,Diabetes,76,10
812,813,P0813-7709-1,Trisha Chada,1977-09-26,47,Male,B+,23.9,"188
Ben Chowk",560012,Hypertension,92,12
813,814,P0814-7912-1,Vivaan Swamy,1979-12-23,45,Male,A-,23.8,"H.No. 230, De Street",560203,Heart Disease,91,44
814,815,P0815-8111-1,Kanav Chaudhry,1981-11-10,43,Male,O-,21.0,"32/532, Ram Zila",560023,Heart Disease,63,23
815,816,P0816-8210-2,Akarsh Zachariah,1982-10-11,42,Female,AB+,20.4,"78
Grover",570008,Dementia,57,78
816,817,P0817-6808-1,Prerak Brahmbhatt,1968-08-21,56,Male,O+,24.3,"95, Raj Street",562010,Asthma,96,70
817,818,P0818-9901-2,Tiya Sura,1999-01-01,26,Female,O+,23.5,"22/941, Vyas Zila",560205,Gout,88,46
818,819,P0819-6003-1,Pranay Raval,1960-03-01,65,Male,AB+,26.8,"83/18
Sekhon",560005,Dementia,121,5
819,820,P0820-7810-2,Kavya Ramachandran,1978-10-21,46,Female,A+,23.6,"H.No. 10
Choudhary Ganj",560001,Diabetes,89,1
820,821,P0821-8607-1,Abram Grover,1986-07-30,38,Male,O+,23.8,"26, Dhillon Road",562010,Sleep Apnea,91,70
821,822,P0822-4301-1,Ayesha Vasa,1943-01-30,82,Male,A-,22.5,"22/482
Kala Marg",571003,Asthma,78,83
822,823,P0823-4408-2,Fateh Srinivasan,1944-08-08,80,Female,O-,23.2,"H.No. 317
Goswami Ganj",571008,Epilepsy,85,88
823,824,P0824-5704-2,Himmat Chadha,1957-04-12,68,Female,A-,19.6,"32/816
Deo Road",560102,Healthy,49,33
824,825,P0825-0306-2,Taimur Dara,2003-06-12,22,Female,A+,24.2,"H.No. 832
Aggarwal Street",560108,Osteoporosis,95,39
825,826,P0826-5205-1,Reyansh Shukla,1952-05-19,73,Male,O+,26.2,"79/95, Shan Zila",560012,Depression,115,12
826,827,P0827-5810-1,Purab Balay,1958-10-17,66,Male,A+,23.1,"27
Ganesh Marg",562002,Asthma,84,62
827,828,P0828-6511-1,Prerak Kuruvilla,1965-11-19,59,Male,B+,24.8,"18
Sankar Circle",572002,Hypertension,101,92
828,829,P0829-6804-1,Vardaniya Sant,1968-04-07,57,Male,B-,27.0,"92/025, Ramakrishnan",560003,Healthy,123,3
829,830,P0830-6511-2,Devansh Magar,1965-11-08,59,Female,A+,26.5,"H.No. 98, Solanki Road",560006,Healthy,118,6
830,831,P0831-4801-2,Shalv Sarma,1948-01-12,77,Female,A+,24.6,"648
Lata Zila",571005,Osteoporosis,99,85
831,832,P0832-8911-1,Shamik Boase,1989-11-27,35,Male,B-,26.2,"30/03
Kalita Street",560101,Depression,115,32
832,833,P0833-4111-1,Saksham Bhargava,1941-11-10,83,Male,A+,26.0,"H.No. 72
Venkatesh Road",560025,Asthma,113,25
833,834,P0834-5011-2,Tara Singhal,1950-11-13,74,Female,AB+,20.8,"H.No. 26, Mallick Road",560107,Asthma,61,38
834,835,P0835-9909-2,Umang Wagle,1999-09-17,25,Female,O-,23.3,"H.No. 43
Kulkarni Path",560016,Gout,86,16
835,836,P0836-6205-1,Indranil Kaur,1962-05-19,63,Male,O+,26.2,"927, Gaba Circle",571005,Hypertension,115,85
836,837,P0837-7510-2,Neysa Subramaniam,1975-10-02,49,Female,AB+,23.9,"725, Kala Ganj",561004,Gout,92,54
837,838,P0838-6703-1,Indranil Lala,1967-03-31,58,Male,O+,24.0,"58/75, Saraf Road",560025,Diabetes,93,25
838,839,P0839-9806-1,Zeeshan Varughese,1998-06-21,27,Male,O+,22.5,"377, Babu Zila",562003,Diabetes,78,63
839,840,P0840-9008-2,Mohanlal Halder,1990-08-02,34,Female,A-,22.2,"54/93, Jha Marg",572002,Epilepsy,75,92
840,841,P0841-7209-2,Ryan Rastogi,1972-09-19,52,Female,A-,25.0,"39
Gokhale Road",560007,Gout,103,7
841,842,P0842-8602-1,Madhav Rout,1986-02-05,39,Male,A+,21.6,"H.No. 357, Atwal Circle",570005,Gout,69,75
842,843,P0843-4505-1,Pari Bhavsar,1945-05-15,80,Male,O+,25.2,"73, Sabharwal Ganj",562008,Hypertension,105,68
843,844,P0844-8204-2,Tushar Golla,1982-04-29,43,Female,B+,23.1,"H.No. 560
Bir Street",560017,Asthma,84,17
844,845,P0845-7107-2,Drishya Bhattacharyya,1971-07-23,53,Female,O+,24.3,"H.No. 663, Chander Street",561010,Hypertension,96,60
845,846,P0846-5708-2,Elakshi Divan,1957-08-14,67,Female,B+,24.4,"521
Datta Marg",560008,Gout,97,8
846,847,P0847-7810-1,Mishti Bawa,1978-10-29,46,Male,O+,24.4,"615, Anne Nagar",570005,Heart Disease,97,75
847,848,P0848-5310-2,Ira Khanna,1953-10-18,71,Female,A+,23.7,"H.No. 09
Divan Street",570003,Dementia,90,73
848,849,P0849-0306-2,Ira Kibe,2003-06-21,22,Female,AB-,21.5,"701
Agarwal Zila",561004,Epilepsy,68,54
849,850,P0850-9707-1,Kartik Das,1997-07-27,27,Male,B+,25.4,"06/262
Kade",562001,Healthy,107,61
850,851,P0851-8805-2,Advika Ghose,1988-05-12,37,Female,A+,22.9,"69/784, Venkatesh Chowk",561006,Osteoporosis,82,56
851,852,P0852-4503-1,Prisha Biswas,1945-03-11,80,Male,A+,24.0,"93/781, Loke Zila",560023,Asthma,93,23
852,853,P0853-4211-2,Shanaya Aurora,1942-11-29,82,Female,O+,22.4,"42/86
Gokhale Chowk",561003,Healthy,77,53
853,854,P0854-8211-2,Misha Wali,1982-11-14,42,Female,B+,20.9,"H.No. 91, Chadha Marg",560109,Heart Disease,62,40
854,855,P0855-6404-1,Emir Bawa,1964-04-15,61,Male,O+,22.7,"H.No. 001
Saran Street",570009,Asthma,80,79
855,856,P0856-4105-2,Indranil Chaudhary,1941-05-15,84,Female,O+,23.7,"86/876, Ratta Street",571002,Dementia,90,82
856,857,P0857-6905-2,Trisha Korpal,1969-05-25,56,Female,A-,21.6,"24
Bakshi Marg",560204,Diabetes,69,45
857,858,P0858-4105-2,Nakul Bhatt,1941-05-09,84,Female,A+,25.7,"08, Gupta Path",560101,Hypertension,110,32
858,859,P0859-8912-1,Saira Kata,1989-12-28,35,Male,O+,25.3,"49
Chowdhury Ganj",560202,Sleep Apnea,106,43
859,860,P0860-8311-1,Hunar Bhakta,1983-11-14,41,Male,O+,20.7,"64/74
Sachar Road",562003,Healthy,60,63
860,861,P0861-6712-1,Samarth Dubey,1967-12-18,57,Male,AB+,23.0,"87/215
Tripathi Chowk",560026,Healthy,83,26
861,862,P0862-7903-1,Raunak Babu,1979-03-11,46,Male,O+,26.9,"07/22
Mangat Ganj",571002,Heart Disease,122,82
862,863,P0863-6105-1,Mannat Keer,1961-05-28,64,Male,O+,23.5,"H.No. 79, Brahmbhatt Path",560007,Diabetes,88,7
863,864,P0864-9701-1,Kismat Dani,1997-01-02,28,Male,B-,23.7,"05/672
Mann Zila",570008,Asthma,90,78
864,865,P0865-6510-1,Vidur Chander,1965-10-06,59,Male,B-,22.6,"H.No. 820
Subramaniam",560004,Gout,79,4
865,866,P0866-4105-2,Myra Andra,1941-05-08,84,Female,A+,26.4,"994
Iyengar Street",562008,Asthma,117,68
866,867,P0867-8207-1,Khushi Shere,1982-07-21,42,Male,AB+,26.6,"H.No. 25
Guha Street",571009,Diabetes,119,89
867,868,P0868-7111-2,Romil Hans,1971-11-30,53,Female,A+,21.7,"H.No. 77, Shah Road",561007,Epilepsy,70,57
868,869,P0869-9508-1,Pari Khalsa,1995-08-19,29,Male,O+,23.8,"780
Sachar Chowk",561005,Osteoporosis,91,55
869,870,P0870-6506-2,Vritika Comar,1965-06-02,60,Female,B+,25.2,"570
Rama Nagar",560105,Epilepsy,105,36
870,871,P0871-5809-1,Rohan Dhar,1958-09-07,66,Male,A+,26.4,"56
Mand Road",560208,Sleep Apnea,117,49
871,872,P0872-5909-1,Khushi Tripathi,1959-09-07,65,Male,O+,20.4,"34, Kade",560029,Epilepsy,57,29
872,873,P0873-7708-1,Priyansh Aurora,1977-08-30,47,Male,A-,26.8,"81/36
Guha",560007,Hypertension,121,7
873,874,P0874-4901-1,Kanav Lad,1949-01-24,76,Male,A+,20.5,"46/39, Mahajan Zila",562005,Diabetes,58,65
874,875,P0875-6012-1,Jiya Balakrishnan,1960-12-30,64,Male,O+,25.2,"63
Dhaliwal Road",562006,Hypertension,105,66
875,876,P0876-5301-2,Prerak Bansal,1953-01-13,72,Female,O+,26.8,"44
Sibal Nagar",570006,Asthma,121,76
876,877,P0877-8701-1,Piya Ravi,1987-01-31,38,Male,O-,26.9,"35/21
Majumdar Nagar",571003,Diabetes,122,83
877,878,P0878-0508-2,Jayant Sani,2005-08-28,19,Female,O+,24.8,"45/337, Kothari Path",570009,Healthy,101,79
878,879,P0879-7105-2,Kaira Dar,1971-05-19,54,Female,O-,23.0,"46/51
Chadha",560001,Depression,83,1
879,880,P0880-5209-1,Umang Lal,1952-09-14,72,Male,O+,25.2,"H.No. 912, Kala",560025,Diabetes,105,25
880,881,P0881-5108-2,Amira Kumar,1951-08-30,73,Female,A+,24.7,"50, Tara Path",560006,Hypertension,100,6
881,882,P0882-0508-2,Vaibhav Singhal,2005-08-08,19,Female,B-,23.1,"H.No. 11, Keer Circle",570006,Dementia,84,76
882,883,P0883-5302-1,Kashvi Barad,1953-02-08,72,Male,O+,21.4,"27/49
Sastry Marg",562002,Hypertension,67,62
883,884,P0884-5305-2,Vanya Buch,1953-05-01,72,Female,A+,22.0,"01/98, Sodhi Marg",562010,Hypertension,73,70
884,885,P0885-6410-1,Nirvaan De,1964-10-06,60,Male,A+,24.2,"H.No. 13, Sankar Path",572009,Osteoporosis,95,99
885,886,P0886-4510-2,Shayak Goyal,1945-10-07,79,Female,B+,25.4,"94/692, Chanda Marg",570007,Asthma,107,77
886,887,P0887-6002-1,Aarna Kant,1960-02-15,65,Male,O+,24.5,"68, Dash",561004,Gout,98,54
887,888,P0888-7711-1,Jayant Iyer,1977-11-15,47,Male,O+,22.9,"35/04
Bir Chowk",572009,Healthy,82,99
888,889,P0889-9210-2,Riaan Kala,1992-10-06,32,Female,O+,24.7,"46/23, Sarkar Marg",560025,Hypertension,100,25
889,890,P0890-6804-1,Rasha Bir,1968-04-07,57,Male,O+,23.2,"798, Cheema Marg",560207,Sleep Apnea,85,48
890,891,P0891-4806-1,Myra Mandal,1948-06-17,77,Male,B+,24.0,"134
Raval Zila",571002,Hypertension,93,82
891,892,P0892-5312-2,Aarush Ram,1953-12-24,71,Female,A+,24.6,"16/365
Sachar Nagar",560024,Sleep Apnea,99,24
892,893,P0893-7905-2,Vihaan Chatterjee,1979-05-23,46,Female,AB+,26.3,"H.No. 481
Garg",560018,Healthy,116,18
893,894,P0894-6504-1,Kismat Dutt,1965-04-05,60,Male,A-,26.3,"88/463
Anne Zila",560107,Depression,116,38
894,895,P0895-0206-2,Nishith Tiwari,2002-06-20,23,Female,B+,25.2,"06/90
Varughese Zila",560200,Hypertension,105,41
895,896,P0896-8806-1,Kabir Mall,1988-06-20,37,Male,B+,24.3,"39/177, Jani Ganj",560016,Gout,96,16
896,897,P0897-8505-2,Devansh Gaba,1985-05-25,40,Female,B+,26.4,"H.No. 17, Swaminathan Street",560018,Healthy,117,18
897,898,P0898-9710-1,Yuvaan Khanna,1997-10-16,27,Male,O+,26.3,"38, Walia Street",560102,Osteoporosis,116,33
898,899,P0899-5009-2,Shalv Sarna,1950-09-25,74,Female,B+,24.7,"663, Chaudhari Zila",562002,Dementia,100,62
899,900,P0900-7206-2,Raghav Malhotra,1972-06-06,53,Female,O+,26.3,"H.No. 239
Lall Road",571004,Asthma,116,84
900,901,P0901-4101-1,Shamik Boase,1941-01-03,84,Male,B+,23.8,"H.No. 10
Thaman Path",572001,Dementia,91,91
901,902,P0902-4810-2,Tarini Khanna,1948-10-27,76,Female,O+,24.4,"57, Sarma Zila",570009,Heart Disease,97,79
902,903,P0903-7412-1,Hrishita Swaminathan,1974-12-06,50,Male,O+,26.4,"686
Bandi",562007,Osteoporosis,117,67
903,904,P0904-0107-1,Ela Barad,2001-07-06,24,Male,A+,28.7,"34/185
Batta Marg",570009,Gout,140,79
904,905,P0905-6509-2,Alisha Ratta,1965-09-04,59,Female,A-,24.6,"401
Batta Nagar",560205,Dementia,99,46
905,906,P0906-5205-1,Shray Gola,1952-05-20,73,Male,O-,23.7,"29, Barman Road",560003,Asthma,90,3
906,907,P0907-8011-1,Devansh Vyas,1980-11-24,44,Male,O+,25.4,"40/933
Yogi Circle",560004,Asthma,107,4
907,908,P0908-7203-2,Veer Ray,1972-03-16,53,Female,O+,20.1,"H.No. 33
Kannan Road",572008,Sleep Apnea,54,98
908,909,P0909-5512-1,Anay Ben,1955-12-13,69,Male,B+,21.7,"278, Gaba Marg",560017,Diabetes,70,17
909,910,P0910-8210-2,Jayan Sinha,1982-10-01,42,Female,AB+,21.8,"H.No. 067, Venkatesh Chowk",560002,Heart Disease,71,2
910,911,P0911-6104-2,Kiaan Saxena,1961-04-14,64,Female,B-,22.3,"47/70, Dhingra",560016,Gout,76,16
911,912,P0912-9410-1,Aaryahi Kulkarni,1994-10-30,30,Male,O-,23.2,"H.No. 58
Dube Circle",560006,Diabetes,85,6
912,913,P0913-6004-2,Vivaan Chawla,1960-04-03,65,Female,O+,27.0,"23/920, Mander Circle",570006,Hypertension,123,76
913,914,P0914-9511-1,Lakshay Kapadia,1995-11-17,29,Male,A+,22.6,"85, Dutt",560016,Epilepsy,79,16
914,915,P0915-7002-1,Siya Goel,1970-02-10,55,Male,O+,25.7,"68/298
Toor Marg",560012,Epilepsy,110,12
915,916,P0916-8205-1,Aradhya Chaudhari,1982-05-10,43,Male,O-,23.2,"371, Sarin Road",560003,Depression,85,3
916,917,P0917-7204-1,Jivin Ganesan,1972-04-02,53,Male,A+,23.3,"85/847
Dua Path",560001,Epilepsy,86,1
917,918,P0918-0209-1,Seher Lad,2002-09-20,22,Male,O+,27.8,"H.No. 127
Goyal",570004,Hypertension,131,74
918,919,P0919-9902-2,Suhana Deshmukh,1999-02-17,26,Female,A+,27.3,"485
Sur Nagar",561007,Depression,126,57
919,920,P0920-9204-2,Nirvi Sehgal,1992-04-20,33,Female,B+,23.4,"05/61
Dhawan Zila",560101,Epilepsy,87,32
920,921,P0921-5601-1,Tushar Apte,1956-01-25,69,Male,O+,24.7,"646, Dua",560208,Osteoporosis,100,49
921,922,P0922-4805-1,Shayak Gupta,1948-05-24,77,Male,AB+,26.5,"576
Vaidya Nagar",561005,Osteoporosis,118,55
922,923,P0923-9608-1,Myra Chandra,1996-08-03,28,Male,B+,23.8,"H.No. 84, Sethi Zila",560205,Sleep Apnea,91,46
923,924,P0924-7907-1,Samaira Loke,1979-07-11,46,Male,B-,24.6,"43/70
Sur Marg",572003,Healthy,99,93
924,925,P0925-0403-1,Parinaaz Chanda,2004-03-31,21,Male,O+,25.2,"507, Wali Chowk",560006,Epilepsy,105,6
925,926,P0926-0104-2,Misha Ranganathan,2001-04-08,24,Female,O+,20.4,"H.No. 370, Ghosh Road",562005,Dementia,57,65
926,927,P0927-9410-1,Miraya Swamy,1994-10-23,30,Male,AB+,21.2,"40/261
Gopal Zila",562006,Osteoporosis,65,66
927,928,P0928-9411-2,Ranbir Subramaniam,1994-11-30,30,Female,O+,19.3,"30/172
De Chowk",560206,Diabetes,46,47
928,929,P0929-7605-2,Indrans Deol,1976-05-08,49,Female,A+,25.1,"H.No. 94, Sharma Ganj",560003,Healthy,104,3
929,930,P0930-9207-1,Riya Bandi,1992-07-12,32,Male,O+,25.2,"196, Hari Street",560205,Depression,105,46
930,931,P0931-6007-1,Amira Ratti,1960-07-13,65,Male,B+,23.3,"41/07
Divan Circle",560005,Healthy,86,5
931,932,P0932-7705-1,Vedika Chakrabarti,1977-05-13,48,Male,B+,23.8,"97, Lanka Street",571007,Osteoporosis,91,87
932,933,P0933-8409-2,Lavanya Chandran,1984-09-08,40,Female,O+,26.1,"42/77
Sankaran Street",562009,Depression,114,69
933,934,P0934-6110-1,Yuvaan Sethi,1961-10-21,63,Male,AB+,22.7,"65
Madan Circle",560107,Healthy,80,38
934,935,P0935-5812-2,Eva Raj,1958-12-30,66,Female,A+,23.5,"97
Manne Nagar",560027,Heart Disease,88,27
935,936,P0936-7612-1,Kavya Dugar,1976-12-10,48,Male,B+,23.7,"48, Lanka Ganj",561005,Gout,90,55
936,937,P0937-9007-2,Yakshit Roy,1990-07-08,35,Female,A+,25.2,"35/485, Trivedi Marg",560009,Healthy,105,9
937,938,P0938-6406-1,Zara Dash,1964-06-10,61,Male,AB+,25.9,"231, Kashyap Path",560024,Sleep Apnea,112,24
938,939,P0939-0105-2,Nirvaan Ahluwalia,2001-05-07,24,Female,B-,22.2,"45/114
Cherian Path",562003,Osteoporosis,75,63
939,940,P0940-5103-1,Ojas Babu,1951-03-23,74,Male,O-,24.9,"34/380
Chad Ganj",560108,Asthma,102,39
940,941,P0941-9803-1,Ranbir Badami,1998-03-09,27,Male,O+,24.5,"479, Gola Street",560206,Depression,98,47
941,942,P0942-4512-2,Saksham Bora,1945-12-19,79,Female,B-,23.8,"35
Ray Chowk",571002,Asthma,91,82
942,943,P0943-7807-2,Advika Vyas,1978-07-28,46,Female,B-,25.8,"69/486
Sabharwal Ganj",572010,Diabetes,111,100
943,944,P0944-8210-1,Sumer Bhatia,1982-10-16,42,Male,O+,25.9,"07/35
Shroff Road",560021,Diabetes,112,21
944,945,P0945-0110-1,Baiju Tara,2001-10-23,23,Male,B-,27.7,"00/24
Dyal Zila",562002,Osteoporosis,130,62
945,946,P0946-4708-1,Vaibhav Dyal,1947-08-28,77,Male,O+,22.3,"H.No. 226, Iyengar Ganj",560014,Depression,76,14
946,947,P0947-6711-2,Vardaniya Master,1967-11-18,57,Female,O+,27.7,"254, Sidhu Zila",561001,Depression,130,51
947,948,P0948-5011-2,Navya Som,1950-11-14,74,Female,O+,23.5,"H.No. 802
Krishnan Chowk",561003,Epilepsy,88,53
948,949,P0949-4403-2,Shray Chakraborty,1944-03-07,81,Female,B-,26.8,"H.No. 319, Sibal Zila",561008,Sleep Apnea,121,58
949,950,P0950-4011-2,Umang Golla,1940-11-24,84,Female,O+,23.9,"64/409, Sachdeva Street",560102,Asthma,92,33
950,951,P0951-9603-1,Lakshit Vala,1996-03-02,29,Male,O-,24.8,"008
Dar Path",562004,Asthma,101,64
951,952,P0952-6112-2,Amani Shere,1961-12-15,63,Female,AB-,24.2,"H.No. 54, Singhal Marg",561009,Dementia,95,59
952,953,P0953-4008-2,Kiaan Sibal,1940-08-01,84,Female,B+,27.0,"H.No. 52, Randhawa Marg",560001,Hypertension,123,1
953,954,P0954-9502-1,Shamik Sankar,1995-02-24,30,Male,O+,22.0,"H.No. 134
Sharaf Ganj",561005,Diabetes,73,55
954,955,P0955-8806-1,Eva Lata,1988-06-08,37,Male,O+,27.7,"02/29, Banerjee Path",562009,Depression,130,69
955,956,P0956-4104-1,Azad Dhaliwal,1941-04-27,84,Male,B+,24.8,"H.No. 464
Ganesan Street",571004,Osteoporosis,101,84
956,957,P0957-0204-2,Adah Datta,2002-04-25,23,Female,B+,23.7,"565, Bava Nagar",570007,Dementia,90,77
957,958,P0958-8404-1,Mehul Saini,1984-04-04,41,Male,O+,24.6,"H.No. 877
Apte Road",560204,Sleep Apnea,99,45
958,959,P0959-5410-2,Shanaya Saxena,1954-10-01,70,Female,B+,26.4,"470
Sangha Path",560209,Osteoporosis,117,50
959,960,P0960-9710-2,Oorja Gole,1997-10-17,27,Female,B+,21.4,"H.No. 443
Bhandari Street",560027,Osteoporosis,67,27
960,961,P0961-7606-2,Emir Ghosh,1976-06-18,49,Female,B+,22.6,"41/203, Char Nagar",560011,Healthy,79,11
961,962,P0962-4411-2,Ehsaan Issac,1944-11-02,80,Female,B-,27.4,"34/59
Baria Path",571004,Sleep Apnea,127,84
962,963,P0963-9301-2,Taran Kumar,1993-01-19,32,Female,B+,23.4,"H.No. 076, Dar",560013,Depression,87,13
963,964,P0964-4209-1,Jivin Aggarwal,1942-09-21,82,Male,A+,24.5,"H.No. 611, Solanki Path",560208,Gout,98,49
964,965,P0965-6906-1,Azad Kade,1969-06-15,56,Male,O+,23.5,"H.No. 37
Batta Road",570008,Epilepsy,88,78
965,966,P0966-0511-1,Uthkarsh Soman,2005-11-25,19,Male,B+,21.4,"06/51
Dayal Ganj",562007,Depression,67,67
966,967,P0967-7510-2,Azad Borde,1975-10-16,49,Female,A-,23.6,"94, Gill Ganj",560202,Osteoporosis,89,43
967,968,P0968-4602-1,Lavanya Gandhi,1946-02-16,79,Male,B-,27.0,"810
Vaidya Zila",560005,Sleep Apnea,123,5
968,969,P0969-9203-1,Rohan Choudhary,1992-03-11,33,Male,B+,22.6,"91/527
Chopra Nagar",560029,Healthy,79,29
969,970,P0970-7007-1,Nitya Solanki,1970-07-08,55,Male,O+,22.5,"09/31, Toor Ganj",571004,Epilepsy,78,84
970,971,P0971-6502-1,Zara Sidhu,1965-02-17,60,Male,O+,20.4,"52
Arya Marg",560100,Heart Disease,57,31
971,972,P0972-5111-2,Sana Savant,1951-11-30,73,Female,O+,22.7,"809
Batra Path",560018,Epilepsy,80,18
972,973,P0973-0209-2,Zara Walla,2002-09-30,22,Female,A+,25.1,"H.No. 534
Dutt Chowk",562003,Depression,104,63
973,974,P0974-8901-2,Jhanvi Balay,1989-01-19,36,Female,B+,23.3,"H.No. 01
Tella Road",561007,Diabetes,86,57
974,975,P0975-0506-2,Tejas Khanna,2005-06-25,20,Female,O+,26.8,"H.No. 111, Kapur Path",560024,Epilepsy,121,24
975,976,P0976-0303-1,Madhav Sinha,2003-03-14,22,Male,A+,24.9,"95/172
Dugal Road",560023,Osteoporosis,102,23
976,977,P0977-4404-2,Gatik Bahri,1944-04-22,81,Female,O+,27.2,"H.No. 100, Soni Road",560020,Heart Disease,125,20
977,978,P0978-6405-1,Seher Ramesh,1964-05-08,61,Male,O+,21.8,"588, Khatri Nagar",572001,Osteoporosis,71,91
978,979,P0979-7411-1,Jayan Gera,1974-11-24,50,Male,B+,21.7,"720, Ahuja Zila",562001,Dementia,70,61
979,980,P0980-8306-1,Gatik Chaudry,1983-06-18,42,Male,O+,21.3,"33/58
Bahl Zila",570005,Diabetes,66,75
980,981,P0981-7007-1,Kiaan Bala,1970-07-20,54,Male,B+,23.2,"12/218, Rama Chowk",560019,Healthy,85,19
981,982,P0982-7011-2,Mamooty Sarkar,1970-11-26,54,Female,A+,28.2,"407
Chaudhry Chowk",571005,Healthy,135,85
982,983,P0983-5706-2,Anika Tank,1957-06-18,68,Female,O+,25.7,"H.No. 94
Lala Chowk",571003,Sleep Apnea,110,83
983,984,P0984-6911-1,Pari Bal,1969-11-28,55,Male,B+,26.5,"952
Borde Zila",572005,Diabetes,118,95
984,985,P0985-5903-1,Umang Mannan,1959-03-07,66,Male,O-,22.3,"20/842
Wali",560005,Diabetes,76,5
985,986,P0986-7604-2,Parinaaz Venkatesh,1976-04-02,49,Female,O+,23.9,"863, Kade Street",560009,Sleep Apnea,92,9
986,987,P0987-5803-2,Faiyaz Bala,1958-03-11,67,Female,O+,23.9,"99/610
Venkatesh Marg",572008,Diabetes,92,98
987,988,P0988-9407-2,Dishani Zachariah,1994-07-30,30,Female,A-,23.6,"30/80, Krishnan Marg",560105,Epilepsy,89,36
988,989,P0989-4204-2,Manikya Buch,1942-04-24,83,Female,B+,25.8,"66, Shanker Path",571010,Heart Disease,111,90
989,990,P0990-7512-1,Anya Gill,1975-12-06,49,Male,B+,22.7,"78/144, Rao Path",560206,Hypertension,80,47
990,991,P0991-7310-2,Sumer Karan,1973-10-13,51,Female,B+,24.4,"41
Gill Circle",560010,Diabetes,97,10
991,992,P0992-7703-1,Reyansh Bajwa,1977-03-01,48,Male,O+,22.0,"55/727
Dutt Zila",560018,Asthma,73,18
992,993,P0993-7006-2,Riaan Atwal,1970-06-21,55,Female,O+,23.9,"82
Sundaram Marg",560002,Asthma,92,2
993,994,P0994-7106-1,Jayesh Johal,1971-06-12,54,Male,A+,22.9,"037
Garg Chowk",560101,Epilepsy,82,32
994,995,P0995-8905-2,Kaira Srinivasan,1989-05-27,36,Female,A+,27.6,"08/955, Kadakia Nagar",561003,Gout,129,53
995,996,P0996-8312-1,Kashvi Gola,1983-12-19,41,Male,B+,26.6,"37
Buch Nagar",560209,Gout,119,50
996,997,P0997-0310-1,Saira Varughese,2003-10-19,21,Male,O+,26.3,"11/91
Bawa",570003,Hypertension,116,73
997,998,P0998-8408-2,Kartik Singhal,1984-08-12,40,Female,B+,21.5,"07/89, Bhatnagar Street",562004,Hypertension,68,64
998,999,P0999-5311-1,Pranay Anne,1953-11-24,71,Male,B+,24.9,"H.No. 041
Sampath Chowk",570005,Depression,102,75
999,1000,P1000-9301-1,Nakul Lala,1993-01-12,32,Male,O-,22.2,"22, Grewal Road",561001,Depression,75,51
1000,1001,P1001-0106-1,Neelofar Sahni,2001-06-12,24,Male,O+,24.5,"29
Kale Chowk",570004,Healthy,98,74
1001,1002,P1002-7304-2,Ivana Mani,1973-04-16,52,Female,B-,26.8,"54/536
Choudhry Nagar",560006,Hypertension,121,6
1002,1003,P1003-7604-2,Parinaaz Kaul,1976-04-06,49,Female,B+,25.0,"97, Bumb Path",561002,Heart Disease,103,52
1003,1004,P1004-0502-2,Alia Iyer,2005-02-04,20,Female,B+,24.8,"H.No. 812, Dara Nagar",560022,Diabetes,101,22
1004,1005,P1005-6305-1,Kartik Suri,1963-05-01,62,Male,AB+,22.3,"56/556, Kota Circle",560018,Gout,76,18
1005,1006,P1006-9111-1,Yasmin Jaggi,1991-11-29,33,Male,O+,25.2,"05, Ram Zila",571009,Heart Disease,105,89
1006,1007,P1007-0312-2,Nehmat Kade,2003-12-25,21,Female,B+,24.9,"H.No. 887
Agrawal Circle",570003,Asthma,102,73
1007,1008,P1008-5107-2,Mehul Kalla,1951-07-21,73,Female,AB+,27.3,"763
Garg Chowk",571005,Sleep Apnea,126,85
1008,1009,P1009-5205-1,Mehul Hora,1952-05-05,73,Male,O+,27.2,"H.No. 923
Gara Road",570001,Asthma,125,71
1009,1010,P1010-7912-2,Jayan Hari,1979-12-16,45,Female,A-,23.9,"286
Dhar Road",571009,Asthma,92,89
1010,1011,P1011-7204-2,Fateh Barman,1972-04-12,53,Female,O+,24.7,"893
Baria Street",570001,Hypertension,100,71
1011,1012,P1012-7905-1,Ehsaan Dugar,1979-05-07,46,Male,O+,19.2,"808, Dubey Nagar",562004,Heart Disease,45,64
1012,1013,P1013-8304-1,Nishith Dixit,1983-04-12,42,Male,B+,22.6,"H.No. 23, Anand Circle",560023,Asthma,79,23
1013,1014,P1014-7804-2,Shamik Lanka,1978-04-04,47,Female,O+,27.3,"H.No. 223
Bhattacharyya",562009,Hypertension,126,69
1014,1015,P1015-7410-1,Aarush Jha,1974-10-09,50,Male,O+,26.0,"46/886, Ahluwalia",560011,Dementia,113,11
1015,1016,P1016-4109-2,Vritika Ray,1941-09-03,83,Female,B+,23.0,"87
Ghosh Circle",572006,Gout,83,96
1016,1017,P1017-0112-1,Prisha Kari,2001-12-14,23,Male,O+,24.5,"529
Swaminathan Chowk",560205,Dementia,98,46
1017,1018,P1018-5805-2,Diya Edwin,1958-05-24,67,Female,A-,24.2,"37/708, Sani Path",560030,Healthy,95,30
1018,1019,P1019-5203-2,Pari Chana,1952-03-29,73,Female,A+,23.5,"46, Mander Path",560028,Epilepsy,88,28
1019,1020,P1020-8110-1,Shamik Borra,1981-10-27,43,Male,AB-,22.1,"H.No. 52, Sankar Zila",560023,Depression,74,23
1020,1021,P1021-9608-2,Saira Guha,1996-08-11,28,Female,O+,18.8,"67, Ganguly Ganj",560019,Asthma,41,19
1021,1022,P1022-4805-2,Myra Dhawan,1948-05-07,77,Female,B+,22.8,"240
Sani",561003,Sleep Apnea,81,53
1022,1023,P1023-4610-1,Zain Krish,1946-10-17,78,Male,O+,19.6,"H.No. 597, Badami Road",560024,Heart Disease,49,24
1023,1024,P1024-6410-2,Stuvan Tara,1964-10-11,60,Female,B-,26.3,"64
Ramaswamy Path",570006,Epilepsy,116,76
1024,1025,P1025-9209-1,Siya Chad,1992-09-14,32,Male,AB+,22.4,"80/856, Mammen Marg",572004,Depression,77,94
1025,1026,P1026-7801-2,Tejas Sunder,1978-01-15,47,Female,O-,22.0,"H.No. 19, Subramaniam Path",572001,Healthy,73,91
1026,1027,P1027-5702-2,Romil Hora,1957-02-19,68,Female,A+,22.9,"H.No. 48
Tandon Circle",572005,Gout,82,95
1027,1028,P1028-4012-2,Misha Bumb,1940-12-03,84,Female,A+,25.4,"206, Bhat Ganj",560103,Gout,107,34
1028,1029,P1029-7711-1,Vihaan Saraf,1977-11-03,47,Male,AB+,25.3,"H.No. 09, Manne Chowk",571007,Epilepsy,106,87
1029,1030,P1030-4504-1,Dhanuk Das,1945-04-24,80,Male,O+,23.0,"336, Chhabra Zila",560108,Osteoporosis,83,39
1030,1031,P1031-8508-2,Inaaya  Gopal,1985-08-18,39,Female,O+,27.2,"56
Bhattacharyya Nagar",560030,Asthma,125,30
1031,1032,P1032-7502-2,Indrajit Seshadri,1975-02-09,50,Female,O-,22.3,"171, Chad Street",572001,Sleep Apnea,76,91
1032,1033,P1033-9909-1,Aarna Mannan,1999-09-22,25,Male,O+,24.4,"78/174
Hans Marg",560028,Hypertension,97,28
1033,1034,P1034-7208-2,Renee Malhotra,1972-08-18,52,Female,B+,24.3,"89, Tiwari",562007,Asthma,96,67
1034,1035,P1035-7412-2,Zain Kulkarni,1974-12-25,50,Female,B-,26.0,"995
Chaudhuri Path",560109,Dementia,113,40
1035,1036,P1036-7301-1,Damini Chaudry,1973-01-27,52,Male,A+,26.1,"H.No. 396, Rajan Road",561004,Gout,114,54
1036,1037,P1037-9711-1,Priyansh Chaudhari,1997-11-20,27,Male,O+,25.9,"H.No. 105
Yadav Path",571002,Sleep Apnea,112,82
1037,1038,P1038-5502-2,Vritika Chand,1955-02-23,70,Female,AB+,21.5,"H.No. 60
Warrior Street",560028,Sleep Apnea,68,28
1038,1039,P1039-9710-1,Lavanya Bhatt,1997-10-03,27,Male,O+,24.3,"H.No. 586
Jha Marg",571007,Asthma,96,87
1039,1040,P1040-0302-1,Arnav Kapoor,2003-02-11,22,Male,B+,22.4,"54/390, Mammen Nagar",571007,Healthy,77,87
1040,1041,P1041-9401-1,Tiya Gaba,1994-01-21,31,Male,O+,22.5,"31/72, Bala Nagar",560019,Diabetes,78,19
1041,1042,P1042-9005-2,Inaaya  Sheth,1990-05-27,35,Female,AB+,23.8,"H.No. 085
Mannan Chowk",572005,Asthma,91,95
1042,1043,P1043-7603-1,Jayesh Chawla,1976-03-10,49,Male,AB-,21.4,"07/71, Kanda Circle",570001,Gout,67,71
1043,1044,P1044-8511-1,Kismat Vaidya,1985-11-10,39,Male,A+,26.1,"44/04
Vala Zila",562006,Healthy,114,66
1044,1045,P1045-4512-2,Zain Rana,1945-12-12,79,Female,B+,22.0,"664, De Street",572006,Epilepsy,73,96
1045,1046,P1046-5808-1,Anahi Kohli,1958-08-21,66,Male,AB+,25.5,"469, Keer Chowk",562006,Dementia,108,66
1046,1047,P1047-8201-1,Manikya Bal,1982-01-28,43,Male,A+,26.3,"09, Sheth Marg",560107,Hypertension,116,38
1047,1048,P1048-4811-2,Samar Ravel,1948-11-28,76,Female,B+,25.6,"52, Deep Chowk",560020,Dementia,109,20
1048,1049,P1049-8702-2,Samarth Ratta,1987-02-24,38,Female,O-,24.9,"67, Ghose Nagar",560027,Hypertension,102,27
1049,1050,P1050-9008-1,Sumer Chad,1990-08-16,34,Male,B-,22.2,"81/56, Gupta Chowk",571001,Heart Disease,75,81
1050,1051,P1051-9203-2,Tanya Varughese,1992-03-19,33,Female,B+,24.8,"H.No. 28
Handa Nagar",560206,Hypertension,101,47
1051,1052,P1052-4007-1,Kimaya Shah,1940-07-05,85,Male,B-,26.4,"439, Upadhyay",560026,Healthy,117,26
1052,1053,P1053-5211-2,Kimaya Suri,1952-11-05,72,Female,B-,25.4,"H.No. 51, Krish Nagar",570008,Depression,107,78
1053,1054,P1054-7906-1,Shayak Rout,1979-06-12,46,Male,B+,22.8,"H.No. 49, Deo Ganj",560017,Asthma,81,17
1054,1055,P1055-7306-2,Rhea Goel,1973-06-09,52,Female,A-,25.5,"86/871, Rajagopalan Nagar",560016,Dementia,108,16
1055,1056,P1056-8911-2,Amira Varty,1989-11-25,35,Female,A+,22.5,"61/24
Devan Zila",560105,Heart Disease,78,36
1056,1057,P1057-8901-2,Vivaan Chawla,1989-01-01,36,Female,O-,25.6,"09, Dani",562001,Dementia,109,61
1057,1058,P1058-8107-2,Suhana Sehgal,1981-07-29,43,Female,B+,28.2,"867
Kala Ganj",572001,Sleep Apnea,135,91
1058,1059,P1059-4510-1,Adah Dhingra,1945-10-19,79,Male,O+,24.1,"96, Sama Road",562008,Heart Disease,94,68
1059,1060,P1060-7106-1,Dhruv Arora,1971-06-27,54,Male,O+,25.4,"H.No. 910, Bahri Circle",560021,Asthma,107,21
1060,1061,P1061-0005-1,Anaya Iyer,2000-05-06,25,Male,A+,23.5,"H.No. 90, Shan",560203,Osteoporosis,88,44
1061,1062,P1062-7606-2,Dhanush Gour,1976-06-30,49,Female,B-,23.3,"H.No. 37
Sachdev Zila",570009,Dementia,86,79
1062,1063,P1063-6006-2,Aniruddh Deshpande,1960-06-09,65,Female,O+,24.2,"92/37, Sahni Zila",561001,Epilepsy,95,51
1063,1064,P1064-0309-1,Seher Goyal,2003-09-12,21,Male,O+,22.5,"84/49
Behl Circle",560022,Dementia,78,22
1064,1065,P1065-4909-1,Rania Kala,1949-09-10,75,Male,B-,25.5,"H.No. 54
Ramanathan Circle",570006,Osteoporosis,108,76
1065,1066,P1066-9709-2,Anahi Biswas,1997-09-08,27,Female,O+,19.3,"H.No. 613, Srivastava Zila",561006,Healthy,46,56
1066,1067,P1067-6407-2,Jivika Solanki,1964-07-09,61,Female,A-,24.3,"442
Bhagat Ganj",572009,Healthy,96,99
1067,1068,P1068-8507-1,Nishith Dhillon,1985-07-26,39,Male,A-,20.7,"H.No. 146, Loyal Chowk",560109,Asthma,60,40
1068,1069,P1069-4511-1,Yuvaan Behl,1945-11-02,79,Male,A+,27.3,"58/254
Tella Circle",562008,Heart Disease,126,68
1069,1070,P1070-9610-1,Ishaan Ghosh,1996-10-29,28,Male,AB+,21.3,"323
Kohli",571003,Healthy,66,83
1070,1071,P1071-4010-2,Mishti Balakrishnan,1940-10-30,84,Female,A+,23.7,"359, Kamdar Marg",560204,Depression,90,45
1071,1072,P1072-5305-2,Vihaan Kamdar,1953-05-23,72,Female,B-,23.0,"62
Mahal Nagar",560012,Asthma,83,12
1072,1073,P1073-7312-1,Neelofar Bora,1973-12-11,51,Male,B+,24.1,"42/156, Vohra Road",560200,Osteoporosis,94,41
1073,1074,P1074-7002-1,Tara Anand,1970-02-21,55,Male,B+,23.5,"44/737
Boase",560014,Asthma,88,14
1074,1075,P1075-5309-2,Pranay Mahal,1953-09-17,71,Female,O+,24.8,"H.No. 90
Saraf Chowk",560001,Heart Disease,101,1
1075,1076,P1076-9010-2,Diya Khalsa,1990-10-14,34,Female,O-,26.8,"H.No. 75, Keer Road",560202,Depression,121,43
1076,1077,P1077-6605-1,Shayak Chauhan,1966-05-03,59,Male,O+,23.9,"150, Bhalla Circle",560107,Heart Disease,92,38
1077,1078,P1078-4604-2,Adah Bali,1946-04-03,79,Female,B+,26.5,"610, Sarin Ganj",562001,Depression,118,61
1078,1079,P1079-5611-2,Madhup Mallick,1956-11-03,68,Female,AB+,24.6,"94/84, Srinivas Road",560103,Gout,99,34
1079,1080,P1080-7910-2,Eshani Khare,1979-10-05,45,Female,O-,23.3,"H.No. 721
Anand Road",560005,Heart Disease,86,5
1080,1081,P1081-7911-2,Anya Ravi,1979-11-02,45,Female,AB+,24.1,"H.No. 665
Setty Chowk",560001,Healthy,94,1
1081,1082,P1082-8909-2,Advik Balay,1989-09-25,35,Female,O+,24.1,"H.No. 31
Keer Path",560005,Epilepsy,94,5
1082,1083,P1083-7504-1,Ira Shetty,1975-04-02,50,Male,O+,25.4,"36/397
Swamy Ganj",560030,Osteoporosis,107,30
1083,1084,P1084-5903-1,Divit Kata,1959-03-06,66,Male,B+,22.9,"118
Shenoy Road",560105,Osteoporosis,82,36
1084,1085,P1085-4007-1,Sara Barad,1940-07-03,85,Male,O-,22.0,"62/86, Khanna Zila",560104,Hypertension,73,35
1085,1086,P1086-5905-1,Shanaya Boase,1959-05-31,66,Male,O-,23.0,"64/390, Agate Ganj",560020,Epilepsy,83,20
1086,1087,P1087-4809-1,Prisha Mander,1948-09-17,76,Male,O+,25.1,"95/53
Bajaj Nagar",560028,Heart Disease,104,28
1087,1088,P1088-4403-2,Dhruv Sule,1944-03-09,81,Female,A+,24.6,"13
Ahluwalia Circle",572004,Diabetes,99,94
1088,1089,P1089-6105-1,Alia Bhavsar,1961-05-05,64,Male,O+,24.8,"981, Dixit Marg",560020,Depression,101,20
1089,1090,P1090-4111-1,Devansh Kalita,1941-11-19,83,Male,AB+,26.0,"H.No. 230
Chaudhari Street",560022,Healthy,113,22
1090,1091,P1091-9210-1,Reyansh Krishnamurthy,1992-10-29,32,Male,B+,23.7,"H.No. 492
Lad Chowk",570007,Dementia,90,77
1091,1092,P1092-9403-2,Fateh Bajwa,1994-03-21,31,Female,B-,25.9,"H.No. 827
Khurana Road",562004,Dementia,112,64
1092,1093,P1093-4407-1,Kiaan Rout,1944-07-17,81,Male,A+,24.9,"H.No. 60
Bal",560019,Asthma,102,19
1093,1094,P1094-5512-1,Manikya Dada,1955-12-24,69,Male,B+,22.8,"H.No. 996, Chaudhuri Zila",560103,Hypertension,81,34
1094,1095,P1095-9607-1,Amani Tata,1996-07-22,28,Male,B+,23.2,"10
Rajagopal",560027,Dementia,85,27
1095,1096,P1096-6404-1,Hiran Borde,1964-04-06,61,Male,O-,22.6,"H.No. 488, Dhar Street",560003,Hypertension,79,3
1096,1097,P1097-9010-2,Ryan Balan,1990-10-21,34,Female,A-,23.8,"H.No. 540
Brar Circle",561006,Diabetes,91,56
1097,1098,P1098-5604-1,Ojas Mani,1956-04-09,69,Male,O+,29.9,"H.No. 40
Suri Path",572006,Healthy,152,96
1098,1099,P1099-7602-1,Alisha Sethi,1976-02-07,49,Male,B+,22.9,"H.No. 50, Kashyap Ganj",560202,Dementia,82,43
1099,1100,P1100-9006-2,Ivana Varty,1990-06-24,35,Female,A-,22.0,"23, Ramesh Circle",561007,Heart Disease,73,57
1100,1101,P1101-0011-2,Mamooty Kade,2000-11-20,24,Female,O-,22.8,"21/436, Srinivasan Ganj",561004,Diabetes,81,54
1101,1102,P1102-7905-2,Bhamini Maharaj,1979-05-22,46,Female,B+,22.2,"09/122, Bhasin",572006,Asthma,75,96
1102,1103,P1103-9003-1,Priyansh Ramakrishnan,1990-03-13,35,Male,O+,22.9,"00/34
Doctor Marg",560007,Osteoporosis,82,7
1103,1104,P1104-9504-2,Yashvi Mangal,1995-04-20,30,Female,O+,22.6,"H.No. 796, Tiwari Path",560107,Depression,79,38
1104,1105,P1105-8712-2,Dhanush Tripathi,1987-12-19,37,Female,AB+,22.5,"H.No. 67, Krishnamurthy Circle",560105,Gout,78,36
1105,1106,P1106-4101-2,Parinaaz Gandhi,1941-01-24,84,Female,O-,20.4,"52/42, Chad Path",571003,Gout,57,83
1106,1107,P1107-8501-1,Anvi D’Alia,1985-01-28,40,Male,A+,21.8,"80
Hayer Street",560022,Epilepsy,71,22
1107,1108,P1108-7409-1,Devansh Ravel,1974-09-28,50,Male,O-,20.7,"51/690
Behl Zila",560201,Sleep Apnea,60,42
1108,1109,P1109-5211-2,Mamooty Issac,1952-11-01,72,Female,O+,22.2,"H.No. 860, Kalla Zila",560004,Healthy,75,4
1109,1110,P1110-5409-1,Romil Rege,1954-09-06,70,Male,B+,21.6,"H.No. 21
Kaul Zila",560108,Sleep Apnea,69,39
1110,1111,P1111-4310-1,Raunak Madan,1943-10-03,81,Male,O-,24.4,"39/814
Bhandari Path",560017,Asthma,97,17
1111,1112,P1112-4101-1,Vidur Bajwa,1941-01-02,84,Male,A+,21.6,"H.No. 357, Chander Circle",560204,Hypertension,69,45
1112,1113,P1113-0502-2,Eshani Amble,2005-02-09,20,Female,B+,23.1,"15/825, Rout Ganj",560209,Hypertension,84,50
1113,1114,P1114-9206-2,Nayantara Solanki,1992-06-18,33,Female,B-,23.3,"H.No. 607, Chakrabarti Street",562010,Hypertension,86,70
1114,1115,P1115-4308-1,Indrans Thakkar,1943-08-15,81,Male,AB+,24.7,"50/725, Arya Ganj",570007,Osteoporosis,100,77
1115,1116,P1116-6508-1,Shayak Baria,1965-08-18,59,Male,B+,23.1,"476
Sagar Ganj",570007,Osteoporosis,84,77
1116,1117,P1117-7808-2,Ishita De,1978-08-20,46,Female,A+,28.0,"99/565
Suresh Path",560105,Diabetes,133,36
1117,1118,P1118-9802-1,Veer Dutta,1998-02-19,27,Male,AB+,24.7,"H.No. 24, Das Nagar",560004,Sleep Apnea,100,4
1118,1119,P1119-6302-1,Anika Brahmbhatt,1963-02-08,62,Male,B-,22.6,"75/15
Hari Path",560009,Gout,79,9
1119,1120,P1120-5004-1,Samarth Chander,1950-04-18,75,Male,AB+,26.4,"H.No. 78, Dugal",560204,Depression,117,45
1120,1121,P1121-9205-2,Tejas Deshmukh,1992-05-31,33,Female,B-,23.9,"52/071, Chaudhari Marg",570004,Heart Disease,92,74
1121,1122,P1122-9004-2,Raghav Kalita,1990-04-17,35,Female,B+,26.7,"94/350
Deshmukh Ganj",571007,Dementia,120,87
1122,1123,P1123-5010-1,Nitara Saini,1950-10-07,74,Male,O+,24.0,"H.No. 762, Jayaraman",560202,Gout,93,43
1123,1124,P1124-4707-2,Khushi Wadhwa,1947-07-29,77,Female,B-,25.0,"47
Dhawan Marg",560021,Depression,103,21
1124,1125,P1125-7910-1,Neysa Cherian,1979-10-11,45,Male,O-,27.4,"658
Char Ganj",561007,Dementia,127,57
1125,1126,P1126-9401-2,Yasmin Hayre,1994-01-17,31,Female,A+,20.4,"80/837, Boase Ganj",572007,Osteoporosis,57,97
1126,1127,P1127-8010-1,Heer Sunder,1980-10-05,44,Male,AB+,24.5,"H.No. 65, Ratta Street",571009,Epilepsy,98,89
1127,1128,P1128-5003-1,Darshit Boase,1950-03-07,75,Male,AB+,24.3,"46/89, Chahal Road",560200,Diabetes,96,41
1128,1129,P1129-6006-1,Kimaya Rana,1960-06-19,65,Male,AB+,24.2,"566
Ahluwalia Ganj",560014,Depression,95,14
1129,1130,P1130-5006-2,Ishaan Kale,1950-06-03,75,Female,O-,24.8,"H.No. 160, Basu",560204,Dementia,101,45
1130,1131,P1131-9702-1,Hrishita Chaudhuri,1997-02-14,28,Male,B+,25.2,"72
Chandran Road",560107,Sleep Apnea,105,38
1131,1132,P1132-6609-2,Hiran Basu,1966-09-11,58,Female,A-,22.1,"14/135
Chopra Street",560002,Osteoporosis,74,2
1132,1133,P1133-6507-2,Aniruddh Tiwari,1965-07-03,60,Female,O-,20.8,"H.No. 94
Varma Zila",560029,Sleep Apnea,61,29
1133,1134,P1134-6205-2,Reyansh Chanda,1962-05-17,63,Female,O+,23.0,"H.No. 745, Kala Road",571008,Epilepsy,83,88
1134,1135,P1135-8803-2,Kanav Sastry,1988-03-16,37,Female,O+,24.3,"055
Wali Road",571005,Sleep Apnea,96,85
1135,1136,P1136-7808-1,Yashvi Iyengar,1978-08-19,46,Male,B+,23.5,"H.No. 352, Kumar Ganj",571001,Sleep Apnea,88,81
1136,1137,P1137-6901-1,Anahita Sura,1969-01-08,56,Male,O+,21.8,"H.No. 52, Thakkar Chowk",572002,Diabetes,71,92
1137,1138,P1138-6801-2,Armaan Konda,1968-01-13,57,Female,A+,21.6,"03, Sood Path",562007,Hypertension,69,67
1138,1139,P1139-5709-2,Indrajit Saxena,1957-09-14,67,Female,A+,24.8,"45/878
Sawhney Zila",570001,Osteoporosis,101,71
1139,1140,P1140-6509-1,Sumer Sachdeva,1965-09-15,59,Male,AB+,22.4,"66/87
Choudhry Zila",561010,Epilepsy,77,60
1140,1141,P1141-6408-1,Ishita Basu,1964-08-11,60,Male,AB+,23.9,"H.No. 81, Joshi Road",560026,Healthy,92,26
1141,1142,P1142-8205-2,Ayesha Bhargava,1982-05-02,43,Female,B-,21.1,"11/557, Setty Street",560205,Asthma,64,46
1142,1143,P1143-4411-1,Mahika Talwar,1944-11-16,80,Male,B+,22.6,"72/47
Kalita Path",560012,Heart Disease,79,12
1143,1144,P1144-6012-1,Vardaniya Bahri,1960-12-01,64,Male,O+,23.3,"13/94
Issac Ganj",560200,Hypertension,86,41
1144,1145,P1145-4805-1,Veer Rao,1948-05-10,77,Male,O+,23.7,"740
Raman Road",560204,Dementia,90,45
1145,1146,P1146-8110-2,Samar Yogi,1981-10-04,43,Female,O+,25.2,"61/968
Lal Circle",562010,Asthma,105,70
1146,1147,P1147-4701-1,Samaira Shroff,1947-01-30,78,Male,O-,28.4,"H.No. 793, Yohannan Road",572008,Depression,137,98
1147,1148,P1148-0203-1,Ela Bhasin,2002-03-05,23,Male,B-,23.5,"39/57
Batra Ganj",560001,Hypertension,88,1
1148,1149,P1149-6209-2,Manjari Malhotra,1962-09-25,62,Female,B+,26.8,"H.No. 49
Jayaraman",560003,Diabetes,121,3
1149,1150,P1150-4906-2,Indrans Basak,1949-06-26,76,Female,O-,23.8,"H.No. 335
Sidhu Marg",572009,Dementia,91,99
1150,1151,P1151-9806-2,Seher Dhaliwal,1998-06-16,27,Female,A+,24.4,"24/686, Chana Zila",570005,Osteoporosis,97,75
1151,1152,P1152-6310-1,Rasha Gopal,1963-10-24,61,Male,A-,21.4,"715
Bandi Nagar",560011,Healthy,67,11
1152,1153,P1153-5906-2,Anaya Chokshi,1959-06-25,66,Female,O+,25.7,"32/221
Raval Chowk",571005,Sleep Apnea,110,85
1153,1154,P1154-9304-2,Amani Rege,1993-04-27,32,Female,O+,21.6,"261, Bhandari Road",570004,Osteoporosis,69,74
1154,1155,P1155-6612-2,Advika Loke,1966-12-07,58,Female,A+,24.1,"34/158, Bhagat Nagar",560026,Hypertension,94,26
1155,1156,P1156-4208-2,Hiran Ratti,1942-08-26,82,Female,O+,24.8,"92, Madan Circle",571007,Depression,101,87
1156,1157,P1157-5403-1,Bhavin Chaudry,1954-03-29,71,Male,O+,24.7,"17/23, Kari Street",560006,Depression,100,6
1157,1158,P1158-5809-2,Alia Vala,1958-09-27,66,Female,AB+,21.3,"H.No. 52, Dutt Zila",570006,Asthma,66,76
1158,1159,P1159-7408-2,Kartik Bandi,1974-08-16,50,Female,AB+,23.3,"24/74
Deshmukh Marg",560021,Sleep Apnea,86,21
1159,1160,P1160-5810-1,Anika Subramanian,1958-10-08,66,Male,O-,29.3,"04/555
Brahmbhatt Ganj",560016,Gout,146,16
1160,1161,P1161-6510-2,Nitara Dani,1965-10-26,59,Female,A-,25.4,"75/10, Rau",560208,Hypertension,107,49
1161,1162,P1162-8003-2,Anahi Sheth,1980-03-10,45,Female,A+,26.6,"61
Joshi Zila",571009,Depression,119,89
1162,1163,P1163-9909-1,Yashvi Vohra,1999-09-16,25,Male,O+,26.2,"63, Venkatesh",560011,Healthy,115,11
1163,1164,P1164-7806-2,Ehsaan Loyal,1978-06-17,47,Female,AB-,26.4,"917
Sanghvi Road",560011,Sleep Apnea,117,11
1164,1165,P1165-6103-2,Ehsaan Rajagopalan,1961-03-17,64,Female,A+,27.4,"H.No. 801
Halder Chowk",560014,Dementia,127,14
1165,1166,P1166-5605-1,Indranil Vyas,1956-05-16,69,Male,O+,23.4,"642
Krish Nagar",571001,Heart Disease,87,81
1166,1167,P1167-5404-1,Keya Kunda,1954-04-22,71,Male,A+,24.2,"73/24, Ravel Street",570006,Gout,95,76
1167,1168,P1168-5112-1,Ahana  Baral,1951-12-11,73,Male,O+,25.8,"H.No. 43
D’Alia Road",561009,Sleep Apnea,111,59
1168,1169,P1169-0008-2,Ranbir Raval,2000-08-28,24,Female,B+,20.4,"46/055, Kala Nagar",560205,Sleep Apnea,57,46
1169,1170,P1170-9209-2,Taran Srinivas,1992-09-27,32,Female,O+,22.4,"04
Upadhyay Ganj",562006,Dementia,77,66
1170,1171,P1171-9705-2,Khushi Wadhwa,1997-05-17,28,Female,AB+,27.9,"999, Sankaran Road",560009,Osteoporosis,132,9
1171,1172,P1172-5012-2,Ivan Thakur,1950-12-14,74,Female,B+,23.8,"95/283, Char Road",571001,Asthma,91,81
1172,1173,P1173-5711-2,Zeeshan Tiwari,1957-11-13,67,Female,O+,22.1,"602
Manda Chowk",560205,Sleep Apnea,74,46
1173,1174,P1174-6404-2,Mannat Shroff,1964-04-29,61,Female,B-,23.5,"757
Raju Street",560202,Heart Disease,88,43
1174,1175,P1175-9702-1,Yuvraj  Handa,1997-02-09,28,Male,B-,25.2,"88, Dey Nagar",560004,Asthma,105,4
1175,1176,P1176-7904-1,Samiha Gala,1979-04-25,46,Male,A-,23.3,"H.No. 68
Bumb Path",560028,Dementia,86,28
1176,1177,P1177-4505-2,Amani Choudhry,1945-05-20,80,Female,O+,23.1,"H.No. 41
Gade Ganj",560028,Heart Disease,84,28
1177,1178,P1178-0508-2,Romil Ramesh,2005-08-24,19,Female,B+,18.3,"H.No. 455, Sood Chowk",560026,Asthma,36,26
1178,1179,P1179-4507-2,Shamik Jani,1945-07-26,79,Female,O+,22.7,"349
Saini Zila",571008,Dementia,80,88
1179,1180,P1180-9403-1,Uthkarsh Subramaniam,1994-03-28,31,Male,A+,24.3,"84
Rajan Road",571009,Depression,96,89
1180,1181,P1181-7106-1,Neelofar Tak,1971-06-01,54,Male,A+,26.2,"H.No. 89, Sathe Marg",570004,Hypertension,115,74
1181,1182,P1182-7504-1,Nitya Khosla,1975-04-11,50,Male,O+,23.5,"02/36
Barman Zila",570009,Diabetes,88,79
1182,1183,P1183-7102-2,Rohan Chaudhary,1971-02-13,54,Female,O+,25.1,"H.No. 39, Kunda Zila",560023,Asthma,104,23
1183,1184,P1184-4408-2,Badal Varughese,1944-08-17,80,Female,B+,24.1,"43, Rana Path",571003,Gout,94,83
1184,1185,P1185-4408-1,Yakshit Sachdeva,1944-08-05,80,Male,A+,22.7,"326, Golla Zila",560017,Osteoporosis,80,17
1185,1186,P1186-7509-1,Elakshi Ray,1975-09-12,49,Male,B+,22.7,"H.No. 43
Borde Circle",562003,Epilepsy,80,63
1186,1187,P1187-9403-2,Tara Sibal,1994-03-26,31,Female,O+,23.4,"447, Gola",570009,Healthy,87,79
1187,1188,P1188-4811-1,Shlok Sandhu,1948-11-30,76,Male,O+,24.1,"H.No. 87, Contractor Ganj",560100,Hypertension,94,31
1188,1189,P1189-9312-2,Veer D’Alia,1993-12-08,31,Female,O+,25.3,"H.No. 014
Bhardwaj Ganj",560205,Diabetes,106,46
1189,1190,P1190-9909-2,Mamooty Ganguly,1999-09-12,25,Female,O+,22.6,"22
Kara",562003,Hypertension,79,63
1190,1191,P1191-8308-2,Adah Cheema,1983-08-02,41,Female,B+,22.5,"H.No. 014, Sunder Street",572010,Hypertension,78,100
1191,1192,P1192-6907-2,Aniruddh Reddy,1969-07-08,56,Female,O+,23.3,"93/15
Ganguly Ganj",560008,Epilepsy,86,8
1192,1193,P1193-7307-2,Ishita Dhaliwal,1973-07-09,52,Female,A-,24.4,"93/82, Kale Road",560008,Osteoporosis,97,8
1193,1194,P1194-4211-2,Rohan Sem,1942-11-29,82,Female,B+,25.1,"H.No. 86
Varma Ganj",572008,Depression,104,98
1194,1195,P1195-5002-1,Ivan Ravi,1950-02-11,75,Male,O+,23.9,"479, Mani Road",560015,Sleep Apnea,92,15
1195,1196,P1196-4411-2,Jiya Ganguly,1944-11-22,80,Female,B+,22.6,"H.No. 87, Bhat Zila",560009,Diabetes,79,9
1196,1197,P1197-9603-1,Krish Suri,1996-03-06,29,Male,B+,23.9,"H.No. 233
Dhillon Road",561010,Diabetes,92,60
1197,1198,P1198-6207-2,Keya Chana,1962-07-30,62,Female,B+,20.2,"89
Zacharia Circle",560007,Hypertension,55,7
1198,1199,P1199-4803-2,Drishya Subramanian,1948-03-02,77,Female,AB+,24.4,"H.No. 35, Mand Street",571004,Sleep Apnea,97,84
1199,1200,P1200-9911-1,Vardaniya Raval,1999-11-25,25,Male,B+,25.2,"845
Bedi Chowk",561008,Osteoporosis,105,58
1200,1201,P1201-7408-2,Seher Dugar,1974-08-26,50,Female,A+,24.7,"648, Dayal Chowk",561008,Dementia,100,58
1201,1202,P1202-4008-1,Lavanya Raj,1940-08-15,84,Male,B+,26.2,"H.No. 417
Gaba Road",560002,Osteoporosis,115,2
1202,1203,P1203-8209-1,Kartik Gopal,1982-09-13,42,Male,O+,23.9,"88, Arora Chowk",570006,Dementia,92,76
1203,1204,P1204-9805-1,Anay Trivedi,1998-05-04,27,Male,A-,23.9,"H.No. 91, Ray Chowk",560101,Dementia,92,32
1204,1205,P1205-5409-2,Emir Sampath,1954-09-04,70,Female,A+,27.2,"02
Bala",560206,Healthy,125,47
1205,1206,P1206-4608-1,Riya Johal,1946-08-19,78,Male,B+,25.1,"423, Kar Ganj",560003,Diabetes,104,3
1206,1207,P1207-4112-1,Parinaaz Dixit,1941-12-25,83,Male,B+,23.9,"244, Doctor Road",561010,Heart Disease,92,60
1207,1208,P1208-7002-2,Anya Kant,1970-02-24,55,Female,AB+,25.5,"424, Ratti Zila",560109,Hypertension,108,40
1208,1209,P1209-7007-1,Shalv Das,1970-07-06,55,Male,O+,23.7,"900
Thakur Road",572001,Dementia,90,91
1209,1210,P1210-7208-2,Zaina Kumar,1972-08-15,52,Female,A+,23.8,"42/235
Dubey Marg",561004,Healthy,91,54
1210,1211,P1211-4109-1,Ivana Agrawal,1941-09-23,83,Male,B-,25.0,"H.No. 067
Shroff",561001,Heart Disease,103,51
1211,1212,P1212-6706-2,Aradhya Ahluwalia,1967-06-05,58,Female,O+,24.7,"262
Lala Path",560209,Healthy,100,50
1212,1213,P1213-0101-2,Hazel Borde,2001-01-12,24,Female,A+,24.9,"75/009
Kapoor Path",562006,Epilepsy,102,66
1213,1214,P1214-9112-1,Dishani Magar,1991-12-16,33,Male,A+,21.4,"94/11
Sampath Street",572007,Hypertension,67,97
1214,1215,P1215-9305-2,Sana Krish,1993-05-31,32,Female,O+,24.5,"78/56, Grover Path",572004,Asthma,98,94
1215,1216,P1216-9406-2,Dhanuk Chander,1994-06-05,31,Female,A-,23.1,"H.No. 866
Jayaraman",561010,Healthy,84,60
1216,1217,P1217-5408-1,Alia Mani,1954-08-22,70,Male,B+,25.6,"97, Seth Chowk",560025,Healthy,109,25
1217,1218,P1218-7809-1,Yakshit Malhotra,1978-09-05,46,Male,A-,25.3,"15, Joshi Path",570004,Dementia,106,74
1218,1219,P1219-6101-2,Sahil Yohannan,1961-01-17,64,Female,O-,27.6,"549, Sarkar Path",572003,Asthma,129,93
1219,1220,P1220-5910-1,Tushar Chacko,1959-10-31,65,Male,O+,20.7,"H.No. 69, Kari Circle",560009,Dementia,60,9
1220,1221,P1221-4712-2,Aarush Srinivasan,1947-12-07,77,Female,A+,25.1,"68
Yogi Street",560106,Sleep Apnea,104,37
1221,1222,P1222-7908-1,Ivan Rege,1979-08-04,45,Male,A+,22.8,"597, Suri Marg",560201,Heart Disease,81,42
1222,1223,P1223-5003-2,Drishya Raman,1950-03-07,75,Female,O+,28.1,"34/715
Samra Chowk",571006,Hypertension,134,86
1223,1224,P1224-7801-2,Manikya Dugal,1978-01-21,47,Female,A+,26.3,"41/588, Sanghvi Path",560027,Healthy,116,27
1224,1225,P1225-6810-1,Lakshay Jain,1968-10-23,56,Male,O+,26.1,"567, Sidhu Road",561006,Depression,114,56
1225,1226,P1226-5710-1,Manjari Ram,1957-10-03,67,Male,A-,28.6,"73/897, Shah Circle",570010,Dementia,139,80
1226,1227,P1227-7801-2,Samarth Kaul,1978-01-30,47,Female,A+,25.2,"64/580
Ramakrishnan Marg",560100,Diabetes,105,31
1227,1228,P1228-0303-1,Rohan Sant,2003-03-28,22,Male,B+,24.3,"57/60
Vyas Circle",560022,Asthma,96,22
1228,1229,P1229-7307-1,Siya Bir,1973-07-19,51,Male,O+,22.6,"02/68, Jhaveri Zila",560002,Heart Disease,79,2
1229,1230,P1230-8301-2,Anvi Saha,1983-01-08,42,Female,B-,24.6,"246
Chowdhury",560008,Gout,99,8
1230,1231,P1231-9401-2,Faiyaz Sama,1994-01-13,31,Female,O+,24.8,"H.No. 189, Srivastava Circle",570004,Diabetes,101,74
1231,1232,P1232-6108-1,Manikya Iyer,1961-08-21,63,Male,O+,25.3,"07, Brar Nagar",560209,Epilepsy,106,50
1232,1233,P1233-4309-2,Uthkarsh Bhakta,1943-09-20,81,Female,O+,22.7,"H.No. 29, Choudhury Ganj",560107,Healthy,80,38
1233,1234,P1234-6011-1,Dhanush Balan,1960-11-28,64,Male,A+,23.8,"H.No. 361, Mangat Path",571004,Healthy,91,84
1234,1235,P1235-8501-1,Vidur Balasubramanian,1985-01-20,40,Male,B+,23.5,"42/219
Majumdar",560208,Healthy,88,49
1235,1236,P1236-8011-2,Dhruv Dhar,1980-11-24,44,Female,B-,21.7,"H.No. 429
Saini Nagar",560105,Dementia,70,36
1236,1237,P1237-5404-2,Akarsh Ganesan,1954-04-22,71,Female,AB+,26.6,"H.No. 06, Bains",572002,Asthma,119,92
1237,1238,P1238-8001-2,Nayantara Varty,1980-01-29,45,Female,O+,23.6,"899
Ranganathan",571007,Asthma,89,87
1238,1239,P1239-8809-1,Kavya Sachdeva,1988-09-08,36,Male,A-,21.8,"72/623
Shanker Ganj",570003,Healthy,71,73
1239,1240,P1240-5610-2,Saira Das,1956-10-27,68,Female,B-,22.3,"H.No. 04
Uppal Nagar",560105,Diabetes,76,36
1240,1241,P1241-6010-2,Indrajit Dixit,1960-10-26,64,Female,O+,24.4,"H.No. 48
Hayre",570008,Osteoporosis,97,78
1241,1242,P1242-7804-2,Jayesh Bhatnagar,1978-04-12,47,Female,A-,21.6,"11, Goel Zila",572003,Diabetes,69,93
1242,1243,P1243-6012-2,Taimur Dugal,1960-12-08,64,Female,A+,23.3,"H.No. 00, Shere Ganj",571003,Heart Disease,86,83
1243,1244,P1244-9409-2,Romil Butala,1994-09-20,30,Female,O-,22.6,"608
Krish Ganj",560201,Epilepsy,79,42
1244,1245,P1245-0209-1,Rhea Kapoor,2002-09-29,22,Male,B+,21.7,"96/56
Bose Zila",571009,Diabetes,70,89
1245,1246,P1246-5311-1,Shray Seshadri,1953-11-18,71,Male,B+,27.2,"H.No. 65, Bhandari Marg",570006,Gout,125,76
1246,1247,P1247-8606-1,Aaryahi Khalsa,1986-06-12,39,Male,B-,22.9,"H.No. 87
Ramakrishnan Circle",570008,Heart Disease,82,78
1247,1248,P1248-8812-1,Divyansh Mangat,1988-12-22,36,Male,B-,23.3,"H.No. 96
Srinivasan Street",562009,Hypertension,86,69
1248,1249,P1249-9901-1,Himmat Chaudhari,1999-01-19,26,Male,O+,21.1,"H.No. 40, Iyer Street",572003,Hypertension,64,93
1249,1250,P1250-7701-2,Hridaan Lanka,1977-01-01,48,Female,O-,26.7,"98, Dasgupta Ganj",572003,Depression,120,93
1250,1251,P1251-6908-1,Oorja Lata,1969-08-09,55,Male,O+,24.2,"75/913
Gulati Chowk",560209,Diabetes,95,50
1251,1252,P1252-6205-2,Jayesh Vyas,1962-05-22,63,Female,B+,23.7,"59/57
Sha Path",562003,Asthma,90,63
1252,1253,P1253-4309-1,Trisha Apte,1943-09-02,81,Male,AB+,23.2,"H.No. 70, Chatterjee",572007,Heart Disease,85,97
1253,1254,P1254-8907-2,Purab Brahmbhatt,1989-07-01,36,Female,O+,24.6,"92/07, Mane",572004,Gout,99,94
1254,1255,P1255-9011-1,Urvi Bedi,1990-11-29,34,Male,O+,25.6,"42/91
Balay Nagar",560015,Healthy,109,15
1255,1256,P1256-0512-2,Arnav Kumer,2005-12-09,19,Female,B-,26.1,"H.No. 79, Rege Marg",570009,Epilepsy,114,79
1256,1257,P1257-7512-2,Anahi Ganguly,1975-12-14,49,Female,A+,23.4,"70, Gola Ganj",560017,Asthma,87,17
1257,1258,P1258-4909-1,Chirag Sankar,1949-09-29,75,Male,O-,20.4,"H.No. 96, Bhalla Street",570001,Dementia,57,71
1258,1259,P1259-0310-2,Alisha Rastogi,2003-10-09,21,Female,A-,22.5,"72/81, Sengupta Zila",562005,Diabetes,78,65
1259,1260,P1260-8202-2,Ira Gala,1982-02-21,43,Female,O+,23.1,"824
Kakar Road",561002,Healthy,84,52
1260,1261,P1261-5804-1,Drishya Bhatnagar,1958-04-20,67,Male,O-,22.3,"H.No. 83
Sawhney Nagar",560030,Heart Disease,76,30
1261,1262,P1262-4102-1,Renee Dhaliwal,1941-02-25,84,Male,A+,27.2,"H.No. 13
Madan Ganj",560207,Hypertension,125,48
1262,1263,P1263-0306-1,Armaan Wason,2003-06-07,22,Male,AB+,29.3,"H.No. 203
Swamy Chowk",572006,Sleep Apnea,146,96
1263,1264,P1264-4207-1,Mahika Swamy,1942-07-18,83,Male,O+,25.5,"42/670
Gaba Ganj",560003,Dementia,108,3
1264,1265,P1265-4001-1,Anaya Bose,1940-01-03,85,Male,A+,22.4,"53, Kulkarni",562001,Dementia,77,61
1265,1266,P1266-0205-2,Mehul Chaudhari,2002-05-29,23,Female,A+,23.8,"H.No. 076
Raja Circle",572003,Sleep Apnea,91,93
1266,1267,P1267-5501-2,Ivana Balan,1955-01-06,70,Female,O-,23.4,"15, Magar",571006,Asthma,87,86
1267,1268,P1268-7103-1,Abram Rastogi,1971-03-19,54,Male,O-,23.7,"H.No. 88, Som Circle",560024,Osteoporosis,90,24
1268,1269,P1269-8403-2,Ela Kothari,1984-03-02,41,Female,O+,20.6,"60
Dixit Ganj",560017,Gout,59,17
1269,1270,P1270-4205-1,Ayesha Ratti,1942-05-07,83,Male,A+,22.6,"H.No. 798, Seshadri Nagar",561004,Epilepsy,79,54
1270,1271,P1271-5208-1,Shray Tank,1952-08-19,72,Male,O+,24.7,"87/441
Sundaram Marg",561002,Asthma,100,52
1271,1272,P1272-7007-1,Ahana  Borde,1970-07-30,54,Male,B+,22.8,"H.No. 526
Chand Road",571010,Asthma,81,90
1272,1273,P1273-7212-2,Nayantara Bhavsar,1972-12-13,52,Female,B+,25.1,"H.No. 507
Jha Path",561009,Gout,104,59
1273,1274,P1274-9203-1,Aaryahi Dhingra,1992-03-30,33,Male,O-,24.7,"H.No. 125, Sarma Circle",560107,Sleep Apnea,100,38
1274,1275,P1275-4908-2,Charvi Garg,1949-08-03,75,Female,A-,26.7,"H.No. 68, Bhandari Nagar",570006,Gout,120,76
1275,1276,P1276-7406-1,Reyansh Sant,1974-06-13,51,Male,O+,20.8,"44
Sheth Road",570005,Healthy,61,75
1276,1277,P1277-4506-2,Eva Krishna,1945-06-26,80,Female,B+,25.2,"33/872
Bhardwaj Chowk",561009,Asthma,105,59
1277,1278,P1278-9408-1,Vidur Lad,1994-08-20,30,Male,B+,23.7,"H.No. 890
Bawa Ganj",560019,Hypertension,90,19
1278,1279,P1279-6404-2,Prerak Sura,1964-04-12,61,Female,B+,28.5,"H.No. 177
Chatterjee Marg",560002,Epilepsy,138,2
1279,1280,P1280-8410-1,Anahi Kapadia,1984-10-02,40,Male,O-,23.8,"93, Tiwari Road",561010,Sleep Apnea,91,60
1280,1281,P1281-7301-2,Anaya Rajagopal,1973-01-12,52,Female,O+,25.1,"60/95, Batta Circle",561001,Gout,104,51
1281,1282,P1282-7104-1,Samaira Sami,1971-04-25,54,Male,A-,22.9,"72, Chand",560107,Dementia,82,38
1282,1283,P1283-7106-2,Kiara Basu,1971-06-24,54,Female,AB+,21.1,"H.No. 14, Zachariah Path",560021,Heart Disease,64,21
1283,1284,P1284-6306-1,Kavya Vora,1963-06-03,62,Male,AB+,21.3,"20/853, Keer Zila",570001,Hypertension,66,71
1284,1285,P1285-7902-2,Hansh Yohannan,1979-02-10,46,Female,A+,25.1,"84/47
Bali Marg",560009,Dementia,104,9
1285,1286,P1286-9408-1,Romil Kaul,1994-08-19,30,Male,A+,24.9,"25, Varghese",571006,Hypertension,102,86
1286,1287,P1287-5711-1,Damini Choudhary,1957-11-24,67,Male,B+,24.3,"822, Vora Path",560028,Healthy,96,28
1287,1288,P1288-9301-1,Neelofar Shroff,1993-01-12,32,Male,A+,23.9,"45/83, Mane Marg",561007,Asthma,92,57
1288,1289,P1289-7806-1,Miraya Rajagopalan,1978-06-07,47,Male,A-,22.9,"H.No. 227, Khurana Ganj",561006,Hypertension,82,56
1289,1290,P1290-7004-1,Tejas Venkataraman,1970-04-23,55,Male,A+,25.6,"02/904, Wable Road",571007,Asthma,109,87
1290,1291,P1291-0003-2,Neelofar Reddy,2000-03-28,25,Female,B+,23.9,"10/429
Sampath Path",562001,Asthma,92,61
1291,1292,P1292-6408-2,Zara Dass,1964-08-13,60,Female,O-,28.6,"31/51, Sidhu Street",560011,Asthma,139,11
1292,1293,P1293-6604-2,Vaibhav Upadhyay,1966-04-27,59,Female,A-,23.9,"H.No. 32
Mangat Circle",562004,Hypertension,92,64
1293,1294,P1294-7701-1,Yakshit Chakrabarti,1977-01-12,48,Male,A-,26.6,"67, Shankar Road",570009,Depression,119,79
1294,1295,P1295-6506-1,Yuvaan Reddy,1965-06-12,60,Male,AB-,25.5,"H.No. 69, Dara Nagar",561002,Dementia,108,52
1295,1296,P1296-5911-2,Samarth Ramanathan,1959-11-12,65,Female,A+,27.8,"H.No. 43, Ratti Marg",560104,Epilepsy,131,35
1296,1297,P1297-6211-1,Vaibhav Ramakrishnan,1962-11-25,62,Male,A+,21.9,"293
Madan Nagar",560011,Sleep Apnea,72,11
1297,1298,P1298-9811-2,Drishya Srinivasan,1998-11-13,26,Female,O-,23.2,"818, Buch Ganj",560025,Heart Disease,85,25
1298,1299,P1299-5609-2,Amira Bora,1956-09-18,68,Female,A+,24.3,"321, Wable Zila",571002,Asthma,96,82
1299,1300,P1300-7104-2,Jayant Sodhi,1971-04-21,54,Female,O-,23.6,"98/16
Chandran Path",560209,Heart Disease,89,50
1300,1301,P1301-0503-1,Anya Desai,2005-03-02,20,Male,B+,23.8,"71/040, Anne Path",560010,Hypertension,91,10
1301,1302,P1302-6410-2,Jiya Shankar,1964-10-10,60,Female,B-,23.5,"39
Chaudhari Ganj",562005,Epilepsy,88,65
1302,1303,P1303-6501-1,Madhav Varma,1965-01-27,60,Male,B+,26.3,"76/13
Mander",570007,Osteoporosis,116,77
1303,1304,P1304-5102-1,Ayesha Chawla,1951-02-25,74,Male,A+,23.3,"H.No. 785
Raju",560026,Osteoporosis,86,26
1304,1305,P1305-4005-2,Anika Mammen,1940-05-23,85,Female,O+,23.1,"73/100, Vyas Nagar",560205,Healthy,84,46
1305,1306,P1306-4305-2,Drishya Din,1943-05-28,82,Female,B-,21.4,"H.No. 64
Dash Zila",560204,Hypertension,67,45
1306,1307,P1307-9811-1,Anahi Khosla,1998-11-08,26,Male,O+,24.3,"56/169
Deshpande Chowk",560009,Heart Disease,96,9
1307,1308,P1308-7301-2,Shanaya Bhakta,1973-01-12,52,Female,O+,24.1,"09/34
Dugar Path",560013,Dementia,94,13
1308,1309,P1309-4211-2,Alia Varughese,1942-11-13,82,Female,A+,25.1,"99, Srivastava Ganj",560002,Asthma,104,2
1309,1310,P1310-7306-1,Ivan Chauhan,1973-06-15,52,Male,A+,23.1,"38/12, Acharya Road",570007,Heart Disease,84,77
1310,1311,P1311-7105-1,Ayesha Sangha,1971-05-28,54,Male,B+,23.6,"H.No. 86
Goyal Zila",560202,Dementia,89,43
1311,1312,P1312-4306-2,Kiara Deo,1943-06-17,82,Female,O+,22.4,"H.No. 756, Kaul Street",560008,Dementia,77,8
1312,1313,P1313-7608-1,Hiran Barad,1976-08-23,48,Male,O+,21.6,"94/484, Yogi Marg",571005,Osteoporosis,69,85
1313,1314,P1314-7305-1,Anvi Chandra,1973-05-14,52,Male,O+,26.0,"10/802, Agate Circle",560102,Heart Disease,113,33
1314,1315,P1315-0512-1,Raghav Dora,2005-12-14,19,Male,B+,23.5,"H.No. 045, Kumar Nagar",560202,Asthma,88,43
1315,1316,P1316-9411-1,Ranbir Trivedi,1994-11-21,30,Male,AB+,23.2,"H.No. 923, Sami Nagar",572010,Dementia,85,100
1316,1317,P1317-6102-2,Yuvaan Sangha,1961-02-18,64,Female,B+,25.2,"66, Madan Chowk",561009,Asthma,105,59
1317,1318,P1318-5110-1,Ritvik Ramesh,1951-10-14,73,Male,A+,21.5,"27/98, Chakraborty Street",562004,Healthy,68,64
1318,1319,P1319-9405-2,Prisha Gupta,1994-05-18,31,Female,O-,24.6,"538, Bhavsar Road",562007,Sleep Apnea,99,67
1319,1320,P1320-5202-2,Lakshay Kalita,1952-02-17,73,Female,B+,27.9,"34, Bansal Path",572002,Healthy,132,92
1320,1321,P1321-4206-2,Vedika Mall,1942-06-06,83,Female,B+,25.4,"H.No. 482
Varughese Street",570004,Asthma,107,74
1321,1322,P1322-8410-1,Kabir Kala,1984-10-01,40,Male,A-,25.3,"40/89
Kothari Street",562005,Asthma,106,65
1322,1323,P1323-0507-1,Jayan Chowdhury,2005-07-29,19,Male,O+,24.8,"88/687
Mane Road",570010,Gout,101,80
1323,1324,P1324-5111-2,Anika Cheema,1951-11-18,73,Female,O+,23.9,"H.No. 944, Das Road",560208,Osteoporosis,92,49
1324,1325,P1325-4809-2,Lakshay Sant,1948-09-02,76,Female,A-,21.7,"14/49, Choudhury Marg",572003,Osteoporosis,70,93
1325,1326,P1326-4101-2,Manjari Bera,1941-01-12,84,Female,A+,25.6,"090
Gour Road",560020,Depression,109,20
1326,1327,P1327-4301-1,Suhana Deep,1943-01-28,82,Male,AB+,22.6,"H.No. 51
Bobal Street",572007,Sleep Apnea,79,97
1327,1328,P1328-5204-2,Sumer Gulati,1952-04-05,73,Female,A+,26.5,"754
Sundaram Circle",560100,Osteoporosis,118,31
1328,1329,P1329-7501-2,Saanvi Deol,1975-01-26,50,Female,B+,25.9,"H.No. 607, Kara Path",560209,Depression,112,50
1329,1330,P1330-7008-1,Oorja Krish,1970-08-28,54,Male,B+,26.1,"29/66, Kari Street",560003,Asthma,114,3
1330,1331,P1331-8210-2,Mishti Chokshi,1982-10-19,42,Female,O+,22.5,"H.No. 590, Shankar Marg",560205,Epilepsy,78,46
1331,1332,P1332-6908-2,Yuvaan Raj,1969-08-25,55,Female,O+,22.5,"844
Agarwal Circle",560005,Epilepsy,78,5
1332,1333,P1333-5806-2,Vedika Dar,1958-06-03,67,Female,O+,21.3,"H.No. 15, Bajwa Ganj",572009,Sleep Apnea,66,99
1333,1334,P1334-6407-2,Anya De,1964-07-04,61,Female,B+,26.0,"02, Roy Marg",560008,Gout,113,8
1334,1335,P1335-5804-2,Veer Dixit,1958-04-16,67,Female,B+,24.9,"21/62
Mall Path",570007,Osteoporosis,102,77
1335,1336,P1336-0001-1,Kanav Dalal,2000-01-10,25,Male,AB+,24.3,"63, Kunda Marg",562010,Diabetes,96,70
1336,1337,P1337-7012-2,Ivan Chahal,1970-12-06,54,Female,AB+,22.4,"H.No. 11, Konda Chowk",570005,Healthy,77,75
1337,1338,P1338-7809-1,Divyansh Mall,1978-09-12,46,Male,AB+,24.9,"47/936
Mall Circle",560102,Epilepsy,102,33
1338,1339,P1339-5106-2,Mohanlal Ravi,1951-06-18,74,Female,O+,23.6,"H.No. 163, Konda Nagar",560201,Sleep Apnea,89,42
1339,1340,P1340-8602-2,Shray Chowdhury,1986-02-23,39,Female,O+,22.6,"444, Badal Marg",570006,Healthy,79,76
1340,1341,P1341-7509-2,Emir Sarma,1975-09-20,49,Female,A+,22.3,"08/062
Sarma Ganj",560102,Gout,76,33
1341,1342,P1342-7212-1,Vardaniya Desai,1972-12-15,52,Male,AB+,25.2,"54/560
Varkey Zila",572007,Gout,105,97
1342,1343,P1343-0209-1,Zara Hora,2002-09-12,22,Male,AB-,24.5,"144
Sen Ganj",571007,Dementia,98,87
1343,1344,P1344-9604-1,Tara Kapur,1996-04-26,29,Male,B-,28.2,"559, Shenoy Marg",572001,Gout,135,91
1344,1345,P1345-9712-2,Elakshi Sem,1997-12-10,27,Female,O+,23.0,"33/726
Kapur",560103,Diabetes,83,34
1345,1346,P1346-4809-2,Jiya Bains,1948-09-12,76,Female,O+,23.2,"35/38, Sha Path",560204,Gout,85,45
1346,1347,P1347-7007-1,Drishya Ghosh,1970-07-14,55,Male,B-,23.1,"16
Ratta Street",561004,Gout,84,54
1347,1348,P1348-4103-2,Hazel Aurora,1941-03-20,84,Female,B+,24.3,"H.No. 381, Dewan Street",560011,Asthma,96,11
1348,1349,P1349-0508-2,Ojas Goyal,2005-08-18,19,Female,O+,23.5,"89/028, Badal Ganj",560029,Healthy,88,29
1349,1350,P1350-6412-2,Aarush Varty,1964-12-11,60,Female,O-,21.6,"26/605, Lalla Street",562008,Dementia,69,68
1350,1351,P1351-5103-1,Sara Sura,1951-03-26,74,Male,AB+,22.7,"05/304, Brar Chowk",561009,Dementia,80,59
1351,1352,P1352-4209-1,Jayan Rajagopalan,1942-09-17,82,Male,O-,25.6,"739, Mahal",572004,Depression,109,94
1352,1353,P1353-4807-2,Vritika Sharma,1948-07-24,76,Female,O+,26.4,"64
Mall Nagar",561002,Osteoporosis,117,52
1353,1354,P1354-4408-1,Nehmat Ranganathan,1944-08-05,80,Male,O+,21.8,"H.No. 120
Babu Chowk",561004,Gout,71,54
1354,1355,P1355-4708-2,Reyansh Dhaliwal,1947-08-31,77,Female,A+,21.2,"H.No. 69, Yohannan Marg",560100,Asthma,65,31
1355,1356,P1356-8403-1,Elakshi Aggarwal,1984-03-01,41,Male,O+,26.4,"H.No. 533
Sathe Nagar",572004,Osteoporosis,117,94
1356,1357,P1357-8512-1,Sara Kara,1985-12-17,39,Male,A-,22.5,"07/53
Sunder Street",572004,Diabetes,78,94
1357,1358,P1358-5607-1,Rohan Chatterjee,1956-07-07,69,Male,A-,25.0,"H.No. 563, Shenoy Zila",560104,Epilepsy,103,35
1358,1359,P1359-0011-2,Chirag Lad,2000-11-09,24,Female,B+,25.8,"45/773
Agrawal Street",570004,Sleep Apnea,111,74
1359,1360,P1360-4907-1,Seher Suresh,1949-07-10,76,Male,O+,25.6,"H.No. 62, Choudhry Zila",572008,Healthy,109,98
1360,1361,P1361-6510-1,Bhamini Randhawa,1965-10-08,59,Male,B+,22.9,"H.No. 548, Sridhar Chowk",560010,Gout,82,10
1361,1362,P1362-6112-1,Neysa Dubey,1961-12-11,63,Male,B+,25.6,"H.No. 861, Choudhury Path",572006,Heart Disease,109,96
1362,1363,P1363-4306-2,Kashvi Rattan,1943-06-17,82,Female,B-,24.5,"38/287, Lalla Nagar",560017,Hypertension,98,17
1363,1364,P1364-8805-2,Jiya Hari,1988-05-02,37,Female,B+,23.8,"H.No. 03, Kothari Marg",571008,Heart Disease,91,88
1364,1365,P1365-6409-1,Madhav Khanna,1964-09-19,60,Male,B+,21.8,"32/690, Loyal Ganj",571003,Dementia,71,83
1365,1366,P1366-6501-2,Dhanuk Lall,1965-01-04,60,Female,O+,21.6,"79
Bava Chowk",562006,Sleep Apnea,69,66
1366,1367,P1367-4505-1,Nitara Bali,1945-05-18,80,Male,A-,26.1,"H.No. 307, Ratti Marg",560109,Epilepsy,114,40
1367,1368,P1368-5505-1,Aayush Ganesan,1955-05-26,70,Male,A+,24.3,"15/31, Walia Street",560100,Heart Disease,96,31
1368,1369,P1369-8606-2,Arnav Char,1986-06-30,39,Female,AB-,24.1,"H.No. 05, Master Road",560027,Dementia,94,27
1369,1370,P1370-4604-1,Miraan Halder,1946-04-12,79,Male,O-,24.2,"H.No. 972
Chanda Chowk",561002,Hypertension,95,52
1370,1371,P1371-0101-2,Divij Karnik,2001-01-29,24,Female,B+,22.1,"H.No. 175, Krishnan Zila",570001,Osteoporosis,74,71
1371,1372,P1372-0202-2,Suhana Andra,2002-02-21,23,Female,O-,27.0,"41
Khosla Marg",572006,Heart Disease,123,96
1372,1373,P1373-5403-1,Navya Grewal,1954-03-11,71,Male,B+,21.0,"40/483, Bali Nagar",560101,Hypertension,63,32
1373,1374,P1374-8908-1,Biju Sura,1989-08-03,35,Male,A-,23.2,"33, Gade Circle",560100,Heart Disease,85,31
1374,1375,P1375-6006-1,Samar Sandal,1960-06-12,65,Male,B+,22.2,"H.No. 921
Wason Ganj",571003,Healthy,75,83
1375,1376,P1376-6709-1,Seher Gaba,1967-09-06,57,Male,A+,23.7,"54/374
Johal Marg",560010,Sleep Apnea,90,10
1376,1377,P1377-4602-2,Sana Goel,1946-02-21,79,Female,O+,28.6,"72, Sha Road",570002,Sleep Apnea,139,72
1377,1378,P1378-8509-2,Advik Ghosh,1985-09-30,39,Female,O+,27.2,"20, Bahl Nagar",572004,Hypertension,125,94
1378,1379,P1379-9308-2,Samaira Barman,1993-08-08,31,Female,A+,22.8,"H.No. 978
Gill",560102,Heart Disease,81,33
1379,1380,P1380-4203-2,Ayesha Trivedi,1942-03-26,83,Female,A+,25.1,"88/09
Bali Circle",572008,Epilepsy,104,98
1380,1381,P1381-4503-1,Indrajit Mangal,1945-03-13,80,Male,O+,25.6,"H.No. 06
Gole Road",561010,Heart Disease,109,60
1381,1382,P1382-8402-1,Adah Chandra,1984-02-20,41,Male,O+,22.5,"49
Bansal Marg",570006,Osteoporosis,78,76
1382,1383,P1383-0208-1,Nakul Soman,2002-08-02,22,Male,B+,24.8,"H.No. 450
Din Street",560017,Asthma,101,17
1383,1384,P1384-5108-1,Baiju Ray,1951-08-21,73,Male,A-,22.8,"10
Bhalla Zila",562010,Sleep Apnea,81,70
1384,1385,P1385-7608-1,Ritvik Apte,1976-08-19,48,Male,A+,24.6,"H.No. 56
Barman Marg",562003,Gout,99,63
1385,1386,P1386-7108-2,Samiha Loyal,1971-08-25,53,Female,AB-,23.3,"64
Rajan Zila",572008,Gout,86,98
1386,1387,P1387-6410-1,Vidur Chanda,1964-10-03,60,Male,O+,24.0,"H.No. 670, Gandhi Road",561006,Osteoporosis,93,56
1387,1388,P1388-4802-2,Mishti Bhagat,1948-02-24,77,Female,O+,26.6,"56/419
Dalal Road",560027,Epilepsy,119,27
1388,1389,P1389-9605-1,Shayak Sengupta,1996-05-04,29,Male,B+,21.9,"85
Walia Zila",560011,Epilepsy,72,11
1389,1390,P1390-7803-2,Jhanvi Soni,1978-03-04,47,Female,B+,24.6,"H.No. 500, Dash Street",560029,Heart Disease,99,29
1390,1391,P1391-6211-2,Manikya Shere,1962-11-19,62,Female,B+,25.0,"84
Master Ganj",571005,Healthy,103,85
1391,1392,P1392-9409-2,Jivika Sampath,1994-09-30,30,Female,B+,22.4,"H.No. 91, Mane",560015,Epilepsy,77,15
1392,1393,P1393-8003-2,Siya Dhawan,1980-03-07,45,Female,A+,28.2,"25/17
Gulati",561001,Gout,135,51
1393,1394,P1394-5401-1,Darshit Johal,1954-01-06,71,Male,B+,26.4,"23, Sur Circle",560013,Dementia,117,13
1394,1395,P1395-5505-2,Ranbir Randhawa,1955-05-02,70,Female,O+,23.5,"83/51, Bawa",571002,Hypertension,88,82
1395,1396,P1396-6802-2,Rati Rao,1968-02-25,57,Female,A+,23.4,"H.No. 810
Randhawa Street",572005,Heart Disease,87,95
1396,1397,P1397-4609-2,Aaina Mannan,1946-09-10,78,Female,A+,25.1,"36/55
Gala Chowk",561007,Hypertension,104,57
1397,1398,P1398-8306-2,Armaan Krishnamurthy,1983-06-11,42,Female,B+,24.9,"83/47
Soman Chowk",560010,Healthy,102,10
1398,1399,P1399-8007-2,Rohan Shetty,1980-07-03,45,Female,O-,26.9,"47/313
Dewan Nagar",560202,Sleep Apnea,122,43
1399,1400,P1400-4408-1,Indrajit Johal,1944-08-21,80,Male,O-,26.4,"11, Walia",561002,Gout,117,52
1400,1401,P1401-8508-2,Armaan Rama,1985-08-23,39,Female,AB+,23.3,"H.No. 87, Ganesh",561001,Hypertension,86,51
1401,1402,P1402-9108-1,Uthkarsh Dua,1991-08-10,33,Male,B-,22.6,"H.No. 48, Shetty Street",560018,Depression,79,18
1402,1403,P1403-5501-2,Eshani Sibal,1955-01-09,70,Female,O-,25.5,"50, Yadav Path",560011,Healthy,108,11
1403,1404,P1404-8707-2,Nakul Deol,1987-07-17,37,Female,O+,25.7,"H.No. 314
Hayre",571004,Osteoporosis,110,84
1404,1405,P1405-4309-2,Ranbir Varty,1943-09-27,81,Female,O+,24.2,"33/631
Hora Circle",560017,Depression,95,17
1405,1406,P1406-9602-2,Darshit Dave,1996-02-21,29,Female,B-,21.8,"92/15
Yogi Zila",572009,Depression,71,99
1406,1407,P1407-9009-2,Himmat Shenoy,1990-09-17,34,Female,A+,21.1,"482
Borde Marg",560009,Asthma,64,9
1407,1408,P1408-4003-2,Yakshit Kumer,1940-03-27,85,Female,O+,28.0,"H.No. 791, Sankaran Street",560001,Heart Disease,133,1
1408,1409,P1409-4409-2,Ranbir Khare,1944-09-03,80,Female,B+,24.1,"H.No. 70
Soni Marg",560024,Asthma,94,24
1409,1410,P1410-9206-2,Ela Kunda,1992-06-24,33,Female,O+,22.0,"H.No. 93
Kumar Nagar",562008,Hypertension,73,68
1410,1411,P1411-4809-2,Lakshit Ranganathan,1948-09-12,76,Female,A-,24.5,"06/20, Bava Circle",570005,Osteoporosis,98,75
1411,1412,P1412-5509-1,Zain Acharya,1955-09-30,69,Male,O+,24.0,"22
Rajan",560026,Sleep Apnea,93,26
1412,1413,P1413-4907-2,Dishani Kata,1949-07-01,76,Female,B+,23.4,"53/909
Shukla Street",570001,Sleep Apnea,87,71
1413,1414,P1414-0308-1,Vardaniya Tella,2003-08-04,21,Male,O+,21.9,"62/946, Dixit Chowk",560022,Sleep Apnea,72,22
1414,1415,P1415-8303-1,Tarini Shroff,1983-03-16,42,Male,A+,23.3,"01/010
Balan Road",562008,Sleep Apnea,86,68
1415,1416,P1416-7301-1,Raunak Shukla,1973-01-28,52,Male,O-,22.8,"017
Konda Street",560015,Gout,81,15
1416,1417,P1417-4409-1,Kashvi Khosla,1944-09-24,80,Male,O+,22.5,"31/28
Chhabra Zila",560102,Gout,78,33
1417,1418,P1418-7201-2,Priyansh Badami,1972-01-19,53,Female,B-,23.9,"633
Sarkar Ganj",560030,Gout,92,30
1418,1419,P1419-5707-2,Aarush Bansal,1957-07-27,67,Female,B+,24.5,"H.No. 96, Dugal",571007,Dementia,98,87
1419,1420,P1420-6205-1,Neysa Shah,1962-05-12,63,Male,O-,19.3,"H.No. 76, Baria Ganj",561003,Asthma,46,53
1420,1421,P1421-8001-1,Mishti Tandon,1980-01-18,45,Male,B+,22.4,"51
Basak Street",560103,Dementia,77,34
1421,1422,P1422-6101-1,Piya Salvi,1961-01-02,64,Male,O+,26.6,"23/178, Comar Ganj",560107,Dementia,119,38
1422,1423,P1423-9203-1,Vidur Wali,1992-03-02,33,Male,A+,25.0,"336
Sur Marg",562003,Gout,103,63
1423,1424,P1424-7807-2,Aarna Jha,1978-07-18,46,Female,B+,21.4,"691, Dhar Marg",571005,Diabetes,67,85
1424,1425,P1425-5209-1,Dhanush Ganesh,1952-09-14,72,Male,A+,23.5,"65/03
Singh Street",561010,Epilepsy,88,60
1425,1426,P1426-9410-1,Jivika Bumb,1994-10-15,30,Male,O+,22.0,"42/43
Din Street",560106,Gout,73,37
1426,1427,P1427-5107-1,Raunak Saraf,1951-07-17,74,Male,O+,23.7,"31, Bala Nagar",572006,Depression,90,96
1427,1428,P1428-4705-2,Pari Srivastava,1947-05-25,78,Female,B-,22.9,"82, Sankaran",560205,Gout,82,46
1428,1429,P1429-8605-1,Veer Dugar,1986-05-28,39,Male,A+,25.5,"H.No. 23
Boase Street",560200,Depression,108,41
1429,1430,P1430-4504-2,Charvi Goswami,1945-04-17,80,Female,O+,26.6,"030
Chhabra Path",560012,Gout,119,12
1430,1431,P1431-6107-2,Indrajit Rege,1961-07-11,64,Female,B+,20.6,"H.No. 83
Toor Nagar",560029,Dementia,59,29
1431,1432,P1432-4807-2,Stuvan Bose,1948-07-16,77,Female,O-,22.8,"H.No. 18, Karnik Marg",560209,Diabetes,81,50
1432,1433,P1433-7003-2,Kiara Varughese,1970-03-04,55,Female,A-,29.4,"H.No. 89
Dube",560109,Hypertension,147,40
1433,1434,P1434-4904-1,Nishith Dani,1949-04-13,76,Male,O+,24.7,"H.No. 346, Krish Ganj",560027,Depression,100,27
1434,1435,P1435-9911-1,Mishti Master,1999-11-04,25,Male,O+,23.6,"H.No. 790, Sunder Ganj",560108,Asthma,89,39
1435,1436,P1436-5502-2,Anvi Desai,1955-02-21,70,Female,B+,20.1,"04/277, Bail",560006,Epilepsy,54,6
1436,1437,P1437-6709-2,Sahil Srinivasan,1967-09-16,57,Female,O-,24.5,"H.No. 42, Vora Street",560004,Epilepsy,98,4
1437,1438,P1438-4502-2,Manikya Bumb,1945-02-21,80,Female,B-,23.3,"47/387
Handa Marg",560105,Diabetes,86,36
1438,1439,P1439-6903-2,Tiya Madan,1969-03-08,56,Female,O+,24.5,"51/965
Mannan Chowk",560029,Osteoporosis,98,29
1439,1440,P1440-8902-2,Ishaan Lall,1989-02-01,36,Female,O+,23.4,"73/99, Jain Chowk",560203,Hypertension,87,44
1440,1441,P1441-8304-1,Nitya Chaudhry,1983-04-14,42,Male,O+,26.1,"H.No. 48, Goswami Zila",560208,Diabetes,114,49
1441,1442,P1442-7307-1,Bhavin Vig,1973-07-29,51,Male,O+,26.4,"78/983, Varghese Road",570002,Sleep Apnea,117,72
1442,1443,P1443-8107-2,Damini Bajwa,1981-07-11,44,Female,O+,25.7,"H.No. 73
Atwal Street",572007,Diabetes,110,97
1443,1444,P1444-9805-2,Saira Samra,1998-05-29,27,Female,O+,25.0,"71/030
Vig Zila",560013,Hypertension,103,13
1444,1445,P1445-9504-1,Ira Andra,1995-04-23,30,Male,A+,23.5,"56/290, Choudhry Zila",562002,Heart Disease,88,62
1445,1446,P1446-8303-2,Sana Shere,1983-03-19,42,Female,O+,23.9,"40/75
Sidhu Ganj",562009,Epilepsy,92,69
1446,1447,P1447-8706-2,Hunar Chana,1987-06-06,38,Female,O+,22.1,"247, Bajaj Street",560209,Gout,74,50
1447,1448,P1448-6308-1,Shaan Solanki,1963-08-21,61,Male,O+,23.3,"75/81, Iyer Nagar",571003,Heart Disease,86,83
1448,1449,P1449-0501-1,Divit Sagar,2005-01-09,20,Male,O+,23.0,"10/65
Chakrabarti Ganj",560013,Heart Disease,83,13
1449,1450,P1450-8211-2,Aarav Ratta,1982-11-25,42,Female,A-,23.2,"H.No. 92
Bajwa Marg",560021,Depression,85,21
1450,1451,P1451-7410-1,Emir Lad,1974-10-23,50,Male,A+,29.2,"21/60, Bains Ganj",571005,Osteoporosis,145,85
1451,1452,P1452-7308-2,Miraan Ravel,1973-08-06,51,Female,O+,25.0,"15/93, Char",560103,Depression,103,34
1452,1453,P1453-5602-2,Advik Lal,1956-02-14,69,Female,A+,23.9,"86, Baral Chowk",560200,Gout,92,41
1453,1454,P1454-7109-1,Taimur D’Alia,1971-09-19,53,Male,A+,23.5,"H.No. 315
Kanda Circle",561003,Sleep Apnea,88,53
1454,1455,P1455-0309-2,Aarna Bajwa,2003-09-22,21,Female,B-,25.8,"H.No. 969
Baral Road",562004,Sleep Apnea,111,64
1455,1456,P1456-0103-2,Saksham Som,2001-03-11,24,Female,A+,22.8,"52/322, Lala Road",560208,Healthy,81,49
1456,1457,P1457-8809-2,Biju Hayre,1988-09-24,36,Female,O+,24.0,"61/046
Kaur Street",560002,Gout,93,2
1457,1458,P1458-5512-2,Stuvan Chaudhari,1955-12-19,69,Female,A-,21.7,"267
Chakrabarti Circle",560007,Healthy,70,7
1458,1459,P1459-6707-2,Manikya Rajagopal,1967-07-28,57,Female,B+,23.6,"49/551, Arya Road",560207,Dementia,89,48
1459,1460,P1460-6911-1,Kashvi Sarraf,1969-11-13,55,Male,O+,22.5,"H.No. 18, Vyas Chowk",561006,Depression,78,56
1460,1461,P1461-0303-1,Jivin Saraf,2003-03-16,22,Male,A+,22.1,"03/76
Gupta Path",570010,Depression,74,80
1461,1462,P1462-7609-2,Shray Desai,1976-09-21,48,Female,O+,23.4,"84/915, Ganesh Ganj",561002,Sleep Apnea,87,52
1462,1463,P1463-5805-2,Zoya Dara,1958-05-02,67,Female,A+,23.0,"H.No. 34
Doshi Zila",570002,Gout,83,72
1463,1464,P1464-5210-2,Mehul Bhardwaj,1952-10-26,72,Female,O+,22.6,"20/023, Suresh Chowk",560109,Heart Disease,79,40
1464,1465,P1465-4701-1,Gokul Tandon,1947-01-01,78,Male,O+,27.8,"H.No. 12
Dalal Ganj",560202,Sleep Apnea,131,43
1465,1466,P1466-8512-2,Shamik Ratta,1985-12-27,39,Female,A-,23.3,"807
Gola Circle",571005,Gout,86,85
1466,1467,P1467-7712-1,Rasha Chopra,1977-12-27,47,Male,B+,24.6,"H.No. 267, Keer Marg",561006,Gout,99,56
1467,1468,P1468-9507-1,Kiara Bains,1995-07-17,29,Male,O+,23.1,"26/89
Kadakia Nagar",560209,Diabetes,84,50
1468,1469,P1469-0306-2,Damini Lad,2003-06-12,22,Female,A+,24.7,"H.No. 744
Balasubramanian Street",561004,Epilepsy,100,54
1469,1470,P1470-8104-1,Vedika Biswas,1981-04-15,44,Male,A+,23.6,"025
Bajaj Road",560203,Asthma,89,44
1470,1471,P1471-0108-2,Sara Chand,2001-08-03,23,Female,O+,18.6,"H.No. 82, De Street",560021,Sleep Apnea,39,21
1471,1472,P1472-6904-1,Trisha Das,1969-04-25,56,Male,O+,19.9,"97/55
Tank Ganj",560103,Heart Disease,52,34
1472,1473,P1473-4010-2,Divit Ratta,1940-10-09,84,Female,A+,26.4,"23/55
Dada Path",560018,Heart Disease,117,18
1473,1474,P1474-6410-2,Dharmajan Dave,1964-10-24,60,Female,B+,22.2,"00, Talwar",560106,Sleep Apnea,75,37
1474,1475,P1475-9207-2,Arnav Loke,1992-07-08,33,Female,A+,25.8,"431
Hegde Circle",560206,Dementia,111,47
1475,1476,P1476-5109-2,Kashvi Bandi,1951-09-24,73,Female,A+,22.6,"H.No. 70
Warrior Zila",571010,Dementia,79,90
1476,1477,P1477-4108-1,Samar Goda,1941-08-20,83,Male,O+,25.1,"75/184, Sabharwal Street",560017,Hypertension,104,17
1477,1478,P1478-4905-2,Bhavin Kant,1949-05-01,76,Female,A-,25.2,"080
Sane Zila",572004,Epilepsy,105,94
1478,1479,P1479-7604-2,Ivana Bahl,1976-04-28,49,Female,AB+,22.9,"92
Batta Nagar",570006,Healthy,82,76
1479,1480,P1480-9506-1,Kaira Trivedi,1995-06-02,30,Male,O+,23.4,"72/112
Bali Path",561005,Epilepsy,87,55
1480,1481,P1481-5810-2,Aarush Bora,1958-10-28,66,Female,A+,22.4,"H.No. 593, Dhar Circle",571007,Epilepsy,77,87
1481,1482,P1482-7409-1,Zaina Hayer,1974-09-13,50,Male,A-,26.3,"H.No. 58, Sarraf Path",560100,Dementia,116,31
1482,1483,P1483-5601-2,Yashvi Gulati,1956-01-19,69,Female,A+,20.0,"923, Balakrishnan",560207,Asthma,53,48
1483,1484,P1484-0101-1,Vidur Ramakrishnan,2001-01-22,24,Male,B+,22.5,"H.No. 90, Kanda Zila",560107,Dementia,78,38
1484,1485,P1485-0410-2,Nirvaan Behl,2004-10-20,20,Female,B+,24.6,"983, Rau Circle",572009,Diabetes,99,99
1485,1486,P1486-9907-2,Diya Barad,1999-07-26,25,Female,O+,24.0,"84/89, Devi Circle",560106,Gout,93,37
1486,1487,P1487-6911-2,Nirvi Bhakta,1969-11-14,55,Female,A+,21.4,"H.No. 859, Bawa Street",572010,Gout,67,100
1487,1488,P1488-9806-2,Neelofar Gill,1998-06-11,27,Female,B+,24.0,"57/07
Koshy",561008,Dementia,93,58
1488,1489,P1489-7902-1,Ehsaan Mahal,1979-02-22,46,Male,O+,25.7,"176, Gara Ganj",562004,Epilepsy,110,64
1489,1490,P1490-6907-1,Arnav Date,1969-07-19,55,Male,O+,25.7,"98/442
Gokhale Nagar",560008,Depression,110,8
1490,1491,P1491-9809-2,Uthkarsh Mandal,1998-09-15,26,Female,B+,25.9,"H.No. 711, Bir Nagar",571001,Depression,112,81
1491,1492,P1492-8012-2,Dhruv Shenoy,1980-12-30,44,Female,O+,21.4,"562, Talwar Nagar",560029,Sleep Apnea,67,29
1492,1493,P1493-4712-2,Raunak Kothari,1947-12-08,77,Female,B+,23.8,"48/189
Manda Chowk",560003,Diabetes,91,3
1493,1494,P1494-9508-2,Sana Mahajan,1995-08-08,29,Female,B+,24.8,"68/69, Kata Marg",561003,Healthy,101,53
1494,1495,P1495-6101-2,Hridaan Kakar,1961-01-25,64,Female,B+,21.8,"H.No. 94
Dixit",560022,Osteoporosis,71,22
1495,1496,P1496-5501-2,Hansh Ramanathan,1955-01-14,70,Female,B+,20.2,"H.No. 470
Swaminathan Road",560201,Asthma,55,42
1496,1497,P1497-8104-2,Seher Ghose,1981-04-28,44,Female,O+,22.2,"96/068, Tata Ganj",560209,Dementia,75,50
1497,1498,P1498-4602-2,Zaina Master,1946-02-22,79,Female,O+,25.3,"80/592
Sibal Road",560020,Asthma,106,20
1498,1499,P1499-5711-1,Gatik Dutta,1957-11-27,67,Male,B+,19.9,"87/68
Bora Ganj",562010,Dementia,52,70
1499,1500,P1500-5912-1,Shamik D’Alia,1959-12-12,65,Male,O+,26.5,"H.No. 919, Lala Zila",561008,Heart Disease,118,58
1500,1501,P1501-8709-1,Samaira Sami,1987-09-11,37,Male,B+,27.9,"H.No. 172, Gupta Nagar",572007,Dementia,132,97
1501,1502,P1502-0510-2,Divit Ramesh,2005-10-28,19,Female,O-,23.5,"H.No. 85, Rao Path",572007,Depression,88,97
1502,1503,P1503-4709-2,Nitara Kapur,1947-09-03,77,Female,O+,21.7,"27, Sanghvi Street",561007,Epilepsy,70,57
1503,1504,P1504-5201-2,Emir Bajaj,1952-01-21,73,Female,A+,24.2,"02/747, Raja Path",560014,Hypertension,95,14
1504,1505,P1505-8802-1,Anika Gill,1988-02-10,37,Male,A+,25.4,"H.No. 573
Tara Street",570009,Hypertension,107,79
1505,1506,P1506-4608-2,Yuvraj  Vora,1946-08-16,78,Female,B+,21.8,"29, Bora Ganj",572006,Osteoporosis,71,96
1506,1507,P1507-9207-2,Samaira Borde,1992-07-17,32,Female,O+,26.7,"66/499
Gade",561004,Epilepsy,120,54
1507,1508,P1508-0407-2,Keya Kota,2004-07-29,20,Female,O+,24.2,"79/138, Sura Ganj",560201,Epilepsy,95,42
1508,1509,P1509-7002-1,Rania Subramanian,1970-02-26,55,Male,B+,21.8,"623, Shetty Marg",560109,Asthma,71,40
1509,1510,P1510-9406-1,Saira Wadhwa,1994-06-24,31,Male,B-,27.8,"44/090, Reddy Street",560020,Osteoporosis,131,20
1510,1511,P1511-7701-2,Shanaya Bassi,1977-01-29,48,Female,B+,21.5,"48, Bansal Marg",572001,Dementia,68,91
1511,1512,P1512-4807-2,Vardaniya Upadhyay,1948-07-12,77,Female,A+,25.3,"52/104
Borra Chowk",560001,Gout,106,1
1512,1513,P1513-6907-1,Raunak Vasa,1969-07-09,56,Male,O+,24.4,"H.No. 55, Sidhu Path",562010,Heart Disease,97,70
1513,1514,P1514-5905-1,Lakshay Sem,1959-05-12,66,Male,O-,23.4,"H.No. 28
Bhatt Marg",572008,Sleep Apnea,87,98
1514,1515,P1515-9602-1,Eshani Khosla,1996-02-26,29,Male,A-,23.5,"016
Dave Road",570001,Diabetes,88,71
1515,1516,P1516-9006-2,Miraya Hari,1990-06-08,35,Female,AB+,24.1,"83/020, Varkey Marg",561001,Hypertension,94,51
1516,1517,P1517-4904-2,Hiran Dass,1949-04-24,76,Female,B+,28.0,"85, Sem Ganj",571005,Heart Disease,133,85
1517,1518,P1518-9706-2,Ranbir Ravel,1997-06-16,28,Female,O-,22.3,"778, Bahri",560022,Dementia,76,22
1518,1519,P1519-5805-2,Dhruv Chakrabarti,1958-05-13,67,Female,O+,24.6,"H.No. 28, Chahal Road",560207,Osteoporosis,99,48
1519,1520,P1520-7002-2,Jhanvi Sani,1970-02-26,55,Female,B-,26.8,"H.No. 76, Rajagopal Nagar",562002,Healthy,121,62
1520,1521,P1521-5210-1,Heer Dhawan,1952-10-26,72,Male,O+,25.9,"H.No. 31
Ramesh Path",570007,Hypertension,112,77
1521,1522,P1522-8703-1,Chirag Dey,1987-03-06,38,Male,O+,23.0,"617
Bhalla Zila",560016,Diabetes,83,16
1522,1523,P1523-5411-1,Samaira Banik,1954-11-22,70,Male,O-,25.8,"21/881
Vora Zila",562004,Heart Disease,111,64
1523,1524,P1524-4212-2,Urvi Sandhu,1942-12-07,82,Female,A+,23.2,"H.No. 09, Char Chowk",560106,Dementia,85,37
1524,1525,P1525-9109-2,Madhav Sunder,1991-09-05,33,Female,A+,25.5,"864, Baria Street",562007,Asthma,108,67
1525,1526,P1526-4905-1,Sara Wadhwa,1949-05-10,76,Male,O+,23.8,"H.No. 29, Borah Nagar",560018,Sleep Apnea,91,18
1526,1527,P1527-8401-2,Vihaan Sha,1984-01-15,41,Female,A+,25.4,"33
Brahmbhatt Zila",560006,Depression,107,6
1527,1528,P1528-7908-1,Lagan Shukla,1979-08-13,45,Male,O+,22.6,"H.No. 38
Kant Nagar",560024,Epilepsy,79,24
1528,1529,P1529-9607-1,Hridaan Som,1996-07-21,28,Male,O+,26.4,"19/277, Kade Nagar",560019,Hypertension,117,19
1529,1530,P1530-6006-1,Piya Vaidya,1960-06-11,65,Male,B+,23.6,"07/28, Gala",560006,Gout,89,6
1530,1531,P1531-7701-2,Arnav Sarna,1977-01-26,48,Female,O+,23.3,"H.No. 49, Sengupta Nagar",560101,Heart Disease,86,32
1531,1532,P1532-6204-1,Saira Apte,1962-04-28,63,Male,B+,28.1,"65, Sangha",570009,Osteoporosis,134,79
1532,1533,P1533-7010-2,Nirvaan Doctor,1970-10-18,54,Female,O+,23.1,"H.No. 56
Chander Circle",571010,Gout,84,90
1533,1534,P1534-7107-1,Hrishita Borra,1971-07-12,54,Male,AB-,22.3,"917
Sahota Road",571005,Gout,76,85
1534,1535,P1535-5605-2,Zeeshan Kar,1956-05-25,69,Female,O+,27.7,"00/53
Bhagat Chowk",560107,Depression,130,38
1535,1536,P1536-7205-2,Saanvi Varughese,1972-05-20,53,Female,O+,26.7,"19/328
Toor Street",560206,Sleep Apnea,120,47
1536,1537,P1537-8101-1,Mohanlal Walia,1981-01-09,44,Male,A+,23.8,"32/87, Mahal Road",560027,Diabetes,91,27
1537,1538,P1538-7111-1,Miraya Dora,1971-11-01,53,Male,O+,21.5,"H.No. 86
Kapadia Zila",561009,Diabetes,68,59
1538,1539,P1539-5002-1,Saanvi Krishna,1950-02-09,75,Male,O+,23.3,"75, Singh Street",561002,Gout,86,52
1539,1540,P1540-9903-2,Rhea Chaudhari,1999-03-12,26,Female,A+,24.1,"36
Subramaniam Ganj",561002,Dementia,94,52
1540,1541,P1541-9812-2,Shamik Korpal,1998-12-10,26,Female,O+,25.4,"95, Kale Street",560030,Dementia,107,30
1541,1542,P1542-9206-1,Divit Kala,1992-06-30,33,Male,A-,23.0,"57/824, Dayal Nagar",560023,Heart Disease,83,23
1542,1543,P1543-6606-2,Dishani Gole,1966-06-05,59,Female,B+,25.2,"70/93
Das Chowk",572009,Heart Disease,105,99
1543,1544,P1544-0502-1,Manjari Salvi,2005-02-01,20,Male,O+,21.7,"74/733
Kumer Road",570002,Diabetes,70,72
1544,1545,P1545-4703-1,Seher Lanka,1947-03-23,78,Male,O+,26.1,"40/03
Johal Nagar",561005,Heart Disease,114,55
1545,1546,P1546-6811-2,Zoya Rao,1968-11-09,56,Female,O+,24.2,"H.No. 98
Seth Circle",560024,Healthy,95,24
1546,1547,P1547-6810-2,Keya Rajagopal,1968-10-07,56,Female,A+,23.0,"011
Dhingra Street",560200,Sleep Apnea,83,41
1547,1548,P1548-5805-1,Aradhya Thakur,1958-05-30,67,Male,B-,25.6,"95/841
Choudhary",572007,Hypertension,109,97
1548,1549,P1549-8507-1,Rania Rege,1985-07-02,40,Male,B+,22.5,"61, Handa Circle",570004,Depression,78,74
1549,1550,P1550-5103-2,Kaira Tella,1951-03-22,74,Female,A-,27.3,"02/87
Sekhon Nagar",561006,Hypertension,126,56
1550,1551,P1551-9309-2,Riya Dube,1993-09-01,31,Female,B-,22.4,"H.No. 439, Chhabra Path",560201,Depression,77,42
1551,1552,P1552-6804-1,Raunak Agarwal,1968-04-04,57,Male,O+,24.4,"H.No. 77, Doctor Marg",562001,Asthma,97,61
1552,1553,P1553-0304-1,Manjari Bhargava,2003-04-30,22,Male,O+,27.6,"H.No. 12
Bhattacharyya",560010,Gout,129,10
1553,1554,P1554-9106-2,Renee Zachariah,1991-06-11,34,Female,O+,23.3,"319, Brar Ganj",560026,Epilepsy,86,26
1554,1555,P1555-8303-2,Chirag Ravel,1983-03-09,42,Female,O+,20.8,"23/79, Kata Marg",560016,Asthma,61,16
1555,1556,P1556-8109-2,Dhanush Gopal,1981-09-05,43,Female,A+,22.8,"H.No. 11, Srivastava Street",571008,Hypertension,81,88
1556,1557,P1557-4710-2,Shamik Sarna,1947-10-22,77,Female,B+,24.5,"07/875, Ratti Nagar",562002,Osteoporosis,98,62
1557,1558,P1558-7405-2,Zaina Tailor,1974-05-17,51,Female,B+,27.8,"10, Khurana Marg",562005,Diabetes,131,65
1558,1559,P1559-7411-1,Riaan Baria,1974-11-03,50,Male,O+,26.0,"05/52
Varughese Street",560019,Asthma,113,19
1559,1560,P1560-9508-1,Vivaan Bora,1995-08-05,29,Male,O+,25.1,"720, Vohra Circle",562002,Sleep Apnea,104,62
1560,1561,P1561-9305-1,Akarsh Upadhyay,1993-05-02,32,Male,O-,25.2,"H.No. 274, Tripathi Ganj",560020,Sleep Apnea,105,20
1561,1562,P1562-6708-2,Vivaan Hans,1967-08-21,57,Female,A+,22.6,"H.No. 582, Bhakta Zila",571006,Osteoporosis,79,86
1562,1563,P1563-4702-1,Krish De,1947-02-07,78,Male,A+,26.0,"24/082
Kaur Street",571005,Hypertension,113,85
1563,1564,P1564-7208-1,Kaira Sarraf,1972-08-07,52,Male,O+,24.0,"H.No. 43, Gandhi Circle",571004,Hypertension,93,84
1564,1565,P1565-7202-1,Vanya Hayer,1972-02-25,53,Male,A-,25.5,"20/081, Apte Zila",560016,Heart Disease,108,16
1565,1566,P1566-4112-2,Lagan Boase,1941-12-11,83,Female,O+,24.5,"89, Hans Zila",570010,Gout,98,80
1566,1567,P1567-7201-2,Diya Ratta,1972-01-05,53,Female,O-,23.2,"42/30
Sha Zila",560001,Osteoporosis,85,1
1567,1568,P1568-4603-1,Zara Rajan,1946-03-07,79,Male,O-,25.8,"880
Thaker Nagar",561009,Gout,111,59
1568,1569,P1569-0412-2,Kavya Rau,2004-12-11,20,Female,A-,26.1,"114
Saraf Path",562001,Diabetes,114,61
1569,1570,P1570-9002-1,Rati Johal,1990-02-19,35,Male,O+,26.5,"64/797
Buch Circle",560106,Osteoporosis,118,37
1570,1571,P1571-4908-1,Bhavin Sundaram,1949-08-31,75,Male,B+,24.3,"40/45
Varkey Circle",570001,Dementia,96,71
1571,1572,P1572-4301-2,Dishani Chawla,1943-01-08,82,Female,A-,21.7,"82
Amble Nagar",570010,Asthma,70,80
1572,1573,P1573-0106-1,Devansh Khalsa,2001-06-08,24,Male,A+,25.5,"164
Samra Road",560107,Diabetes,108,38
1573,1574,P1574-6204-1,Tarini Thaker,1962-04-18,63,Male,O+,25.4,"H.No. 15
Gill",560025,Sleep Apnea,107,25
1574,1575,P1575-4905-1,Nirvaan Vyas,1949-05-06,76,Male,O+,22.5,"H.No. 75
Bedi Road",560206,Heart Disease,78,47
1575,1576,P1576-4410-2,Onkar Sathe,1944-10-02,80,Female,O+,23.7,"58, Arora Circle",560003,Asthma,90,3
1576,1577,P1577-8610-1,Lakshay Chander,1986-10-14,38,Male,AB+,28.7,"107, Rajagopal",570003,Sleep Apnea,140,73
1577,1578,P1578-8208-1,Samiha Loyal,1982-08-22,42,Male,A+,29.0,"H.No. 041, Mani Road",560008,Dementia,143,8
1578,1579,P1579-7502-1,Riaan Kala,1975-02-07,50,Male,O+,25.4,"H.No. 39, Doctor Street",570006,Heart Disease,107,76
1579,1580,P1580-7902-1,Dhanush Bhatt,1979-02-26,46,Male,O-,25.5,"H.No. 07, Srivastava Path",562007,Gout,108,67
1580,1581,P1581-7610-1,Rasha Gade,1976-10-18,48,Male,O+,28.7,"899, Chawla Marg",560028,Heart Disease,140,28
1581,1582,P1582-9602-2,Ishita Subramaniam,1996-02-07,29,Female,O+,28.6,"H.No. 31
Mallick Chowk",560013,Diabetes,139,13
1582,1583,P1583-0310-1,Tara Ganesh,2003-10-21,21,Male,O+,25.0,"20/30, Balay Zila",562007,Diabetes,103,67
1583,1584,P1584-0207-2,Anay Date,2002-07-22,22,Female,O+,22.9,"46/938, Rau",562008,Osteoporosis,82,68
1584,1585,P1585-7703-1,Renee Wali,1977-03-01,48,Male,A-,27.3,"517, Bora Ganj",560105,Depression,126,36
1585,1586,P1586-5306-2,Jayant Kadakia,1953-06-29,72,Female,O+,24.6,"85
Rajan Chowk",572010,Osteoporosis,99,100
1586,1587,P1587-8209-2,Nirvi Rama,1982-09-08,42,Female,B+,22.6,"463
Chana Road",560019,Sleep Apnea,79,19
1587,1588,P1588-9406-1,Shlok Soni,1994-06-27,31,Male,O+,24.0,"48/246
Toor Nagar",560105,Heart Disease,93,36
1588,1589,P1589-9007-2,Sahil Khosla,1990-07-13,34,Female,A-,23.3,"711
Kapoor Circle",571006,Depression,86,86
1589,1590,P1590-6607-2,Lakshay Grover,1966-07-18,58,Female,B+,26.0,"H.No. 54, Tak Ganj",560203,Hypertension,113,44
1590,1591,P1591-7004-2,Abram Deol,1970-04-25,55,Female,B+,26.1,"H.No. 93, Rana Circle",560018,Sleep Apnea,114,18
1591,1592,P1592-8211-2,Prisha Koshy,1982-11-22,42,Female,AB+,25.9,"05/918
Srinivasan Street",562006,Depression,112,66
1592,1593,P1593-8702-1,Hrishita Balan,1987-02-04,38,Male,O+,25.7,"21/063
Jhaveri Nagar",571003,Hypertension,110,83
1593,1594,P1594-0303-2,Adira Bala,2003-03-28,22,Female,B+,24.8,"97
Mammen Path",560208,Heart Disease,101,49
1594,1595,P1595-0009-1,Anahita Bassi,2000-09-08,24,Male,B+,25.3,"94/83
Kota Path",560201,Depression,106,42
1595,1596,P1596-6908-1,Azad Kanda,1969-08-29,55,Male,B+,21.5,"46/62, Batta Ganj",560003,Hypertension,68,3
1596,1597,P1597-8206-1,Tarini Bera,1982-06-28,43,Male,B+,23.2,"85/52
Hegde Zila",571002,Diabetes,85,82
1597,1598,P1598-6406-1,Anay Kothari,1964-06-10,61,Male,O-,22.0,"43, Gour Path",561001,Gout,73,51
1598,1599,P1599-0202-1,Prisha Rama,2002-02-22,23,Male,B-,25.3,"082, Lall Street",560106,Healthy,106,37
1599,1600,P1600-6310-2,Shray Sidhu,1963-10-12,61,Female,O+,25.2,"708, Deshpande Path",570003,Diabetes,105,73
1600,1601,P1601-7405-2,Anahi Swaminathan,1974-05-16,51,Female,O+,24.0,"56/689, Bava Road",561004,Sleep Apnea,93,54
1601,1602,P1602-0301-2,Aayush Kaul,2003-01-06,22,Female,A+,25.3,"11/238
Goda Ganj",560011,Healthy,106,11
1602,1603,P1603-9604-1,Jhanvi Khurana,1996-04-30,29,Male,AB+,24.1,"35
Ramachandran Chowk",571005,Epilepsy,94,85
1603,1604,P1604-4211-1,Rohan Bali,1942-11-08,82,Male,O+,24.0,"141, Sabharwal Street",560007,Gout,93,7
1604,1605,P1605-6811-1,Vedika Iyengar,1968-11-29,56,Male,B+,25.3,"14/575
Dugar Marg",560019,Heart Disease,106,19
1605,1606,P1606-9606-1,Hansh Sheth,1996-06-03,29,Male,O+,21.9,"06/71
Sen Path",572003,Heart Disease,72,93
1606,1607,P1607-7711-1,Parinaaz Lalla,1977-11-08,47,Male,B-,24.4,"H.No. 99, Singhal Circle",560015,Sleep Apnea,97,15
1607,1608,P1608-4907-1,Jayesh Vig,1949-07-28,75,Male,O+,25.9,"H.No. 802, Kata Street",560024,Dementia,112,24
1608,1609,P1609-9105-2,Aradhya Boase,1991-05-02,34,Female,B+,23.0,"40/57
Sampath",560028,Healthy,83,28
1609,1610,P1610-7810-2,Nayantara Sidhu,1978-10-18,46,Female,AB+,22.6,"H.No. 40
Khanna Circle",572010,Asthma,79,100
1610,1611,P1611-6607-1,Yakshit Bal,1966-07-02,59,Male,O+,18.5,"H.No. 04
Keer Marg",560020,Sleep Apnea,38,20
1611,1612,P1612-0011-1,Yasmin Dalal,2000-11-13,24,Male,O+,22.3,"24/445, Bhardwaj Road",570001,Diabetes,76,71
1612,1613,P1613-0101-1,Onkar Hayre,2001-01-21,24,Male,O+,25.2,"H.No. 666
Gokhale Marg",570009,Diabetes,105,79
1613,1614,P1614-5005-2,Alisha Anne,1950-05-15,75,Female,A-,20.9,"H.No. 02
Saxena Ganj",561007,Heart Disease,62,57
1614,1615,P1615-9607-2,Oorja Tank,1996-07-16,28,Female,O+,28.2,"H.No. 28
Choudhury Street",560018,Gout,135,18
1615,1616,P1616-9410-1,Yuvaan Kara,1994-10-13,30,Male,B-,24.3,"H.No. 99
Kashyap Ganj",562007,Heart Disease,96,67
1616,1617,P1617-4209-2,Rasha Lanka,1942-09-04,82,Female,O-,25.9,"82
Wable Road",572001,Sleep Apnea,112,91
1617,1618,P1618-6807-1,Lagan Balasubramanian,1968-07-28,56,Male,AB+,22.9,"57/45, Chanda Zila",560018,Dementia,82,18
1618,1619,P1619-9007-2,Chirag Shanker,1990-07-12,34,Female,AB+,22.6,"H.No. 45
Chaudry Chowk",562010,Hypertension,79,70
1619,1620,P1620-0205-2,Mehul Shere,2002-05-23,23,Female,O+,23.4,"26/731
Mandal Path",560026,Osteoporosis,87,26
1620,1621,P1621-6411-1,Keya Lalla,1964-11-17,60,Male,O+,23.3,"H.No. 04, Andra Nagar",560030,Gout,86,30
1621,1622,P1622-4309-2,Samaira De,1943-09-19,81,Female,O+,21.6,"H.No. 222, Koshy Nagar",562003,Osteoporosis,69,63
1622,1623,P1623-8301-2,Ira Suri,1983-01-09,42,Female,A+,25.8,"62/695, Varkey Chowk",560015,Diabetes,111,15
1623,1624,P1624-8604-2,Seher Keer,1986-04-09,39,Female,AB-,22.5,"23
Kaul Chowk",572001,Healthy,78,91
1624,1625,P1625-9208-2,Prerak Kota,1992-08-16,32,Female,B+,24.3,"H.No. 546, Rastogi Path",572007,Hypertension,96,97
1625,1626,P1626-6201-1,Samar Chahal,1962-01-15,63,Male,O+,24.8,"H.No. 596
Lall Chowk",560019,Asthma,101,19
1626,1627,P1627-8411-1,Mamooty Chawla,1984-11-20,40,Male,AB+,25.6,"H.No. 02, Sem Chowk",570007,Asthma,109,77
1627,1628,P1628-9403-1,Arnav Gopal,1994-03-04,31,Male,A+,25.1,"50/450, Mammen Nagar",560010,Dementia,104,10
1628,1629,P1629-6801-1,Kaira Bumb,1968-01-01,57,Male,O+,26.5,"H.No. 571, Dhaliwal Nagar",560003,Heart Disease,118,3
1629,1630,P1630-9909-1,Gatik Rege,1999-09-19,25,Male,B+,18.4,"71/030
Mane",560023,Diabetes,37,23
1630,1631,P1631-0012-2,Shlok Bava,2000-12-30,24,Female,B+,24.5,"H.No. 426
Sachdev Ganj",560208,Diabetes,98,49
1631,1632,P1632-4903-1,Hunar Arora,1949-03-21,76,Male,AB+,21.1,"H.No. 24
Kurian Path",561006,Asthma,64,56
1632,1633,P1633-5108-1,Lagan Srinivasan,1951-08-23,73,Male,B+,20.7,"261, Bath Circle",571003,Gout,60,83
1633,1634,P1634-6001-1,Damini Bumb,1960-01-19,65,Male,O+,23.7,"70/113, Majumdar Chowk",560016,Healthy,90,16
1634,1635,P1635-4203-2,Ela Uppal,1942-03-13,83,Female,A+,22.9,"00/24, Kar",570004,Hypertension,82,74
1635,1636,P1636-5409-1,Farhan Badami,1954-09-07,70,Male,B+,24.4,"68/15, Atwal Path",560005,Healthy,97,5
1636,1637,P1637-8108-1,Raghav Sankar,1981-08-14,43,Male,AB+,23.8,"498, Babu Nagar",562004,Healthy,91,64
1637,1638,P1638-8104-2,Biju Magar,1981-04-17,44,Female,O+,23.6,"04/08, Chaudhuri Road",560026,Diabetes,89,26
1638,1639,P1639-4601-1,Nitara Chakrabarti,1946-01-18,79,Male,O+,25.6,"67/58, Dua Street",571004,Hypertension,109,84
1639,1640,P1640-8407-2,Advika Varma,1984-07-05,41,Female,B+,24.4,"41
Anand Marg",562003,Heart Disease,97,63
1640,1641,P1641-6605-1,Jivin Bora,1966-05-17,59,Male,A+,26.5,"51/23
Sachdeva Chowk",560025,Heart Disease,118,25
1641,1642,P1642-7809-1,Urvi Dube,1978-09-19,46,Male,A+,26.3,"99
Buch Path",560108,Sleep Apnea,116,39
1642,1643,P1643-7810-2,Damini Rama,1978-10-31,46,Female,O+,21.9,"46/55
Dutt Zila",561007,Gout,72,57
1643,1644,P1644-7610-1,Dharmajan Gour,1976-10-26,48,Male,B-,24.5,"H.No. 15, Guha Chowk",562003,Osteoporosis,98,63
1644,1645,P1645-6406-1,Tara Ranganathan,1964-06-08,61,Male,A+,21.8,"048, Sahni Street",561006,Osteoporosis,71,56
1645,1646,P1646-9401-2,Lagan Krishnan,1994-01-17,31,Female,O+,22.2,"12/129, Dutt Circle",562010,Gout,75,70
1646,1647,P1647-5709-2,Jayant Tak,1957-09-13,67,Female,O-,23.5,"59/80
Bava Path",560012,Dementia,88,12
1647,1648,P1648-5709-1,Neysa Garg,1957-09-06,67,Male,A+,25.8,"58, Butala Road",572007,Dementia,111,97
1648,1649,P1649-8308-2,Prerak Sankar,1983-08-20,41,Female,O-,20.9,"54, Ranganathan Circle",560109,Diabetes,62,40
1649,1650,P1650-6102-1,Rania Iyer,1961-02-23,64,Male,O-,22.3,"H.No. 393, Khatri Chowk",560014,Healthy,76,14
1650,1651,P1651-0501-1,Trisha Vala,2005-01-16,20,Male,O+,22.1,"31
Sant Chowk",560009,Asthma,74,9
1651,1652,P1652-7002-2,Vedika Loke,1970-02-20,55,Female,O-,22.4,"09/42, Sahota Circle",560027,Osteoporosis,77,27
1652,1653,P1653-0210-1,Diya Guha,2002-10-19,22,Male,A+,23.0,"H.No. 085
Bhardwaj Circle",560102,Sleep Apnea,83,33
1653,1654,P1654-0307-2,Tanya Buch,2003-07-27,21,Female,O+,24.5,"H.No. 80
Hegde Marg",570002,Healthy,98,72
1654,1655,P1655-5608-1,Zaina Chandran,1956-08-26,68,Male,A+,26.3,"046, Rastogi Road",561006,Osteoporosis,116,56
1655,1656,P1656-8004-1,Ehsaan Hayre,1980-04-25,45,Male,O+,25.2,"478, Wali Circle",560104,Asthma,105,35
1656,1657,P1657-7303-2,Neysa Acharya,1973-03-28,52,Female,A+,21.6,"039
Ganguly Zila",561005,Dementia,69,55
1657,1658,P1658-5010-1,Rania Choudhry,1950-10-25,74,Male,A-,22.0,"57/107, Date Street",570009,Healthy,73,79
1658,1659,P1659-4612-2,Tiya Tank,1946-12-05,78,Female,O+,27.2,"43/96
Kalita Road",560030,Depression,125,30
1659,1660,P1660-6303-1,Suhana Sami,1963-03-12,62,Male,O+,25.2,"H.No. 194
Raju",560105,Depression,105,36
1660,1661,P1661-8803-2,Vanya Sandhu,1988-03-28,37,Female,B+,26.9,"H.No. 077
Doshi Ganj",560025,Heart Disease,122,25
1661,1662,P1662-9708-1,Purab Kanda,1997-08-11,27,Male,B-,22.0,"003
Bath Circle",561006,Sleep Apnea,73,56
1662,1663,P1663-6809-1,Mishti Saxena,1968-09-23,56,Male,A+,23.2,"03/30, Dhaliwal Marg",560013,Depression,85,13
1663,1664,P1664-8504-1,Samiha Badal,1985-04-05,40,Male,O+,28.3,"09/708, Rajagopal",570006,Diabetes,136,76
1664,1665,P1665-5707-2,Divyansh Dhingra,1957-07-10,68,Female,A+,23.6,"43/089
Badami Nagar",572009,Osteoporosis,89,99
1665,1666,P1666-6603-1,Samarth Sagar,1966-03-23,59,Male,O+,25.4,"43/50
Comar Road",560001,Gout,107,1
1666,1667,P1667-4203-1,Manjari Varty,1942-03-23,83,Male,O+,23.5,"93, Sani Circle",572001,Epilepsy,88,91
1667,1668,P1668-9902-2,Gatik Basak,1999-02-27,26,Female,B+,22.2,"H.No. 106
Kapur Nagar",562002,Epilepsy,75,62
1668,1669,P1669-5506-1,Kavya Ray,1955-06-28,70,Male,O+,22.6,"088, Bath Zila",560025,Depression,79,25
1669,1670,P1670-7811-1,Anvi Ram,1978-11-25,46,Male,O+,21.8,"25/03
Kamdar Marg",561010,Depression,71,60
1670,1671,P1671-9010-1,Divij Grewal,1990-10-31,34,Male,O+,25.2,"H.No. 24, Zachariah Zila",560204,Heart Disease,105,45
1671,1672,P1672-5305-1,Myra Ramanathan,1953-05-08,72,Male,O+,21.1,"406
Apte Chowk",562003,Epilepsy,64,63
1672,1673,P1673-8602-2,Divit Bhargava,1986-02-02,39,Female,B-,25.9,"149
Chada Chowk",561008,Hypertension,112,58
1673,1674,P1674-6611-1,Seher Kurian,1966-11-24,58,Male,O+,19.7,"H.No. 87
Joshi Nagar",572004,Sleep Apnea,50,94
1674,1675,P1675-5008-2,Tanya Devi,1950-08-15,74,Female,A+,24.9,"71, Halder Zila",560208,Dementia,102,49
1675,1676,P1676-6509-2,Rasha Ramesh,1965-09-13,59,Female,B-,23.1,"63/54
Som Road",571002,Gout,84,82
1676,1677,P1677-5007-1,Vidur Barad,1950-07-05,75,Male,O+,23.7,"H.No. 167
Sachdev Circle",560010,Diabetes,90,10
1677,1678,P1678-4102-1,Manjari Tella,1941-02-18,84,Male,A-,26.0,"01/289, Edwin Nagar",570006,Osteoporosis,113,76
1678,1679,P1679-8803-2,Riaan Master,1988-03-30,37,Female,O+,20.1,"08, Kale Path",572009,Sleep Apnea,54,99
1679,1680,P1680-6912-1,Ranbir Doshi,1969-12-28,55,Male,O-,24.9,"39
Kala Chowk",560202,Depression,102,43
1680,1681,P1681-9402-1,Shanaya Chana,1994-02-21,31,Male,O+,23.8,"48/66, Gera Marg",560006,Hypertension,91,6
1681,1682,P1682-0511-1,Alisha Solanki,2005-11-23,19,Male,A-,23.2,"H.No. 81
Upadhyay Zila",571007,Osteoporosis,85,87
1682,1683,P1683-9510-1,Jayant Bath,1995-10-05,29,Male,O+,21.0,"09/421
Mahal Street",560109,Asthma,63,40
1683,1684,P1684-7908-2,Mishti Mallick,1979-08-07,45,Female,O+,24.8,"H.No. 064, Thakur Circle",571002,Sleep Apnea,101,82
1684,1685,P1685-0309-1,Biju Dalal,2003-09-24,21,Male,AB+,22.3,"87, Rajan Zila",560030,Depression,76,30
1685,1686,P1686-8504-1,Kanav Bhandari,1985-04-03,40,Male,O+,22.7,"54, Hora Street",560018,Gout,80,18
1686,1687,P1687-5212-2,Aaryahi Sengupta,1952-12-04,72,Female,O-,23.3,"H.No. 80, Sen",570001,Asthma,86,71
1687,1688,P1688-8304-2,Kanav Bala,1983-04-02,42,Female,B+,24.0,"H.No. 06
Choudhry",572009,Healthy,93,99
1688,1689,P1689-4010-2,Emir Hari,1940-10-30,84,Female,B+,25.2,"H.No. 823, Bajaj Circle",560105,Diabetes,105,36
1689,1690,P1690-6111-1,Nishith Chaudry,1961-11-11,63,Male,A-,20.3,"00/642
Dey",571001,Sleep Apnea,56,81
1690,1691,P1691-8902-1,Samarth Rege,1989-02-01,36,Male,O+,22.5,"804, Krishna Circle",572005,Heart Disease,78,95
1691,1692,P1692-7011-1,Anaya Sule,1970-11-08,54,Male,A+,24.4,"727, Bhagat Street",562009,Epilepsy,97,69
1692,1693,P1693-0407-1,Mehul Raman,2004-07-10,20,Male,A+,21.8,"295, Magar Nagar",560004,Sleep Apnea,71,4
1693,1694,P1694-6306-2,Kaira Taneja,1963-06-28,62,Female,O+,24.5,"H.No. 495, Kapoor Circle",562001,Diabetes,98,61
1694,1695,P1695-7407-2,Emir Sathe,1974-07-21,50,Female,B+,25.1,"H.No. 347
Ghosh Road",561006,Heart Disease,104,56
1695,1696,P1696-0003-2,Anahita Doctor,2000-03-15,25,Female,B-,22.6,"H.No. 121
Ravel Chowk",562006,Diabetes,79,66
1696,1697,P1697-6501-2,Pranay Bali,1965-01-19,60,Female,B+,24.0,"H.No. 593
Subramanian Street",560021,Sleep Apnea,93,21
1697,1698,P1698-9302-1,Vanya Mandal,1993-02-16,32,Male,A+,23.1,"H.No. 50, Buch Marg",572008,Sleep Apnea,84,98
1698,1699,P1699-4402-2,Mannat Seshadri,1944-02-09,81,Female,O-,20.7,"408
Bhat Nagar",562004,Diabetes,60,64
1699,1700,P1700-4608-1,Dishani Krish,1946-08-03,78,Male,B+,25.2,"H.No. 06, Issac Street",560015,Hypertension,105,15
1700,1701,P1701-4806-1,Zeeshan Vyas,1948-06-11,77,Male,A+,24.5,"29/231, Shenoy Road",562009,Osteoporosis,98,69
1701,1702,P1702-4809-2,Anya Shere,1948-09-25,76,Female,O+,25.5,"H.No. 352, Ganguly Path",571007,Asthma,108,87
1702,1703,P1703-0210-2,Manikya Sant,2002-10-21,22,Female,O+,24.9,"H.No. 090
Randhawa Street",572008,Heart Disease,102,98
1703,1704,P1704-8105-2,Ela Issac,1981-05-18,44,Female,O+,26.4,"49, Bera Ganj",560008,Dementia,117,8
1704,1705,P1705-8202-1,Madhav Sawhney,1982-02-03,43,Male,B-,25.9,"H.No. 85
Deo Road",572002,Depression,112,92
1705,1706,P1706-4111-2,Nirvi Desai,1941-11-24,83,Female,B+,24.4,"627, Srivastava Path",560107,Heart Disease,97,38
1706,1707,P1707-9312-1,Tara Magar,1993-12-31,31,Male,AB+,21.7,"91/48, Krishnamurthy Ganj",560206,Hypertension,70,47
1707,1708,P1708-7412-2,Rania Sama,1974-12-26,50,Female,O+,26.8,"166, Bhasin",560001,Sleep Apnea,121,1
1708,1709,P1709-0305-1,Seher Sankaran,2003-05-25,22,Male,B+,23.7,"H.No. 15
Singhal Chowk",571007,Epilepsy,90,87
1709,1710,P1710-6207-1,Shaan Chandran,1962-07-13,63,Male,A-,21.4,"H.No. 58, Ramanathan Circle",572002,Asthma,67,92
1710,1711,P1711-9101-2,Darshit Bahl,1991-01-30,34,Female,A+,19.3,"H.No. 23
Deep Zila",560005,Epilepsy,46,5
1711,1712,P1712-5311-2,Divit Manda,1953-11-09,71,Female,A+,24.7,"H.No. 860
Kala Circle",560010,Diabetes,100,10
1712,1713,P1713-8101-1,Navya Sarma,1981-01-04,44,Male,O-,26.4,"H.No. 859
Ramesh Path",570006,Epilepsy,117,76
1713,1714,P1714-5408-1,Biju Dalal,1954-08-31,70,Male,AB+,28.5,"67/75, Singh Road",560029,Dementia,138,29
1714,1715,P1715-8001-1,Eshani Tandon,1980-01-08,45,Male,A+,25.8,"H.No. 641, Sur",560101,Heart Disease,111,32
1715,1716,P1716-9702-2,Kashvi Behl,1997-02-07,28,Female,B-,26.8,"99/226, Ravi Circle",560020,Healthy,121,20
1716,1717,P1717-6308-1,Zeeshan Divan,1963-08-25,61,Male,O+,21.8,"154, Jain Ganj",571009,Diabetes,71,89
1717,1718,P1718-7006-1,Dishani Thaker,1970-06-17,55,Male,O-,24.9,"23/189, Chanda",560204,Asthma,102,45
1718,1719,P1719-6404-1,Ehsaan Gupta,1964-04-14,61,Male,A-,28.0,"52/49, Wali Nagar",570002,Sleep Apnea,133,72
1719,1720,P1720-7608-1,Taimur Ramakrishnan,1976-08-31,48,Male,A-,21.4,"131, Gill Marg",571002,Asthma,67,82
1720,1721,P1721-7208-2,Keya Sheth,1972-08-10,52,Female,B+,24.4,"52/71
Baral Road",560207,Sleep Apnea,97,48
1721,1722,P1722-4207-2,Badal Chhabra,1942-07-13,83,Female,B+,23.4,"983
Mane Zila",560017,Epilepsy,87,17
1722,1723,P1723-8908-2,Divyansh Ganesan,1989-08-14,35,Female,B+,23.2,"H.No. 47
Bail Chowk",560009,Hypertension,85,9
1723,1724,P1724-7101-2,Zeeshan Dave,1971-01-16,54,Female,A+,21.8,"H.No. 79
Bhavsar Circle",570001,Osteoporosis,71,71
1724,1725,P1725-9305-1,Saira Bhardwaj,1993-05-12,32,Male,O-,24.7,"57/45, Som Nagar",560203,Osteoporosis,100,44
1725,1726,P1726-6409-2,Adah Dube,1964-09-27,60,Female,B+,25.4,"H.No. 89, Bhat Nagar",562009,Epilepsy,107,69
1726,1727,P1727-8603-1,Anahi Krishnamurthy,1986-03-14,39,Male,B+,22.3,"H.No. 82
Viswanathan Ganj",572002,Depression,76,92
1727,1728,P1728-9801-2,Rhea Anne,1998-01-28,27,Female,AB+,22.5,"H.No. 53, Mandal Ganj",560010,Hypertension,78,10
1728,1729,P1729-7403-2,Renee Tak,1974-03-13,51,Female,O+,24.5,"66/258
Varty Path",560109,Asthma,98,40
1729,1730,P1730-7206-2,Misha Khare,1972-06-17,53,Female,B+,20.7,"449, Iyengar Nagar",571010,Heart Disease,60,90
1730,1731,P1731-0012-1,Sara Rout,2000-12-11,24,Male,A+,21.9,"H.No. 388
Srinivasan Path",571005,Dementia,72,85
1731,1732,P1732-7012-1,Madhup Cheema,1970-12-03,54,Male,AB+,24.9,"85/64, Tandon Circle",561007,Heart Disease,102,57
1732,1733,P1733-8710-2,Aaryahi Sandal,1987-10-27,37,Female,O+,23.8,"994
Rama Nagar",561004,Heart Disease,91,54
1733,1734,P1734-6908-2,Tushar Das,1969-08-13,55,Female,A+,21.7,"86/46, Kale Zila",560005,Gout,70,5
1734,1735,P1735-8208-2,Ira Wali,1982-08-03,42,Female,A-,22.8,"98
Halder Circle",560204,Osteoporosis,81,45
1735,1736,P1736-6510-1,Baiju Deshpande,1965-10-03,59,Male,O-,23.8,"H.No. 271, Raja",560016,Gout,91,16
1736,1737,P1737-6404-2,Priyansh Ranganathan,1964-04-04,61,Female,B+,23.9,"34
Khanna Zila",560021,Osteoporosis,92,21
1737,1738,P1738-5809-1,Jayan Wadhwa,1958-09-02,66,Male,O+,22.5,"57/506
Ganguly Marg",562004,Epilepsy,78,64
1738,1739,P1739-4912-2,Adira Koshy,1949-12-31,75,Female,B+,24.2,"H.No. 506
Chaudhry Ganj",561004,Depression,95,54
1739,1740,P1740-0408-1,Mannat Singh,2004-08-26,20,Male,O+,21.6,"H.No. 568
Ramakrishnan",570004,Osteoporosis,69,74
1740,1741,P1741-7812-1,Diya Shenoy,1978-12-26,46,Male,O-,21.6,"827, Choudhry Ganj",571003,Epilepsy,69,83
1741,1742,P1742-7009-1,Ivan Kala,1970-09-01,54,Male,A+,23.3,"60
Bahl Marg",560025,Sleep Apnea,86,25
1742,1743,P1743-9405-2,Hiran Rout,1994-05-23,31,Female,O+,28.4,"630, Lalla Marg",571010,Hypertension,137,90
1743,1744,P1744-6208-1,Rasha Chowdhury,1962-08-31,62,Male,O+,22.8,"H.No. 173, Shukla Circle",561002,Epilepsy,81,52
1744,1745,P1745-9408-1,Suhana Babu,1994-08-02,30,Male,AB+,25.9,"90/39
Bhagat Chowk",562005,Epilepsy,112,65
1745,1746,P1746-4509-2,Indrans Babu,1945-09-26,79,Female,AB+,19.3,"31/33
Char Ganj",560002,Healthy,46,2
1746,1747,P1747-7304-1,Drishya Agarwal,1973-04-18,52,Male,B+,24.9,"H.No. 463, Vasa Chowk",572004,Gout,102,94
1747,1748,P1748-0106-2,Manjari Walia,2001-06-17,24,Female,O+,27.6,"85, Lata Marg",560026,Depression,129,26
1748,1749,P1749-4712-2,Ojas Kamdar,1947-12-06,77,Female,O+,20.3,"030
Rattan Street",560026,Hypertension,56,26
1749,1750,P1750-9105-1,Miraan Sinha,1991-05-03,34,Male,O+,24.4,"10, Kapur",560030,Osteoporosis,97,30
1750,1751,P1751-9102-1,Indrajit Borde,1991-02-14,34,Male,O+,23.4,"299, Mani Chowk",562003,Sleep Apnea,87,63
1751,1752,P1752-0005-2,Jivika Kashyap,2000-05-04,25,Female,B+,21.6,"75, Ramanathan",562009,Diabetes,69,69
1752,1753,P1753-9709-1,Rhea Gola,1997-09-19,27,Male,A-,26.4,"75/322, Gera Ganj",572007,Sleep Apnea,117,97
1753,1754,P1754-9603-2,Chirag Vala,1996-03-29,29,Female,A-,23.6,"50/80, Hans Marg",560206,Diabetes,89,47
1754,1755,P1755-9102-1,Kavya Sahni,1991-02-20,34,Male,O+,26.5,"72/642, Tara",561001,Gout,118,51
1755,1756,P1756-9011-1,Ishita Gole,1990-11-16,34,Male,O+,23.2,"972, Randhawa Zila",560022,Gout,85,22
1756,1757,P1757-7602-2,Umang Suresh,1976-02-22,49,Female,AB+,23.1,"97, Mand Chowk",560024,Dementia,84,24
1757,1758,P1758-5206-2,Taran Kar,1952-06-20,73,Female,B+,20.7,"98/46
Wable Nagar",572003,Dementia,60,93
1758,1759,P1759-8805-1,Anika Bhasin,1988-05-21,37,Male,B+,28.8,"017, Setty Marg",560022,Dementia,141,22
1759,1760,P1760-7611-1,Heer Mand,1976-11-16,48,Male,O+,22.6,"H.No. 198
Basu Marg",561002,Heart Disease,79,52
1760,1761,P1761-7807-1,Eva Borde,1978-07-06,47,Male,O-,24.5,"63/653, Bassi Street",560109,Gout,98,40
1761,1762,P1762-9611-2,Yakshit Raju,1996-11-22,28,Female,O+,24.5,"59/92, Chaudry Path",561003,Dementia,98,53
1762,1763,P1763-4611-2,Priyansh Dewan,1946-11-07,78,Female,B+,24.5,"80
Dubey Path",560009,Hypertension,98,9
1763,1764,P1764-8403-2,Anay Arora,1984-03-22,41,Female,O+,25.4,"17, Ray Street",561005,Asthma,107,55
1764,1765,P1765-7505-2,Zain Seth,1975-05-23,50,Female,O+,23.1,"97/176, Bal Ganj",561001,Heart Disease,84,51
1765,1766,P1766-8112-1,Miraan Dhawan,1981-12-31,43,Male,B+,24.1,"H.No. 54
Mann",560010,Depression,94,10
1766,1767,P1767-4504-1,Anya Master,1945-04-19,80,Male,O+,24.7,"64/263
Uppal Marg",571007,Heart Disease,100,87
1767,1768,P1768-4111-1,Elakshi Dutta,1941-11-07,83,Male,B+,24.3,"H.No. 75
Behl Ganj",560203,Dementia,96,44
1768,1769,P1769-4111-1,Hunar Baral,1941-11-04,83,Male,A-,21.5,"H.No. 63, Ram Zila",570002,Osteoporosis,68,72
1769,1770,P1770-4109-2,Lakshit Sahni,1941-09-27,83,Female,A-,26.3,"91/29
Kaul Zila",561003,Epilepsy,116,53
1770,1771,P1771-4311-2,Rasha Chakraborty,1943-11-19,81,Female,B-,26.6,"46/174, Bora Zila",570008,Sleep Apnea,119,78
1771,1772,P1772-0007-1,Prerak Goel,2000-07-14,24,Male,O+,23.4,"88
Ram Zila",570004,Dementia,87,74
1772,1773,P1773-8011-1,Kiaan Bava,1980-11-12,44,Male,O+,23.1,"20/24
Vyas Marg",570005,Heart Disease,84,75
1773,1774,P1774-6707-1,Rati Bal,1967-07-19,57,Male,O-,26.3,"13/732
Venkataraman Nagar",562009,Epilepsy,116,69
1774,1775,P1775-5812-2,Indrajit Sridhar,1958-12-11,66,Female,O+,24.7,"519
Bali",571002,Heart Disease,100,82
1775,1776,P1776-9711-1,Indrans Sant,1997-11-26,27,Male,A+,23.6,"41/945, Ram Marg",570008,Sleep Apnea,89,78
1776,1777,P1777-5203-2,Nakul Dayal,1952-03-08,73,Female,O+,19.3,"39/356, Rattan Circle",560016,Gout,46,16
1777,1778,P1778-5312-1,Bhamini Rege,1953-12-07,71,Male,A+,23.0,"08/996, Yogi Road",560103,Heart Disease,83,34
1778,1779,P1779-4505-2,Mishti Sawhney,1945-05-02,80,Female,O+,25.8,"H.No. 79
Buch Ganj",562007,Dementia,111,67
1779,1780,P1780-5911-2,Riya Sankaran,1959-11-19,65,Female,B+,22.1,"H.No. 846, Manda",572005,Healthy,74,95
1780,1781,P1781-5007-2,Heer Majumdar,1950-07-23,74,Female,O+,26.7,"17/546, Bhargava Chowk",560026,Epilepsy,120,26
1781,1782,P1782-9010-1,Shaan Bhandari,1990-10-02,34,Male,B-,22.5,"11, Kale Path",560203,Diabetes,78,44
1782,1783,P1783-7108-2,Kashvi Suri,1971-08-26,53,Female,B-,23.8,"74/01, Bora Marg",561004,Depression,91,54
1783,1784,P1784-9104-2,Rania Chokshi,1991-04-07,34,Female,A+,21.3,"09/00
Suri Nagar",572008,Dementia,66,98
1784,1785,P1785-0408-2,Adira Raval,2004-08-21,20,Female,O+,24.8,"03
Gandhi Circle",560016,Hypertension,101,16
1785,1786,P1786-0304-2,Bhamini Vora,2003-04-07,22,Female,O+,26.3,"H.No. 651, Raval",560003,Hypertension,116,3
1786,1787,P1787-6608-1,Aayush Dewan,1966-08-11,58,Male,O+,23.3,"34/148, Chandran Street",560029,Epilepsy,86,29
1787,1788,P1788-8810-1,Adah Chauhan,1988-10-03,36,Male,AB+,23.9,"H.No. 940, Randhawa Street",560206,Diabetes,92,47
1788,1789,P1789-6412-2,Ehsaan Ram,1964-12-14,60,Female,O+,22.7,"609, Chakrabarti Nagar",560018,Diabetes,80,18
1789,1790,P1790-5210-2,Mehul Sama,1952-10-24,72,Female,O+,24.1,"59
Ramesh Circle",571007,Diabetes,94,87
1790,1791,P1791-5201-1,Jayesh Chandran,1952-01-11,73,Male,B-,21.7,"H.No. 210
Tara Street",562008,Epilepsy,70,68
1791,1792,P1792-4507-2,Shalv Bajwa,1945-07-25,79,Female,A+,27.5,"29, Dasgupta Marg",560202,Heart Disease,128,43
1792,1793,P1793-8010-1,Aaryahi Venkatesh,1980-10-04,44,Male,A+,24.9,"H.No. 48, Apte Nagar",562001,Asthma,102,61
1793,1794,P1794-8811-2,Priyansh Barad,1988-11-16,36,Female,O-,29.8,"557, Devi Chowk",572007,Depression,151,97
1794,1795,P1795-8209-2,Rania Gill,1982-09-27,42,Female,O+,21.5,"05, Subramaniam Circle",572007,Diabetes,68,97
1795,1796,P1796-4409-1,Zoya Venkataraman,1944-09-08,80,Male,O+,26.0,"67/03, Karan Chowk",560025,Depression,113,25
1796,1797,P1797-7708-1,Priyansh Shah,1977-08-24,47,Male,A-,20.9,"05, Ramaswamy Marg",560208,Gout,62,49
1797,1798,P1798-7302-1,Zain Lal,1973-02-25,52,Male,O+,24.0,"98/876, Wagle Circle",572009,Sleep Apnea,93,99
1798,1799,P1799-8102-1,Fateh Devan,1981-02-04,44,Male,A+,26.9,"45/26, Verma Street",561002,Asthma,122,52
1799,1800,P1800-6603-1,Yashvi Bhatia,1966-03-12,59,Male,O+,23.8,"07/15
Ravel",560026,Heart Disease,91,26
1800,1801,P1801-8703-1,Aarush Doshi,1987-03-24,38,Male,A+,28.1,"988
Krishna Path",560028,Depression,134,28
1801,1802,P1802-4909-1,Nirvaan Borde,1949-09-23,75,Male,B+,23.3,"H.No. 526
Bansal Circle",560005,Epilepsy,86,5
1802,1803,P1803-4006-1,Nakul Mammen,1940-06-26,85,Male,O-,21.6,"870, Bedi Marg",571003,Osteoporosis,69,83
1803,1804,P1804-9603-1,Yasmin Chad,1996-03-10,29,Male,O-,25.6,"H.No. 25
Arya Chowk",571008,Healthy,109,88
1804,1805,P1805-6604-2,Vedika Bose,1966-04-11,59,Female,A+,25.9,"21
Mani Nagar",560027,Sleep Apnea,112,27
1805,1806,P1806-5709-1,Samaira Gill,1957-09-30,67,Male,O-,23.8,"666
Barad Marg",560013,Dementia,91,13
1806,1807,P1807-8301-2,Siya Atwal,1983-01-02,42,Female,O-,23.8,"14/160, Doshi Chowk",562009,Dementia,91,69
1807,1808,P1808-6709-1,Aradhya Dubey,1967-09-26,57,Male,O+,28.7,"H.No. 755, Deol Marg",571005,Hypertension,140,85
1808,1809,P1809-6612-1,Lavanya Sharma,1966-12-30,58,Male,A+,23.3,"67, Ghose Marg",570004,Hypertension,86,74
1809,1810,P1810-4311-1,Anya Varghese,1943-11-18,81,Male,A+,29.5,"59/27
Mangat Marg",560203,Hypertension,148,44
1810,1811,P1811-4204-2,Zoya Basak,1942-04-06,83,Female,A+,22.5,"66/390, Chowdhury Circle",560103,Gout,78,34
1811,1812,P1812-5907-2,Stuvan Choudhury,1959-07-07,66,Female,A-,22.0,"H.No. 74
Comar Path",570010,Dementia,73,80
1812,1813,P1813-7810-2,Vanya Wagle,1978-10-28,46,Female,B-,21.4,"821
Gokhale Street",560023,Heart Disease,67,23
1813,1814,P1814-8106-1,Kimaya Kannan,1981-06-19,44,Male,B+,27.9,"H.No. 944, Chopra Marg",560205,Diabetes,132,46
1814,1815,P1815-9606-2,Lakshay Trivedi,1996-06-09,29,Female,A+,23.2,"H.No. 273
Devi Marg",572001,Dementia,85,91
1815,1816,P1816-8306-1,Tarini Bhardwaj,1983-06-29,42,Male,A-,25.4,"H.No. 45, Chhabra Circle",571009,Heart Disease,107,89
1816,1817,P1817-7508-2,Eshani Deol,1975-08-06,49,Female,O+,22.5,"616
Dyal Path",571009,Depression,78,89
1817,1818,P1818-7212-1,Seher Bobal,1972-12-08,52,Male,O+,24.5,"591, Ramanathan Street",560010,Epilepsy,98,10
1818,1819,P1819-6005-1,Jivin Dasgupta,1960-05-30,65,Male,O-,24.7,"07
Kanda",562002,Depression,100,62
1819,1820,P1820-0107-2,Jhanvi Hora,2001-07-17,23,Female,O+,22.0,"H.No. 84
Chacko Road",570004,Sleep Apnea,73,74
1820,1821,P1821-4710-2,Drishya Butala,1947-10-19,77,Female,B-,25.2,"46/474
Bassi Chowk",560017,Gout,105,17
1821,1822,P1822-6508-1,Farhan Tandon,1965-08-03,59,Male,A+,24.6,"08
Sheth Marg",560015,Hypertension,99,15
1822,1823,P1823-9412-2,Arhaan Baria,1994-12-23,30,Female,B+,26.7,"H.No. 955
Ben Street",571002,Depression,120,82
1823,1824,P1824-8705-2,Ryan Sandhu,1987-05-18,38,Female,B+,22.1,"89/396, Sarna Zila",572006,Depression,74,96
1824,1825,P1825-7311-1,Tanya Vohra,1973-11-02,51,Male,O+,25.2,"75/87
Badami Nagar",561008,Diabetes,105,58
1825,1826,P1826-6603-1,Aaryahi Doshi,1966-03-08,59,Male,A-,24.8,"17, Rastogi Ganj",560022,Healthy,101,22
1826,1827,P1827-8011-1,Samiha Bhasin,1980-11-05,44,Male,B+,22.1,"H.No. 068, Bhatti Street",560204,Sleep Apnea,74,45
1827,1828,P1828-9104-2,Hunar Mall,1991-04-29,34,Female,AB+,25.8,"86/06, Sharaf Nagar",572002,Healthy,111,92
1828,1829,P1829-4303-2,Badal Chandra,1943-03-12,82,Female,O+,24.9,"79/80, Das Nagar",572003,Depression,102,93
1829,1830,P1830-4309-1,Miraya Hayre,1943-09-27,81,Male,B-,24.7,"60
Divan",561010,Epilepsy,100,60
1830,1831,P1831-4406-2,Khushi De,1944-06-03,81,Female,A+,23.0,"39, Mammen Chowk",571004,Healthy,83,84
1831,1832,P1832-7908-1,Heer Samra,1979-08-18,45,Male,O+,22.5,"15/829, Hari Path",560017,Depression,78,17
1832,1833,P1833-7808-2,Kaira Deshmukh,1978-08-19,46,Female,B+,23.0,"59
Kohli Zila",560106,Diabetes,83,37
1833,1834,P1834-8005-2,Kanav Banerjee,1980-05-09,45,Female,A+,21.5,"24/005, Warrior Zila",560025,Hypertension,68,25
1834,1835,P1835-5809-1,Anvi Rau,1958-09-25,66,Male,O-,27.0,"H.No. 31
Trivedi Street",560012,Depression,123,12
1835,1836,P1836-0303-1,Jivika Chahal,2003-03-01,22,Male,O+,22.9,"639, Wali Zila",570001,Gout,82,71
1836,1837,P1837-7803-2,Samaira Vig,1978-03-25,47,Female,B+,23.6,"14, Desai Nagar",562009,Sleep Apnea,89,69
1837,1838,P1838-9605-1,Jhanvi Bath,1996-05-30,29,Male,B+,23.8,"45, Ravi Circle",560025,Asthma,91,25
1838,1839,P1839-7402-1,Divyansh Bava,1974-02-13,51,Male,A-,22.9,"H.No. 994
Khanna Marg",572002,Osteoporosis,82,92
1839,1840,P1840-7305-1,Tushar Amble,1973-05-03,52,Male,B+,23.3,"H.No. 76, Upadhyay",561002,Healthy,86,52
1840,1841,P1841-5810-2,Ivan Karnik,1958-10-01,66,Female,AB+,25.2,"H.No. 99, Gokhale Marg",560109,Sleep Apnea,105,40
1841,1842,P1842-9906-1,Jiya Krish,1999-06-12,26,Male,O+,22.8,"10/18
Sodhi Chowk",560109,Asthma,81,40
1842,1843,P1843-7905-2,Vaibhav Lad,1979-05-21,46,Female,B-,24.5,"H.No. 70, Jayaraman Nagar",570008,Epilepsy,98,78
1843,1844,P1844-6806-2,Lakshit Venkataraman,1968-06-01,57,Female,A-,27.0,"49/41
Bajwa Chowk",560020,Hypertension,123,20
1844,1845,P1845-7308-1,Sana Gopal,1973-08-23,51,Male,O+,23.3,"95/69, Bera Road",560204,Dementia,86,45
1845,1846,P1846-5606-1,Fateh Jha,1956-06-15,69,Male,O+,24.9,"442
Gera Nagar",560022,Gout,102,22
1846,1847,P1847-8610-1,Miraya Hegde,1986-10-10,38,Male,O+,22.2,"59/50
Chaudhry Ganj",570007,Hypertension,75,77
1847,1848,P1848-7403-2,Reyansh Vyas,1974-03-31,51,Female,A-,26.7,"392, Char Street",560013,Osteoporosis,120,13
1848,1849,P1849-6805-1,Devansh Zacharia,1968-05-10,57,Male,B-,25.9,"71/86
Kannan Chowk",560109,Diabetes,112,40
1849,1850,P1850-6705-1,Saira Sahni,1967-05-20,58,Male,B+,26.7,"63/66
Madan Circle",560008,Hypertension,120,8
1850,1851,P1851-4807-2,Urvi Sami,1948-07-23,76,Female,O+,25.8,"06, Lata Ganj",560209,Diabetes,111,50
1851,1852,P1852-4311-2,Saanvi Dara,1943-11-29,81,Female,O+,21.1,"H.No. 63, Yohannan Road",560108,Epilepsy,64,39
1852,1853,P1853-5006-2,Aarush Lata,1950-06-02,75,Female,B+,24.6,"H.No. 911
Char Street",572002,Dementia,99,92
1853,1854,P1854-9409-2,Yakshit Batta,1994-09-12,30,Female,O+,27.0,"H.No. 64
Soman Road",562004,Osteoporosis,123,64
1854,1855,P1855-8409-1,Mannat Sabharwal,1984-09-11,40,Male,A+,24.6,"77/67
Tata Marg",570001,Dementia,99,71
1855,1856,P1856-6012-2,Jayan Bhalla,1960-12-22,64,Female,O-,24.5,"H.No. 613
Keer Ganj",560003,Dementia,98,3
1856,1857,P1857-5612-1,Gokul Rajagopalan,1956-12-05,68,Male,A-,27.3,"448
Comar Ganj",572009,Heart Disease,126,99
1857,1858,P1858-7207-2,Nirvi Vora,1972-07-28,52,Female,AB+,26.1,"16/51
Batta Nagar",560207,Diabetes,114,48
1858,1859,P1859-8203-1,Chirag Chawla,1982-03-30,43,Male,O+,25.2,"H.No. 582
Bal Circle",561008,Healthy,105,58
1859,1860,P1860-4003-2,Ivana Sarma,1940-03-14,85,Female,O+,24.2,"272, Chatterjee Circle",560024,Diabetes,95,24
1860,1861,P1861-5312-1,Siya Khanna,1953-12-28,71,Male,B+,25.9,"63/72
Dutta Nagar",571006,Asthma,112,86
1861,1862,P1862-4508-2,Indrajit Bora,1945-08-31,79,Female,O+,22.6,"05, Balan Circle",572004,Epilepsy,79,94
1862,1863,P1863-6302-1,Divyansh Kannan,1963-02-19,62,Male,AB+,19.4,"93/95
Ramesh Street",570002,Gout,47,72
1863,1864,P1864-9506-1,Stuvan Sundaram,1995-06-25,30,Male,A+,25.5,"050, Jani Circle",562010,Asthma,108,70
1864,1865,P1865-8002-1,Jivika Garg,1980-02-18,45,Male,B+,25.0,"64/214, Sachar Chowk",570010,Hypertension,103,80
1865,1866,P1866-7701-1,Miraan Khanna,1977-01-10,48,Male,A+,24.3,"H.No. 793
Reddy",561001,Asthma,96,51
1866,1867,P1867-6310-2,Taran Behl,1963-10-07,61,Female,O+,24.3,"H.No. 96
Wason Marg",560006,Asthma,96,6
1867,1868,P1868-6001-1,Zain Chakraborty,1960-01-29,65,Male,A+,24.2,"H.No. 41, Chopra Ganj",561008,Dementia,95,58
1868,1869,P1869-9209-1,Amani Khatri,1992-09-28,32,Male,O+,22.5,"64/39, Sankar Ganj",560104,Gout,78,35
1869,1870,P1870-0106-1,Faiyaz Chad,2001-06-12,24,Male,A-,20.1,"H.No. 594, Babu Marg",562007,Heart Disease,54,67
1870,1871,P1871-0404-1,Ira Bhat,2004-04-27,21,Male,O+,24.9,"H.No. 91
Butala Street",570010,Asthma,102,80
1871,1872,P1872-4412-2,Ehsaan Shah,1944-12-24,80,Female,A+,21.3,"61
De Path",560009,Gout,66,9
1872,1873,P1873-7506-2,Indrans Kumer,1975-06-06,50,Female,B+,23.3,"H.No. 55, Goyal Nagar",562009,Diabetes,86,69
1873,1874,P1874-7805-2,Mahika Sharaf,1978-05-19,47,Female,O-,20.8,"04
Goel Road",570009,Dementia,61,79
1874,1875,P1875-9003-2,Himmat Arora,1990-03-28,35,Female,B+,25.0,"92
D’Alia Circle",572004,Osteoporosis,103,94
1875,1876,P1876-4207-1,Trisha Gaba,1942-07-12,83,Male,O+,22.1,"H.No. 98
Kashyap",561003,Depression,74,53
1876,1877,P1877-7005-2,Nitara Saran,1970-05-05,55,Female,B+,26.3,"255
Rama Marg",572010,Healthy,116,100
1877,1878,P1878-9210-2,Farhan Basak,1992-10-16,32,Female,A-,22.0,"31/89
Sangha Chowk",560201,Healthy,73,42
1878,1879,P1879-4107-1,Aarush Ganguly,1941-07-19,84,Male,O+,20.7,"777, Ahuja Chowk",560016,Dementia,60,16
1879,1880,P1880-7603-2,Sana Walia,1976-03-14,49,Female,B+,19.8,"H.No. 09
Dhillon Path",571006,Sleep Apnea,51,86
1880,1881,P1881-0210-1,Farhan Chaudhry,2002-10-20,22,Male,O+,27.3,"60
Sen Road",560209,Healthy,126,50
1881,1882,P1882-9104-1,Pari Taneja,1991-04-28,34,Male,A+,27.3,"18, Dora",570009,Healthy,126,79
1882,1883,P1883-7708-1,Vaibhav Kara,1977-08-12,47,Male,O+,24.1,"30/100, Garg",560028,Diabetes,94,28
1883,1884,P1884-5408-1,Rasha Devi,1954-08-24,70,Male,A-,22.9,"46/38, Bandi Nagar",571003,Asthma,82,83
1884,1885,P1885-5012-1,Vivaan Magar,1950-12-26,74,Male,O+,22.6,"H.No. 29
Mane Circle",562009,Depression,79,69
1885,1886,P1886-4312-2,Madhup Lad,1943-12-09,81,Female,B+,24.7,"04/336
Sanghvi Path",560017,Diabetes,100,17
1886,1887,P1887-6505-2,Zeeshan Bhatt,1965-05-09,60,Female,AB+,24.3,"H.No. 04, Mangat Ganj",560006,Asthma,96,6
1887,1888,P1888-9803-2,Indranil Badal,1998-03-18,27,Female,B+,23.2,"H.No. 17, Sarin Chowk",562010,Heart Disease,85,70
1888,1889,P1889-8005-1,Eshani Dubey,1980-05-07,45,Male,O+,23.2,"018
Kar Circle",560100,Hypertension,85,31
1889,1890,P1890-5502-2,Zara Bala,1955-02-16,70,Female,A+,24.4,"819
Bansal Zila",572005,Asthma,97,95
1890,1891,P1891-4905-1,Bhamini Khosla,1949-05-07,76,Male,AB-,24.9,"68/96, Sant Road",562001,Epilepsy,102,61
1891,1892,P1892-5506-2,Aarna Balakrishnan,1955-06-24,70,Female,O+,22.4,"69/68
Dutt Ganj",571007,Sleep Apnea,77,87
1892,1893,P1893-0402-1,Onkar Mann,2004-02-12,21,Male,B+,23.5,"65, Tank Marg",560004,Epilepsy,88,4
1893,1894,P1894-8304-2,Tejas Sahota,1983-04-11,42,Female,A+,20.9,"H.No. 682, Kala Path",562009,Epilepsy,62,69
1894,1895,P1895-0104-2,Divij Dara,2001-04-03,24,Female,O-,26.2,"H.No. 592
Kar Chowk",560109,Sleep Apnea,115,40
1895,1896,P1896-5708-2,Madhup Bajwa,1957-08-17,67,Female,A-,27.7,"H.No. 797, Arora Circle",560025,Depression,130,25
1896,1897,P1897-6810-1,Azad Saha,1968-10-14,56,Male,A+,22.9,"970, Yadav Marg",560030,Depression,82,30
1897,1898,P1898-4112-1,Shlok Dua,1941-12-28,83,Male,O+,25.9,"990, Deshpande Nagar",560203,Gout,112,44
1898,1899,P1899-9504-2,Badal Samra,1995-04-02,30,Female,B+,24.1,"45, Brar Zila",560014,Diabetes,94,14
1899,1900,P1900-9504-2,Hiran Sankar,1995-04-17,30,Female,AB+,24.7,"H.No. 02
Sahota Zila",560002,Asthma,100,2
1900,1901,P1901-6610-2,Tara Bakshi,1966-10-14,58,Female,A+,22.5,"498, Manne Marg",562009,Gout,78,69
1901,1902,P1902-7104-1,Parinaaz Sanghvi,1971-04-04,54,Male,A+,24.2,"H.No. 371, Khare Nagar",560103,Dementia,95,34
1902,1903,P1903-7503-2,Madhav Zachariah,1975-03-25,50,Female,A+,25.4,"18/980
Barad Marg",560206,Healthy,107,47
1903,1904,P1904-8705-2,Saira D’Alia,1987-05-08,38,Female,A+,27.4,"81/05, Ramakrishnan Nagar",572004,Epilepsy,127,94
1904,1905,P1905-4706-1,Jayesh Kapoor,1947-06-14,78,Male,O+,25.0,"H.No. 13, Sengupta Path",560005,Heart Disease,103,5
1905,1906,P1906-8803-2,Rhea Khosla,1988-03-23,37,Female,B+,23.8,"H.No. 039
Kuruvilla Ganj",572009,Diabetes,91,99
1906,1907,P1907-8308-2,Devansh Garde,1983-08-28,41,Female,A+,25.7,"H.No. 495
Banerjee Circle",572006,Sleep Apnea,110,96
1907,1908,P1908-8704-1,Miraya Ahuja,1987-04-03,38,Male,AB+,22.5,"958
Vaidya Street",560008,Gout,78,8
1908,1909,P1909-5601-1,Azad Bhatti,1956-01-14,69,Male,B+,24.9,"78/82
Dar Marg",560023,Gout,102,23
1909,1910,P1910-7908-1,Hridaan Basak,1979-08-25,45,Male,O+,22.0,"H.No. 58, Bhandari Ganj",572009,Osteoporosis,73,99
1910,1911,P1911-7512-1,Saira Kibe,1975-12-01,49,Male,A-,25.3,"23
Bhandari Street",572006,Asthma,106,96
1911,1912,P1912-7212-2,Hridaan Vasa,1972-12-20,52,Female,O+,22.4,"H.No. 38
Venkatesh Ganj",560004,Dementia,77,4
1912,1913,P1913-6308-2,Rania Atwal,1963-08-18,61,Female,O+,21.1,"H.No. 997
Buch Ganj",562008,Diabetes,64,68
1913,1914,P1914-4812-2,Vidur Kibe,1948-12-14,76,Female,A+,24.4,"93/215, Kale Marg",560022,Healthy,97,22
1914,1915,P1915-9911-1,Shanaya Swamy,1999-11-19,25,Male,O+,22.8,"587, Chana Zila",560029,Asthma,81,29
1915,1916,P1916-8810-1,Mohanlal Thaman,1988-10-31,36,Male,O+,24.6,"84/404
Goel Chowk",570009,Heart Disease,99,79
1916,1917,P1917-7302-1,Alisha Wali,1973-02-08,52,Male,A+,24.5,"56/94, Dey",570008,Sleep Apnea,98,78
1917,1918,P1918-9008-1,Miraan Ramanathan,1990-08-15,34,Male,O+,23.7,"31/74
Chahal Marg",570006,Healthy,90,76
1918,1919,P1919-7907-1,Badal Kant,1979-07-08,46,Male,A-,25.8,"46
Bains",570001,Hypertension,111,71
1919,1920,P1920-4107-2,Drishya Chakrabarti,1941-07-22,84,Female,O+,22.8,"82
Loke Circle",572010,Gout,81,100
1920,1921,P1921-9306-2,Piya Bir,1993-06-10,32,Female,A-,24.8,"H.No. 43, Varughese Ganj",560204,Osteoporosis,101,45
1921,1922,P1922-7406-1,Manikya Mangal,1974-06-04,51,Male,O+,27.8,"H.No. 04
Kala Marg",562002,Heart Disease,131,62
1922,1923,P1923-0304-1,Lakshay Sangha,2003-04-17,22,Male,A-,23.3,"H.No. 412, Char Ganj",560001,Sleep Apnea,86,1
1923,1924,P1924-9202-1,Nehmat Hayer,1992-02-13,33,Male,O+,22.9,"75/596
Ramachandran Zila",572005,Osteoporosis,82,95
1924,1925,P1925-7507-2,Seher Bumb,1975-07-01,50,Female,A+,24.7,"H.No. 38
Dube Circle",560109,Gout,100,40
1925,1926,P1926-9308-1,Tejas Bal,1993-08-16,31,Male,A+,24.9,"H.No. 229
Rau Chowk",571002,Sleep Apnea,102,82
1926,1927,P1927-9203-2,Emir Chad,1992-03-24,33,Female,O+,21.5,"628
Raju Street",570001,Dementia,68,71
1927,1928,P1928-6710-2,Aaina Saran,1967-10-08,57,Female,O+,23.1,"91/99
Singhal",572001,Heart Disease,84,91
1928,1929,P1929-7309-2,Tushar Dash,1973-09-17,51,Female,A-,24.7,"66/22, Rajagopalan Street",572007,Healthy,100,97
1929,1930,P1930-6607-2,Kismat Kibe,1966-07-29,58,Female,A+,23.4,"H.No. 02
Ravel Chowk",560203,Hypertension,87,44
1930,1931,P1931-0512-2,Uthkarsh Bhakta,2005-12-25,19,Female,AB+,21.3,"79, Shenoy",572003,Heart Disease,66,93
1931,1932,P1932-9407-1,Shray Balasubramanian,1994-07-13,30,Male,B+,26.2,"11/97
Balan Road",562004,Healthy,115,64
1932,1933,P1933-4912-1,Neelofar Savant,1949-12-16,75,Male,A-,25.8,"88/018
Gopal Circle",571008,Healthy,111,88
1933,1934,P1934-4108-2,Madhav Korpal,1941-08-06,83,Female,B+,20.9,"H.No. 852, Malhotra Road",562008,Asthma,62,68
1934,1935,P1935-0408-1,Saksham Bedi,2004-08-26,20,Male,AB+,24.5,"H.No. 22
Choudhry Path",560022,Dementia,98,22
1935,1936,P1936-6612-1,Elakshi Kalita,1966-12-19,58,Male,A+,22.6,"H.No. 853
Bora Circle",561006,Hypertension,79,56
1936,1937,P1937-8010-2,Aaryahi Tailor,1980-10-21,44,Female,B+,22.5,"89/625
Biswas Nagar",572002,Healthy,78,92
1937,1938,P1938-4903-2,Keya Agrawal,1949-03-08,76,Female,O+,25.5,"41
Aurora Chowk",560005,Asthma,108,5
1938,1939,P1939-7709-1,Saksham Dada,1977-09-15,47,Male,B+,26.4,"13, Bhandari Road",570007,Asthma,117,77
1939,1940,P1940-8211-2,Samaira Rajagopal,1982-11-04,42,Female,AB+,25.7,"H.No. 551
Tella Nagar",572005,Depression,110,95
1940,1941,P1941-6412-2,Hansh Barman,1964-12-31,60,Female,B+,25.1,"H.No. 247
Das Marg",560009,Osteoporosis,104,9
1941,1942,P1942-6104-2,Ivana Bumb,1961-04-17,64,Female,B+,23.9,"H.No. 285, Dubey Path",560009,Gout,92,9
1942,1943,P1943-5310-1,Elakshi Behl,1953-10-12,71,Male,O+,22.1,"74
Yogi Road",560026,Diabetes,74,26
1943,1944,P1944-5201-1,Taimur Mani,1952-01-20,73,Male,O+,25.5,"23, Ahuja Zila",560016,Osteoporosis,108,16
1944,1945,P1945-5306-2,Alia Singhal,1953-06-20,72,Female,B-,21.9,"55/96, Bobal Circle",570007,Dementia,72,77
1945,1946,P1946-5211-2,Vidur Chander,1952-11-08,72,Female,A+,22.3,"481
Dhawan Street",571006,Heart Disease,76,86
1946,1947,P1947-9204-2,Onkar Mammen,1992-04-23,33,Female,O-,25.0,"694
Kumer Chowk",562002,Sleep Apnea,103,62
1947,1948,P1948-9406-2,Keya Bassi,1994-06-20,31,Female,A+,23.8,"40/184
Tara Street",560203,Asthma,91,44
1948,1949,P1949-6904-1,Faiyaz Bath,1969-04-11,56,Male,AB+,22.4,"H.No. 33
Gera Marg",560203,Sleep Apnea,77,44
1949,1950,P1950-0305-1,Aarna Wadhwa,2003-05-28,22,Male,O+,24.9,"H.No. 06
Sharma Street",560105,Heart Disease,102,36
1950,1951,P1951-7609-1,Ojas Srivastava,1976-09-18,48,Male,AB+,23.9,"19/175, Varkey Path",560106,Hypertension,92,37
1951,1952,P1952-0208-1,Navya Kala,2002-08-01,22,Male,O+,25.2,"48/94
Cherian Road",560024,Gout,105,24
1952,1953,P1953-4308-1,Adira Deshmukh,1943-08-13,81,Male,B-,26.0,"88, Khalsa Road",560019,Epilepsy,113,19
1953,1954,P1954-7710-1,Suhana Saxena,1977-10-02,47,Male,AB-,25.8,"28/58, Gole Circle",560208,Gout,111,49
1954,1955,P1955-4108-2,Onkar Basu,1941-08-17,83,Female,O+,27.3,"19
Gaba Ganj",560203,Dementia,126,44
1955,1956,P1956-5705-2,Romil Mahal,1957-05-17,68,Female,O-,24.9,"573, Biswas Chowk",562008,Heart Disease,102,68
1956,1957,P1957-8112-1,Pihu Lad,1981-12-06,43,Male,B+,27.5,"19
Chaudhari Zila",571003,Dementia,128,83
1957,1958,P1958-7306-2,Miraan Kar,1973-06-14,52,Female,O+,23.5,"93/93
Sane Nagar",560008,Sleep Apnea,88,8
1958,1959,P1959-6104-1,Aniruddh Seshadri,1961-04-23,64,Male,A-,23.3,"44, Sridhar Ganj",560001,Healthy,86,1
1959,1960,P1960-8707-1,Kaira Sachar,1987-07-14,37,Male,B+,26.0,"32/222
Sehgal Path",572010,Hypertension,113,100
1960,1961,P1961-4110-2,Yakshit Keer,1941-10-03,83,Female,O+,25.4,"88/13, Apte Path",562005,Depression,107,65
1961,1962,P1962-6404-2,Divit Dasgupta,1964-04-28,61,Female,A-,28.8,"H.No. 35, Rao Path",572004,Osteoporosis,141,94
1962,1963,P1963-4307-2,Shlok Chowdhury,1943-07-08,82,Female,B+,21.3,"66/18, Bedi Zila",560203,Sleep Apnea,66,44
1963,1964,P1964-4704-1,Urvi Tailor,1947-04-13,78,Male,O+,25.1,"25, Bhalla Marg",561008,Dementia,104,58
1964,1965,P1965-6805-2,Parinaaz Iyer,1968-05-08,57,Female,A+,23.3,"18/13
Mallick Circle",560108,Depression,86,39
1965,1966,P1966-8808-1,Charvi Chawla,1988-08-22,36,Male,O-,25.7,"39/822, Mane Circle",570008,Epilepsy,110,78
1966,1967,P1967-9501-1,Ira Lalla,1995-01-22,30,Male,B+,23.7,"952, Chad Path",560209,Hypertension,90,50
1967,1968,P1968-7708-1,Yuvraj  Biswas,1977-08-26,47,Male,O+,22.3,"15
Rau Path",570007,Osteoporosis,76,77
1968,1969,P1969-5402-1,Vritika Taneja,1954-02-28,71,Male,A+,23.2,"H.No. 17, Bhavsar Circle",561010,Healthy,85,60
1969,1970,P1970-9305-1,Baiju Bora,1993-05-01,32,Male,A+,23.5,"35/23, Subramanian Nagar",560006,Epilepsy,88,6
1970,1971,P1971-8909-1,Pranay Deol,1989-09-16,35,Male,B+,24.6,"15/572, Sodhi Path",561007,Osteoporosis,99,57
1971,1972,P1972-5411-1,Riya Mani,1954-11-08,70,Male,O+,22.3,"H.No. 343
Saha Road",560029,Heart Disease,76,29
1972,1973,P1973-5505-2,Lavanya Ranganathan,1955-05-29,70,Female,AB+,24.8,"28, Konda",560006,Diabetes,101,6
1973,1974,P1974-7809-2,Dhruv Sarraf,1978-09-25,46,Female,A+,22.1,"H.No. 141, Bumb Circle",562005,Asthma,74,65
1974,1975,P1975-4207-2,Shalv Walla,1942-07-04,83,Female,B+,26.3,"84, Jhaveri Marg",571003,Asthma,116,83
1975,1976,P1976-8211-1,Mahika Master,1982-11-25,42,Male,B+,22.1,"11/65, Gill Marg",560205,Asthma,74,46
1976,1977,P1977-9006-2,Piya Varty,1990-06-26,35,Female,A-,23.5,"64/84, Kalla Ganj",570007,Dementia,88,77
1977,1978,P1978-7511-2,Ira Sani,1975-11-16,49,Female,O+,25.0,"62, Dubey Road",560108,Hypertension,103,39
1978,1979,P1979-7712-1,Dishani Borra,1977-12-11,47,Male,B+,20.4,"21/46, Rana Street",561009,Asthma,57,59
1979,1980,P1980-4306-2,Azad Kant,1943-06-12,82,Female,A-,22.8,"H.No. 25
Char Nagar",560101,Heart Disease,81,32
1980,1981,P1981-7609-2,Lakshay Tiwari,1976-09-07,48,Female,A+,24.5,"25/666
Toor Chowk",560001,Dementia,98,1
1981,1982,P1982-4512-1,Tara Ramaswamy,1945-12-06,79,Male,A-,21.7,"H.No. 58
Choudhury Street",561010,Diabetes,70,60
1982,1983,P1983-7711-2,Kismat Borde,1977-11-19,47,Female,O+,25.1,"H.No. 19, Sur",560015,Heart Disease,104,15
1983,1984,P1984-9908-1,Renee Venkataraman,1999-08-30,25,Male,O+,29.0,"H.No. 60, Gopal Ganj",571010,Gout,143,90
1984,1985,P1985-9810-2,Farhan Vora,1998-10-07,26,Female,A+,23.7,"90
Saran Nagar",560107,Epilepsy,90,38
1985,1986,P1986-4512-1,Devansh Bhatnagar,1945-12-12,79,Male,O+,25.9,"H.No. 84
Kurian Road",561008,Sleep Apnea,112,58
1986,1987,P1987-9906-1,Samiha Choudhury,1999-06-10,26,Male,A+,21.5,"H.No. 09
Sundaram Nagar",572009,Diabetes,68,99
1987,1988,P1988-7712-2,Tarini Bumb,1977-12-08,47,Female,AB+,23.6,"110, Tank Chowk",572007,Depression,89,97
1988,1989,P1989-4203-1,Indrans Sathe,1942-03-01,83,Male,AB-,20.9,"801
Apte Ganj",561005,Depression,62,55
1989,1990,P1990-6111-1,Miraan Kata,1961-11-06,63,Male,O+,25.8,"70/82
Divan Ganj",572004,Hypertension,111,94
1990,1991,P1991-6701-1,Onkar Ahluwalia,1967-01-09,58,Male,O+,24.6,"85/27, Mangal Circle",560103,Hypertension,99,34
1991,1992,P1992-6908-1,Onkar Kapadia,1969-08-16,55,Male,B+,22.3,"78/01
Kant Street",560207,Sleep Apnea,76,48
1992,1993,P1993-4805-1,Adira Thakur,1948-05-03,77,Male,O+,26.2,"H.No. 194
Jhaveri Zila",570002,Asthma,115,72
1993,1994,P1994-8703-2,Yashvi Gour,1987-03-24,38,Female,A+,27.1,"69/024
Chawla Ganj",560206,Osteoporosis,124,47
1994,1995,P1995-0508-1,Jiya Dara,2005-08-11,19,Male,A+,25.7,"H.No. 092
Taneja",560001,Osteoporosis,110,1
1995,1996,P1996-9811-2,Nayantara Saran,1998-11-02,26,Female,B+,25.9,"08/541, Rattan Ganj",560006,Osteoporosis,112,6
1996,1997,P1997-9807-2,Siya Chaudry,1998-07-28,26,Female,B+,23.7,"747, Gaba Ganj",560018,Diabetes,90,18
1997,1998,P1998-4704-2,Zoya Bhagat,1947-04-21,78,Female,B+,21.7,"73/49, Ravel Circle",570008,Heart Disease,70,78
1998,1999,P1999-7701-1,Yashvi Srinivasan,1977-01-14,48,Male,O-,21.3,"21
Baria Circle",560100,Gout,66,31
1999,2000,P2000-5011-2,Rati Som,1950-11-19,74,Female,B+,24.0,"H.No. 361, Bath Nagar",572009,Epilepsy,93,99
2000,2001,P2001-9611-1,Mahika Vohra,1996-11-21,28,Male,O+,24.8,"75/383
Khare Zila",560102,Healthy,101,33
2001,2002,P2002-6609-2,Aarush Dalal,1966-09-04,58,Female,A+,25.8,"H.No. 734
Sampath",561007,Diabetes,111,57
2002,2003,P2003-6408-2,Ryan Chaudhari,1964-08-09,60,Female,B+,23.2,"48, Wadhwa",560200,Dementia,85,41
2003,2004,P2004-7603-1,Raunak Dugar,1976-03-25,49,Male,B+,24.8,"H.No. 095
Karnik Zila",560007,Sleep Apnea,101,7
2004,2005,P2005-4901-2,Shalv Kala,1949-01-24,76,Female,B+,24.6,"H.No. 838
Chaudry Path",560026,Asthma,99,26
2005,2006,P2006-5510-2,Dhruv Mangat,1955-10-04,69,Female,B+,24.4,"10/990
Sethi Circle",571005,Healthy,97,85
2006,2007,P2007-7208-2,Hazel Khosla,1972-08-07,52,Female,O-,29.0,"48, Kala Street",570006,Sleep Apnea,143,76
2007,2008,P2008-4504-1,Himmat Gala,1945-04-17,80,Male,AB-,22.9,"003, Kapadia Road",560027,Healthy,82,27
2008,2009,P2009-8107-1,Riaan Kadakia,1981-07-12,44,Male,O+,24.5,"54
Zachariah Road",572010,Diabetes,98,100
2009,2010,P2010-7407-2,Ranbir Loyal,1974-07-16,50,Female,B+,25.1,"H.No. 586, Guha Ganj",560009,Healthy,104,9
2010,2011,P2011-9703-1,Damini Krishnamurthy,1997-03-12,28,Male,A-,22.2,"H.No. 52
Srinivas Nagar",562007,Heart Disease,75,67
2011,2012,P2012-4205-2,Kaira Garg,1942-05-18,83,Female,AB+,23.8,"42
Talwar Path",560022,Osteoporosis,91,22
2012,2013,P2013-9604-1,Romil Rau,1996-04-04,29,Male,O+,21.3,"265, Kaul Road",572003,Depression,66,93
2013,2014,P2014-4904-1,Seher Buch,1949-04-18,76,Male,B+,21.1,"H.No. 014
Mall Marg",560015,Hypertension,64,15
2014,2015,P2015-6206-1,Samar Basu,1962-06-05,63,Male,O+,25.9,"654
Arya Road",570002,Osteoporosis,112,72
2015,2016,P2016-6406-2,Jiya Bhatti,1964-06-24,61,Female,A+,27.6,"21/13
Dhillon Circle",560013,Depression,129,13
2016,2017,P2017-7809-2,Heer Bala,1978-09-03,46,Female,O-,22.6,"50/244, Deep Marg",560002,Gout,79,2
2017,2018,P2018-7507-2,Sumer Walla,1975-07-24,49,Female,A+,26.2,"46/83
Bala Path",560108,Diabetes,115,39
2018,2019,P2019-6502-1,Nitara Kala,1965-02-17,60,Male,O+,26.0,"53, Dubey Circle",560016,Dementia,113,16
2019,2020,P2020-8305-2,Aarush Golla,1983-05-30,42,Female,A+,25.6,"30/72
Arora Chowk",560102,Hypertension,109,33
2020,2021,P2021-9109-2,Nayantara Sem,1991-09-16,33,Female,A+,25.6,"264
Atwal Street",560204,Gout,109,45
2021,2022,P2022-6603-2,Divyansh Hari,1966-03-29,59,Female,A+,24.9,"H.No. 44
Guha Chowk",560008,Heart Disease,102,8
2022,2023,P2023-8301-1,Onkar Dhawan,1983-01-18,42,Male,AB-,25.4,"87/76
Gokhale Chowk",560019,Heart Disease,107,19
2023,2024,P2024-6001-2,Anahi Doctor,1960-01-09,65,Female,O+,25.1,"25
Sodhi Path",561009,Epilepsy,104,59
2024,2025,P2025-6703-2,Umang Jani,1967-03-02,58,Female,A-,23.5,"281
Sundaram",571002,Healthy,88,82
2025,2026,P2026-8801-2,Nirvaan Dhillon,1988-01-02,37,Female,B+,27.8,"H.No. 388, Kashyap Road",571004,Depression,131,84
2026,2027,P2027-4107-1,Divij Sood,1941-07-10,84,Male,A+,21.1,"87
Chadha Street",572002,Depression,64,92
2027,2028,P2028-4810-1,Tiya Lalla,1948-10-09,76,Male,O+,25.7,"921, Sathe Street",570009,Osteoporosis,110,79
2028,2029,P2029-8812-1,Samaira Lal,1988-12-19,36,Male,O+,24.5,"38/538, Ravel Zila",570009,Hypertension,98,79
2029,2030,P2030-4105-1,Rania Loke,1941-05-06,84,Male,O+,27.2,"18/89
Lata Chowk",560004,Asthma,125,4
2030,2031,P2031-8502-2,Aayush Sem,1985-02-11,40,Female,A+,23.2,"85/13
Bala Road",560022,Asthma,85,22
2031,2032,P2032-0403-1,Hansh Ghose,2004-03-13,21,Male,B+,22.4,"H.No. 199, Dewan Marg",560014,Healthy,77,14
2032,2033,P2033-9511-1,Jayant Manda,1995-11-02,29,Male,O+,24.3,"H.No. 58
Dhillon Circle",561010,Hypertension,96,60
2033,2034,P2034-7306-1,Jiya Guha,1973-06-26,52,Male,A-,24.0,"63/53
Kaur Chowk",560021,Asthma,93,21
2034,2035,P2035-0110-1,Akarsh Dey,2001-10-29,23,Male,A+,28.1,"908
Chokshi Path",571002,Asthma,134,82
2035,2036,P2036-6406-2,Elakshi Balan,1964-06-11,61,Female,B+,21.4,"H.No. 575
Shankar Chowk",570004,Diabetes,67,74
2036,2037,P2037-0508-2,Alia Raman,2005-08-27,19,Female,B+,23.4,"H.No. 78
Walla Road",562002,Gout,87,62
2037,2038,P2038-4006-2,Ela Vasa,1940-06-15,85,Female,O-,22.6,"73/20
Khare Ganj",572004,Healthy,79,94
2038,2039,P2039-4211-2,Abram Dhar,1942-11-22,82,Female,O-,23.3,"H.No. 130
Tripathi Street",572008,Depression,86,98
2039,2040,P2040-5609-1,Aarush Master,1956-09-04,68,Male,O+,26.1,"14/18, Kumer Street",560014,Hypertension,114,14
2040,2041,P2041-4512-2,Armaan Kapoor,1945-12-14,79,Female,B+,22.3,"61/39, Mani Ganj",560205,Diabetes,76,46
2041,2042,P2042-6606-1,Aarna Tara,1966-06-19,59,Male,B+,23.0,"93/305
Dyal Zila",562006,Heart Disease,83,66
2042,2043,P2043-8609-1,Alisha Ranganathan,1986-09-10,38,Male,B+,24.2,"H.No. 567, Gade Zila",560019,Healthy,95,19
2043,2044,P2044-5305-2,Manikya Rajan,1953-05-31,72,Female,O+,21.1,"H.No. 467
Kalita Zila",560204,Heart Disease,64,45
2044,2045,P2045-5311-2,Yakshit Boase,1953-11-23,71,Female,O-,27.3,"05
Hayre Ganj",561010,Gout,126,60
2045,2046,P2046-5705-2,Himmat Rama,1957-05-08,68,Female,B+,24.1,"10/28
Ramesh Street",572007,Heart Disease,94,97
2046,2047,P2047-9109-1,Fateh Chaudhary,1991-09-28,33,Male,AB+,22.9,"45/41, Butala Circle",560002,Healthy,82,2
2047,2048,P2048-5110-2,Ehsaan Gaba,1951-10-14,73,Female,O+,26.1,"H.No. 118, Deol Path",562003,Diabetes,114,63
2048,2049,P2049-9702-1,Advika Jhaveri,1997-02-14,28,Male,O+,21.5,"84
Gara Road",562010,Depression,68,70
2049,2050,P2050-4309-1,Pranay Toor,1943-09-23,81,Male,AB+,24.0,"26/34
Kapur",560006,Asthma,93,6
2050,2051,P2051-0005-2,Tushar Thakur,2000-05-15,25,Female,O+,21.6,"H.No. 691, Barman Marg",560005,Healthy,69,5
2051,2052,P2052-6408-2,Taimur Agarwal,1964-08-27,60,Female,B+,25.4,"H.No. 671
Sood Nagar",570006,Heart Disease,107,76
2052,2053,P2053-9301-2,Umang Choudhury,1993-01-13,32,Female,O-,25.6,"82/49
Bir Circle",572007,Sleep Apnea,109,97
2053,2054,P2054-6002-2,Gokul Koshy,1960-02-25,65,Female,B+,25.9,"91/071, Dhawan Path",572004,Depression,112,94
2054,2055,P2055-4709-2,Neelofar Sama,1947-09-18,77,Female,B+,23.5,"031, Dutt Chowk",562008,Depression,88,68
2055,2056,P2056-7707-2,Alisha Sami,1977-07-02,48,Female,B+,23.4,"H.No. 203
Halder Circle",570004,Sleep Apnea,87,74
2056,2057,P2057-5206-2,Saira Sagar,1952-06-13,73,Female,O-,22.1,"46/900
Mannan Road",562002,Gout,74,62
2057,2058,P2058-5309-1,Hunar Tripathi,1953-09-07,71,Male,A-,22.6,"H.No. 452, Lall Circle",560020,Depression,79,20
2058,2059,P2059-9508-1,Ayesha Vyas,1995-08-25,29,Male,AB+,26.9,"411, Grover Street",560010,Healthy,122,10
2059,2060,P2060-8507-2,Lagan Bora,1985-07-09,40,Female,O+,24.3,"58, Swaminathan Nagar",572001,Asthma,96,91
2060,2061,P2061-8609-1,Hansh Khatri,1986-09-03,38,Male,O+,22.6,"H.No. 066
Sule Road",560019,Diabetes,79,19
2061,2062,P2062-9302-1,Yakshit Das,1993-02-17,32,Male,O-,23.2,"15/93
Rattan Circle",561003,Osteoporosis,85,53
2062,2063,P2063-5406-2,Tanya Kaur,1954-06-18,71,Female,B-,24.2,"37/10, Ghose Path",572002,Epilepsy,95,92
2063,2064,P2064-6602-2,Neysa Warrior,1966-02-28,59,Female,B+,18.8,"H.No. 06
Sahota Nagar",562005,Sleep Apnea,41,65
2064,2065,P2065-8610-2,Jayan Chokshi,1986-10-30,38,Female,B+,23.0,"H.No. 10, Trivedi Nagar",561010,Osteoporosis,83,60
2065,2066,P2066-5112-1,Reyansh Sidhu,1951-12-27,73,Male,A+,25.0,"86
Dara Road",562007,Osteoporosis,103,67
2066,2067,P2067-6207-2,Ojas Verma,1962-07-13,63,Female,B+,21.9,"H.No. 57, Bhasin Road",571009,Hypertension,72,89
2067,2068,P2068-9508-2,Aaina Suresh,1995-08-11,29,Female,O+,26.0,"495
Wali Street",560025,Diabetes,113,25
2068,2069,P2069-6909-1,Madhup Badami,1969-09-18,55,Male,B-,22.3,"49, Bal",560101,Osteoporosis,76,32
2069,2070,P2070-8405-2,Ahana  Dhingra,1984-05-27,41,Female,O+,26.3,"09
Ghosh Nagar",561001,Osteoporosis,116,51
2070,2071,P2071-7005-2,Fateh Kala,1970-05-05,55,Female,O+,25.7,"55/729, Walla Chowk",560030,Hypertension,110,30
2071,2072,P2072-9207-1,Armaan Sehgal,1992-07-22,32,Male,B+,23.6,"12/636, Dubey Road",560029,Heart Disease,89,29
2072,2073,P2073-8707-2,Dhanuk Basu,1987-07-16,37,Female,A-,25.3,"90, Goswami",560105,Sleep Apnea,106,36
2073,2074,P2074-7907-2,Saira Wason,1979-07-14,45,Female,O+,25.8,"H.No. 55
Walla Marg",571007,Gout,111,87
2074,2075,P2075-6306-1,Piya Chatterjee,1963-06-26,62,Male,B+,22.0,"H.No. 098
Chandran Road",560006,Depression,73,6
2075,2076,P2076-7207-1,Baiju Bhargava,1972-07-27,52,Male,B+,26.3,"63, Amble Chowk",560014,Gout,116,14
2076,2077,P2077-4409-2,Tarini Sachdev,1944-09-17,80,Female,B+,25.8,"H.No. 76
Lalla Circle",571002,Healthy,111,82
2077,2078,P2078-0301-2,Dhanuk Karpe,2003-01-14,22,Female,A+,24.7,"12/06, Sidhu Ganj",562008,Healthy,100,68
2078,2079,P2079-7802-2,Suhana Sankaran,1978-02-27,47,Female,O+,27.7,"H.No. 551, Kunda Nagar",570009,Sleep Apnea,130,79
2079,2080,P2080-8207-1,Dhruv Sharma,1982-07-20,42,Male,B+,23.1,"H.No. 360, Varty Marg",560026,Osteoporosis,84,26
2080,2081,P2081-8708-2,Anvi Wali,1987-08-03,37,Female,O+,22.9,"44/12
Brar Path",562005,Epilepsy,82,65
2081,2082,P2082-8905-2,Hrishita Barad,1989-05-03,36,Female,O-,21.5,"H.No. 442, Bir",572009,Epilepsy,68,99
2082,2083,P2083-0008-2,Tanya Bhakta,2000-08-27,24,Female,AB+,28.2,"16/00, Kata Nagar",571006,Sleep Apnea,135,86
2083,2084,P2084-6112-2,Vivaan Luthra,1961-12-24,63,Female,B+,23.8,"H.No. 090
Chadha Street",570009,Sleep Apnea,91,79
2084,2085,P2085-6806-2,Ishita Deep,1968-06-30,57,Female,A+,25.3,"15/802, Batra Street",560004,Dementia,106,4
2085,2086,P2086-5712-2,Ritvik Subramanian,1957-12-17,67,Female,B+,20.8,"H.No. 799
Kala",560208,Depression,61,49
2086,2087,P2087-9508-2,Aayush Dhaliwal,1995-08-12,29,Female,O+,22.2,"72/85, Raval Nagar",562005,Healthy,75,65
2087,2088,P2088-7806-1,Shanaya Chandran,1978-06-02,47,Male,O+,21.7,"416
Ray Road",560016,Sleep Apnea,70,16
2088,2089,P2089-7405-1,Kashvi Sule,1974-05-17,51,Male,B+,24.9,"86/227, Kala Road",560202,Dementia,102,43
2089,2090,P2090-9105-1,Shray Dhawan,1991-05-07,34,Male,A+,24.0,"H.No. 144
Batta Ganj",572001,Depression,93,91
2090,2091,P2091-4210-2,Pari Bains,1942-10-13,82,Female,AB+,24.1,"78/790
Behl Zila",560021,Healthy,94,21
2091,2092,P2092-4709-2,Arnav Chaudry,1947-09-26,77,Female,O-,24.3,"41/931, Kalla Street",560100,Sleep Apnea,96,31
2092,2093,P2093-6701-1,Jivika Krishna,1967-01-01,58,Male,O-,23.6,"84/982
Kapoor Street",570003,Asthma,89,73
2093,2094,P2094-8601-1,Zeeshan Ranganathan,1986-01-02,39,Male,O+,27.2,"H.No. 064
Thaman Zila",560007,Diabetes,125,7
2094,2095,P2095-5203-1,Miraan Raju,1952-03-05,73,Male,B-,23.1,"85/77
Varkey Chowk",572003,Gout,84,93
2095,2096,P2096-6909-1,Lakshay Bala,1969-09-19,55,Male,O+,23.2,"H.No. 024
Baria Road",560024,Sleep Apnea,85,24
2096,2097,P2097-7809-1,Shray Kale,1978-09-28,46,Male,A-,24.8,"71/430
Sachar",561006,Epilepsy,101,56
2097,2098,P2098-4411-2,Arnav Ravi,1944-11-08,80,Female,B+,25.3,"39/769, Sama Path",560014,Heart Disease,106,14
2098,2099,P2099-7705-1,Anvi Dash,1977-05-10,48,Male,B+,23.8,"70/84
Talwar Road",560012,Healthy,91,12
2099,2100,P2100-8301-1,Emir Sandhu,1983-01-02,42,Male,A+,25.2,"92/21
Dixit Road",560015,Healthy,105,15
2100,2101,P2101-4710-2,Dishani Kumer,1947-10-16,77,Female,O+,23.1,"H.No. 20, Bath Circle",560016,Gout,84,16
2101,2102,P2102-9905-1,Anya Lalla,1999-05-01,26,Male,O+,26.8,"22
Reddy Circle",560108,Osteoporosis,121,39
2102,2103,P2103-4510-2,Hansh Magar,1945-10-02,79,Female,AB+,23.0,"94/90
Bassi Circle",562008,Diabetes,83,68
2103,2104,P2104-5105-1,Siya Sen,1951-05-15,74,Male,B-,26.7,"29/36, Bhandari Chowk",570004,Healthy,120,74
2104,2105,P2105-6311-1,Gokul Thakur,1963-11-14,61,Male,B-,21.5,"646, Jha Zila",560011,Gout,68,11
2105,2106,P2106-7810-2,Sana Bora,1978-10-30,46,Female,B+,22.6,"H.No. 286, Kakar Ganj",561001,Diabetes,79,51
2106,2107,P2107-9406-2,Stuvan Jha,1994-06-21,31,Female,AB+,25.2,"452
Aurora Zila",570008,Depression,105,78
2107,2108,P2108-8901-1,Emir Babu,1989-01-03,36,Male,O+,23.1,"H.No. 622
Chhabra",560207,Healthy,84,48
2108,2109,P2109-7403-2,Kavya Lad,1974-03-07,51,Female,A+,24.7,"86/315
Ravel Path",571008,Depression,100,88
2109,2110,P2110-8607-1,Navya Golla,1986-07-11,39,Male,A+,20.5,"37/93, Rattan",562008,Dementia,58,68
2110,2111,P2111-5104-1,Jayant Dugal,1951-04-20,74,Male,AB+,23.4,"60/768, Gala Marg",560203,Healthy,87,44
2111,2112,P2112-9404-2,Lakshit Thaman,1994-04-05,31,Female,O-,23.4,"15/959
Mani Chowk",572009,Osteoporosis,87,99
2112,2113,P2113-6406-2,Samar Choudhury,1964-06-04,61,Female,B-,23.7,"H.No. 541
Dar Path",560102,Asthma,90,33
2113,2114,P2114-8606-2,Inaaya  Bandi,1986-06-15,39,Female,AB+,27.7,"583
Ramesh Zila",561008,Asthma,130,58
2114,2115,P2115-9409-2,Jivika Bala,1994-09-29,30,Female,O+,21.8,"20/692, Biswas Ganj",560005,Sleep Apnea,71,5
2115,2116,P2116-5806-1,Kiara Keer,1958-06-04,67,Male,O+,21.6,"H.No. 06, Bali Marg",562008,Dementia,69,68
2116,2117,P2117-6208-1,Taimur Yohannan,1962-08-01,62,Male,A+,18.3,"29/28, Kara Chowk",560203,Asthma,36,44
2117,2118,P2118-6502-2,Anika Varghese,1965-02-16,60,Female,AB+,20.1,"54
Som Chowk",560008,Depression,54,8
2118,2119,P2119-9108-2,Ranbir Ghose,1991-08-17,33,Female,B+,21.4,"51, Datta Chowk",562004,Epilepsy,67,64
2119,2120,P2120-8211-2,Manjari Chanda,1982-11-29,42,Female,O+,24.9,"H.No. 74, Hari Marg",562001,Asthma,102,61
2120,2121,P2121-4812-2,Kismat Som,1948-12-29,76,Female,A+,24.6,"65/14, Talwar Chowk",560030,Osteoporosis,99,30
2121,2122,P2122-6510-2,Veer Kamdar,1965-10-03,59,Female,O+,24.6,"H.No. 82, Bhattacharyya Street",561004,Diabetes,99,54
2122,2123,P2123-6812-1,Romil Golla,1968-12-18,56,Male,AB+,26.9,"71/00
Ganguly Path",570006,Asthma,122,76
2123,2124,P2124-7311-1,Renee Kala,1973-11-26,51,Male,B+,23.6,"61/61
Kota Chowk",570003,Depression,89,73
2124,2125,P2125-4101-1,Samiha Hora,1941-01-14,84,Male,B+,21.9,"42/115
Chaudry Chowk",570006,Healthy,72,76
2125,2126,P2126-9708-2,Shanaya Bail,1997-08-08,27,Female,O+,22.2,"980, Ramaswamy Circle",562004,Asthma,75,64
2126,2127,P2127-4303-2,Divit Kapoor,1943-03-07,82,Female,A+,24.9,"05/07, Karnik Zila",572007,Diabetes,102,97
2127,2128,P2128-4205-2,Yuvaan Hari,1942-05-29,83,Female,O+,21.0,"21/46
Shankar Circle",560102,Sleep Apnea,63,33
2128,2129,P2129-0505-1,Miraya Goyal,2005-05-30,20,Male,AB+,25.9,"918, Kunda Path",572007,Diabetes,112,97
2129,2130,P2130-4812-1,Nirvi Bahri,1948-12-05,76,Male,B+,21.6,"20
Tandon Zila",560205,Depression,69,46
2130,2131,P2131-7606-2,Ishaan Bora,1976-06-06,49,Female,AB+,27.7,"45/40, Shetty Chowk",560015,Asthma,130,15
2131,2132,P2132-7203-2,Yashvi Hari,1972-03-13,53,Female,B+,23.6,"H.No. 676
Shetty Road",560208,Depression,89,49
2132,2133,P2133-6211-1,Yasmin Ramaswamy,1962-11-01,62,Male,O+,22.0,"01
Vig Zila",560101,Healthy,73,32
2133,2134,P2134-9001-2,Hazel Grover,1990-01-15,35,Female,O-,23.5,"79/903
Doctor Zila",570006,Heart Disease,88,76
2134,2135,P2135-4704-2,Mehul Kari,1947-04-16,78,Female,A+,23.7,"679, Andra Circle",570002,Hypertension,90,72
2135,2136,P2136-7106-1,Taran Dass,1971-06-01,54,Male,B+,24.5,"H.No. 51
Atwal",561004,Gout,98,54
2136,2137,P2137-0002-2,Ela Bansal,2000-02-21,25,Female,B+,23.7,"34
Bhakta Ganj",560103,Epilepsy,90,34
2137,2138,P2138-7404-1,Kashvi Wagle,1974-04-04,51,Male,O+,22.0,"877
Balasubramanian Marg",560208,Sleep Apnea,73,49
2138,2139,P2139-7908-1,Tara Gandhi,1979-08-03,45,Male,A-,23.9,"93/57, Brar Chowk",572003,Asthma,92,93
2139,2140,P2140-5407-1,Hunar Shukla,1954-07-31,70,Male,AB+,23.6,"H.No. 67
Raman Street",570004,Healthy,89,74
2140,2141,P2141-8901-1,Devansh Bandi,1989-01-16,36,Male,O+,21.5,"H.No. 97
Sharaf Road",562010,Depression,68,70
2141,2142,P2142-7107-2,Saanvi Singhal,1971-07-12,54,Female,A+,24.6,"08/683
Bumb Zila",560203,Depression,99,44
2142,2143,P2143-7101-1,Piya Soni,1971-01-20,54,Male,B+,22.0,"44, Sehgal Circle",570002,Asthma,73,72
2143,2144,P2144-9009-2,Nayantara Thakkar,1990-09-05,34,Female,A+,27.7,"09/220
Badal",571002,Healthy,130,82
2144,2145,P2145-8504-2,Yakshit Bandi,1985-04-09,40,Female,B+,26.4,"H.No. 86, Chahal Street",560100,Gout,117,31
2145,2146,P2146-9109-1,Anahita Taneja,1991-09-21,33,Male,O+,24.5,"H.No. 82
Vora Street",560202,Diabetes,98,43
2146,2147,P2147-6001-2,Ahana  Thaman,1960-01-10,65,Female,O+,26.8,"88/50, Arya Circle",571004,Asthma,121,84
2147,2148,P2148-9410-2,Divij Uppal,1994-10-04,30,Female,O-,25.0,"H.No. 70, Lanka Road",572005,Dementia,103,95
2148,2149,P2149-9302-2,Dishani Aggarwal,1993-02-28,32,Female,A+,26.8,"23, Shroff Nagar",560002,Epilepsy,121,2
2149,2150,P2150-9704-1,Devansh Srivastava,1997-04-26,28,Male,O+,23.5,"21
Dubey Path",562005,Osteoporosis,88,65
2150,2151,P2151-7412-2,Miraan Bhandari,1974-12-20,50,Female,A+,25.2,"H.No. 760
Deol Zila",560019,Sleep Apnea,105,19
2151,2152,P2152-7908-1,Biju Loke,1979-08-13,45,Male,B-,23.4,"49/21, Baral Nagar",560101,Epilepsy,87,32
2152,2153,P2153-8611-1,Neysa Mani,1986-11-06,38,Male,O+,23.4,"H.No. 50, Varghese",561009,Hypertension,87,59
2153,2154,P2154-6505-2,Tiya Ram,1965-05-05,60,Female,AB+,26.4,"H.No. 076, Vyas Street",571004,Epilepsy,117,84
2154,2155,P2155-7907-2,Vidur Bhasin,1979-07-30,45,Female,B-,26.5,"49/318
Srinivasan Marg",560025,Gout,118,25
2155,2156,P2156-6809-1,Hrishita Gole,1968-09-20,56,Male,B+,20.4,"85/63
Sem Circle",560102,Diabetes,57,33
2156,2157,P2157-8308-1,Ranbir Gill,1983-08-07,41,Male,O+,25.2,"67/48, Shankar Ganj",572006,Depression,105,96
2157,2158,P2158-5911-2,Kiara Chandra,1959-11-08,65,Female,B+,22.9,"46, Kunda Zila",570006,Diabetes,82,76
2158,2159,P2159-7202-2,Devansh Bir,1972-02-22,53,Female,B+,22.2,"92/475
Bora Chowk",560027,Sleep Apnea,75,27
2159,2160,P2160-9502-1,Vivaan Sane,1995-02-18,30,Male,O+,22.2,"55/23, Zacharia Chowk",572004,Depression,75,94
2160,2161,P2161-8902-1,Nayantara Choudhry,1989-02-16,36,Male,B+,22.6,"34/34
Acharya Circle",560003,Depression,79,3
2161,2162,P2162-9108-1,Vedika Sethi,1991-08-24,33,Male,O+,25.5,"96, Jayaraman",560201,Depression,108,42
2162,2163,P2163-5905-1,Rania Tata,1959-05-10,66,Male,O-,24.2,"H.No. 509, Dhaliwal Ganj",560209,Heart Disease,95,50
2163,2164,P2164-0009-1,Fateh Karan,2000-09-03,24,Male,AB+,24.1,"45/426, Chopra Path",562010,Asthma,94,70
2164,2165,P2165-8909-2,Stuvan Tella,1989-09-03,35,Female,A+,23.0,"12, Sathe Nagar",560209,Diabetes,83,50
2165,2166,P2166-4008-2,Rati Kapur,1940-08-15,84,Female,O+,25.5,"39/15, Bajwa Nagar",560008,Gout,108,8
2166,2167,P2167-6302-2,Farhan Bhatti,1963-02-06,62,Female,B-,23.2,"02/439, Sethi Ganj",560020,Diabetes,85,20
2167,2168,P2168-9301-1,Raunak Singh,1993-01-06,32,Male,B+,22.7,"28/96
Choudhary",560209,Gout,80,50
2168,2169,P2169-0103-2,Saira Gola,2001-03-17,24,Female,AB-,23.2,"H.No. 49, Mangat Circle",560027,Hypertension,85,27
2169,2170,P2170-9603-2,Saanvi Kumer,1996-03-31,29,Female,AB+,25.1,"50/926, Vaidya Zila",572007,Osteoporosis,104,97
2170,2171,P2171-6810-1,Saira Aggarwal,1968-10-27,56,Male,O+,25.2,"18/79, Banik",560009,Heart Disease,105,9
2171,2172,P2172-6207-1,Kanav Sangha,1962-07-13,63,Male,B-,22.6,"H.No. 772
Swamy Circle",560209,Depression,79,50
2172,2173,P2173-5007-1,Hiran Balan,1950-07-31,74,Male,O-,22.6,"13/48
Johal Ganj",570007,Depression,79,77
2173,2174,P2174-6201-2,Piya Seshadri,1962-01-10,63,Female,O+,24.8,"H.No. 902
Suri Road",560204,Healthy,101,45
2174,2175,P2175-8906-2,Adira Sundaram,1989-06-11,36,Female,O+,22.2,"H.No. 260, Dora Marg",560201,Dementia,75,42
2175,2176,P2176-8212-2,Hrishita Sabharwal,1982-12-14,42,Female,O+,25.1,"555, Mani Marg",562009,Depression,104,69
2176,2177,P2177-5810-1,Krish Singhal,1958-10-22,66,Male,O+,23.0,"H.No. 51
Choudhary Marg",560109,Sleep Apnea,83,40
2177,2178,P2178-7106-2,Kartik Andra,1971-06-15,54,Female,A+,24.5,"19
Bhakta Path",560024,Osteoporosis,98,24
2178,2179,P2179-6312-1,Pihu Banerjee,1963-12-09,61,Male,O+,22.2,"99
Varkey Street",560015,Hypertension,75,15
2179,2180,P2180-9612-2,Jayan Agate,1996-12-29,28,Female,B+,19.7,"H.No. 31, Chandran Nagar",560108,Healthy,50,39
2180,2181,P2181-8006-2,Kabir Varkey,1980-06-26,45,Female,O+,18.9,"29, Wable",571005,Healthy,42,85
2181,2182,P2182-6305-2,Keya Kaur,1963-05-10,62,Female,O-,26.0,"40/31
Sura Chowk",560020,Osteoporosis,113,20
2182,2183,P2183-4510-1,Aarush Rajagopalan,1945-10-18,79,Male,O+,24.1,"136, Sabharwal Zila",562007,Osteoporosis,94,67
2183,2184,P2184-4109-2,Anahita Bansal,1941-09-21,83,Female,A+,25.2,"71
Bala Street",560108,Dementia,105,39
2184,2185,P2185-9202-1,Seher Chad,1992-02-24,33,Male,AB+,23.1,"56
Kale",560101,Osteoporosis,84,32
2185,2186,P2186-7409-2,Anya Chand,1974-09-21,50,Female,A-,24.4,"28/257
Ramachandran Marg",560208,Dementia,97,49
2186,2187,P2187-7311-2,Miraan Sekhon,1973-11-16,51,Female,B+,29.5,"420, Sant Ganj",560200,Asthma,148,41
2187,2188,P2188-8001-1,Uthkarsh Bhagat,1980-01-13,45,Male,A+,26.1,"694, Mane Road",560015,Epilepsy,114,15
2188,2189,P2189-4608-1,Aarna Chahal,1946-08-27,78,Male,A+,25.6,"18/369
Kulkarni Road",560100,Epilepsy,109,31
2189,2190,P2190-6407-2,Myra Divan,1964-07-26,60,Female,A-,21.4,"26/32, Sarkar Circle",572006,Healthy,67,96
2190,2191,P2191-4502-2,Manjari Sheth,1945-02-06,80,Female,O+,23.4,"H.No. 37, Kashyap Ganj",562003,Sleep Apnea,87,63
2191,2192,P2192-8611-2,Yashvi Gupta,1986-11-07,38,Female,O+,22.0,"89/481
Tripathi Circle",561009,Hypertension,73,59
2192,2193,P2193-6507-1,Suhana Handa,1965-07-10,60,Male,A+,28.2,"605
Talwar Nagar",570002,Epilepsy,135,72
2193,2194,P2194-0112-1,Aayush Suri,2001-12-22,23,Male,O+,20.2,"36
Mammen Street",570003,Depression,55,73
2194,2195,P2195-5705-1,Vanya Hora,1957-05-16,68,Male,O+,25.2,"H.No. 40, Din Road",560011,Gout,105,11
2195,2196,P2196-8703-1,Ojas Batta,1987-03-13,38,Male,AB-,16.8,"H.No. 279
Toor Road",560026,Diabetes,21,26
2196,2197,P2197-5705-2,Krish Hans,1957-05-25,68,Female,O+,21.9,"129, Khatri Zila",572001,Healthy,72,91
2197,2198,P2198-9701-2,Aniruddh Madan,1997-01-27,28,Female,O+,24.1,"H.No. 278
Sodhi Path",560107,Diabetes,94,38
2198,2199,P2199-8006-2,Bhavin Virk,1980-06-08,45,Female,B+,23.0,"H.No. 381, Grover",570007,Depression,83,77
2199,2200,P2200-8007-2,Seher Chand,1980-07-03,45,Female,O+,23.2,"H.No. 875, Brar Chowk",570007,Epilepsy,85,77
2200,2201,P2201-9201-2,Kartik Randhawa,1992-01-24,33,Female,O+,23.5,"13/397, Chanda Street",562007,Depression,88,67
2201,2202,P2202-0105-1,Akarsh Rama,2001-05-11,24,Male,O+,23.7,"904
Chada Road",560206,Heart Disease,90,47
2202,2203,P2203-7204-1,Jayant Dasgupta,1972-04-13,53,Male,O-,24.4,"578, Lal Path",571005,Diabetes,97,85
2203,2204,P2204-9408-2,Priyansh Shah,1994-08-25,30,Female,B-,21.8,"860
Ray",560201,Heart Disease,71,42
2204,2205,P2205-7108-2,Pari Anne,1971-08-31,53,Female,B+,24.4,"00/69, Deshmukh Street",560209,Epilepsy,97,50
2205,2206,P2206-6102-2,Gatik Kumar,1961-02-10,64,Female,B+,28.3,"H.No. 666
Bandi Chowk",570006,Heart Disease,136,76
2206,2207,P2207-8609-1,Aayush Aggarwal,1986-09-05,38,Male,O+,22.1,"H.No. 554, Mammen Chowk",570003,Asthma,74,73
2207,2208,P2208-9906-2,Aniruddh Jaggi,1999-06-06,26,Female,O+,20.6,"02/12, Thakur Street",570006,Gout,59,76
2208,2209,P2209-5902-2,Kabir Chakrabarti,1959-02-09,66,Female,O+,25.0,"18
Verma Circle",560027,Asthma,103,27
2209,2210,P2210-8111-2,Adah Anand,1981-11-26,43,Female,B+,24.3,"082
Thakur Zila",561002,Healthy,96,52
2210,2211,P2211-9403-1,Shamik Dasgupta,1994-03-09,31,Male,B+,26.9,"672
Kaul Chowk",571002,Diabetes,122,82
2211,2212,P2212-9308-1,Urvi Rajan,1993-08-28,31,Male,O-,21.5,"27/858
Warrior Ganj",560003,Osteoporosis,68,3
2212,2213,P2213-4509-1,Madhav Behl,1945-09-19,79,Male,O+,26.2,"28
Kala Ganj",560019,Asthma,115,19
2213,2214,P2214-9708-2,Nirvaan Saha,1997-08-13,27,Female,O+,21.7,"H.No. 128
Sama Street",561010,Gout,70,60
2214,2215,P2215-4306-2,Lakshit Tata,1943-06-26,82,Female,O+,23.6,"H.No. 411
Choudhary Chowk",560104,Hypertension,89,35
2215,2216,P2216-5309-1,Shaan Kulkarni,1953-09-30,71,Male,A+,24.4,"17, Ray Zila",570002,Heart Disease,97,72
2216,2217,P2217-7011-2,Ehsaan Sandhu,1970-11-06,54,Female,O-,27.0,"96, Yohannan Street",571010,Asthma,123,90
2217,2218,P2218-0011-1,Neelofar Bawa,2000-11-19,24,Male,B-,20.3,"H.No. 96
Chakraborty Path",560208,Hypertension,56,49
2218,2219,P2219-4007-2,Amani Apte,1940-07-23,84,Female,B+,23.8,"306, Bandi Path",562002,Heart Disease,91,62
2219,2220,P2220-7104-2,Kanav Madan,1971-04-30,54,Female,O+,21.4,"38
Dara Zila",560205,Sleep Apnea,67,46
2220,2221,P2221-6801-1,Indranil Vohra,1968-01-29,57,Male,O+,23.8,"45
Sani Street",560103,Hypertension,91,34
2221,2222,P2222-7804-1,Ritvik Ramachandran,1978-04-15,47,Male,B+,24.2,"H.No. 039, Guha Marg",560028,Gout,95,28
2222,2223,P2223-4204-1,Riaan Lala,1942-04-25,83,Male,O+,21.7,"72/896, Ratti Zila",570003,Dementia,70,73
2223,2224,P2224-6912-2,Nehmat Tiwari,1969-12-08,55,Female,A+,22.1,"41
Hari Nagar",560002,Osteoporosis,74,2
2224,2225,P2225-9305-1,Arnav Din,1993-05-09,32,Male,O+,27.9,"95/450
Sanghvi Street",561007,Dementia,132,57
2225,2226,P2226-7211-2,Prisha Tailor,1972-11-04,52,Female,O+,26.2,"56/77, Madan Zila",560006,Epilepsy,115,6
2226,2227,P2227-4812-2,Bhamini Butala,1948-12-13,76,Female,B+,24.0,"H.No. 72
Balan Nagar",560011,Heart Disease,93,11
2227,2228,P2228-0207-1,Vaibhav Mall,2002-07-01,23,Male,AB+,22.9,"H.No. 93
Dave Chowk",561001,Depression,82,51
2228,2229,P2229-5806-1,Mishti Salvi,1958-06-12,67,Male,A+,20.2,"843
Lad Circle",572010,Dementia,55,100
2229,2230,P2230-6606-2,Aaina Sahota,1966-06-21,59,Female,O-,24.8,"83/208
Singh Chowk",560002,Healthy,101,2
2230,2231,P2231-4710-2,Baiju Arora,1947-10-20,77,Female,A-,25.2,"35/00
Korpal Path",560200,Asthma,105,41
2231,2232,P2232-4605-2,Anvi Chopra,1946-05-29,79,Female,A+,24.1,"67/02, Balan Road",560200,Gout,94,41
2232,2233,P2233-4903-1,Taimur Sarin,1949-03-09,76,Male,B+,24.1,"07/610, Sanghvi Street",571008,Diabetes,94,88
2233,2234,P2234-7607-2,Hrishita Dutta,1976-07-18,48,Female,O+,26.1,"H.No. 725
Sant Nagar",572005,Dementia,114,95
2234,2235,P2235-6408-2,Aaryahi Bawa,1964-08-08,60,Female,O+,23.1,"459, Tella Marg",560207,Epilepsy,84,48
2235,2236,P2236-9205-1,Ishita Baral,1992-05-07,33,Male,B-,22.4,"H.No. 45, Das Circle",560201,Diabetes,77,42
2236,2237,P2237-9202-1,Advika Krishnan,1992-02-25,33,Male,O+,22.9,"H.No. 29, Lanka Marg",560107,Gout,82,38
2237,2238,P2238-6305-2,Ryan Dhar,1963-05-16,62,Female,B+,22.7,"H.No. 65
Garde Circle",561007,Asthma,80,57
2238,2239,P2239-6912-2,Darshit Biswas,1969-12-29,55,Female,O+,24.7,"77/761, Dhawan Ganj",571010,Osteoporosis,100,90
2239,2240,P2240-8901-2,Kashvi Gulati,1989-01-21,36,Female,O+,24.0,"H.No. 596, Dhaliwal",560201,Dementia,93,42
2240,2241,P2241-5606-2,Trisha Iyer,1956-06-19,69,Female,O+,24.4,"57/877
Dash Road",560017,Sleep Apnea,97,17
2241,2242,P2242-6910-1,Sumer Keer,1969-10-15,55,Male,B+,22.5,"H.No. 311, Grover Circle",561005,Asthma,78,55
2242,2243,P2243-8901-1,Vihaan Sandal,1989-01-27,36,Male,A+,23.6,"97/089
Bala Street",562002,Healthy,89,62
2243,2244,P2244-8911-2,Taimur Bhatti,1989-11-05,35,Female,O+,23.5,"283, Solanki Nagar",570007,Heart Disease,88,77
2244,2245,P2245-8511-2,Jhanvi Kalita,1985-11-04,39,Female,B+,23.5,"15/78, Buch Path",571008,Depression,88,88
2245,2246,P2246-8701-2,Dhanuk Bali,1987-01-26,38,Female,B+,22.3,"132
Varghese Path",560026,Depression,76,26
2246,2247,P2247-9004-1,Pihu Ganesan,1990-04-16,35,Male,B+,24.9,"H.No. 11
Loyal Ganj",560007,Healthy,102,7
2247,2248,P2248-0410-1,Hunar Kakar,2004-10-04,20,Male,O-,24.8,"025
Balasubramanian Chowk",571004,Sleep Apnea,101,84
2248,2249,P2249-5403-2,Mishti Sagar,1954-03-02,71,Female,A-,25.5,"28
Kale Zila",562004,Sleep Apnea,108,64
2249,2250,P2250-8902-2,Bhamini Wali,1989-02-27,36,Female,B-,22.9,"H.No. 99, Ravi Chowk",560021,Diabetes,82,21
2250,2251,P2251-7007-1,Kabir Sabharwal,1970-07-28,54,Male,A+,23.0,"H.No. 05
Bhavsar Chowk",570007,Hypertension,83,77
2251,2252,P2252-4209-1,Ivana Lall,1942-09-26,82,Male,O+,22.3,"35/905
Dalal Road",560025,Osteoporosis,76,25
2252,2253,P2253-6705-1,Rania Chana,1967-05-28,58,Male,B+,22.3,"88/44, Karnik Marg",560003,Asthma,76,3
2253,2254,P2254-6308-1,Ojas Sheth,1963-08-08,61,Male,O+,28.9,"86/71, Khalsa Zila",562009,Asthma,142,69
2254,2255,P2255-4101-2,Anay Brar,1941-01-27,84,Female,O+,25.1,"H.No. 45, Saran Nagar",562009,Gout,104,69
2255,2256,P2256-8312-2,Uthkarsh Chakraborty,1983-12-21,41,Female,O+,25.9,"84, Thakkar Nagar",560012,Asthma,112,12
2256,2257,P2257-4610-2,Hunar Talwar,1946-10-21,78,Female,O+,21.7,"393
Dugal Chowk",570008,Depression,70,78
2257,2258,P2258-4507-1,Yakshit Dar,1945-07-01,80,Male,AB+,22.0,"55
Gupta Ganj",560104,Diabetes,73,35
2258,2259,P2259-4406-2,Taimur Viswanathan,1944-06-19,81,Female,A+,21.0,"H.No. 153
Madan Nagar",562008,Gout,63,68
2259,2260,P2260-7607-2,Amira Butala,1976-07-31,48,Female,A+,24.7,"13
Basak",570007,Osteoporosis,100,77
2260,2261,P2261-0303-1,Nakul Ratti,2003-03-06,22,Male,B+,22.3,"21/88, Raman Road",570002,Diabetes,76,72
2261,2262,P2262-5608-1,Indrans Jayaraman,1956-08-08,68,Male,A-,27.7,"674
Bala Zila",560024,Hypertension,130,24
2262,2263,P2263-7209-2,Mamooty Vala,1972-09-10,52,Female,O+,24.0,"00/866, Shanker Ganj",571005,Diabetes,93,85
2263,2264,P2264-0303-1,Tarini Shan,2003-03-14,22,Male,A+,24.7,"323
Subramaniam Ganj",570005,Hypertension,100,75
2264,2265,P2265-8412-2,Vanya Khare,1984-12-19,40,Female,AB-,25.2,"599, Mall Nagar",572006,Healthy,105,96
2265,2266,P2266-5905-2,Pihu Sahni,1959-05-29,66,Female,O+,24.8,"H.No. 08
Chanda Circle",561008,Sleep Apnea,101,58
2266,2267,P2267-4409-2,Aradhya Vora,1944-09-28,80,Female,A+,21.6,"74/58
Shroff Road",560010,Depression,69,10
2267,2268,P2268-5905-2,Arnav Lal,1959-05-15,66,Female,O+,23.9,"H.No. 15
Arya Marg",560020,Asthma,92,20
2268,2269,P2269-7610-2,Vardaniya Walla,1976-10-31,48,Female,B+,23.2,"71
Garde Chowk",562003,Hypertension,85,63
2269,2270,P2270-9209-1,Shaan Krishnamurthy,1992-09-14,32,Male,AB+,27.5,"H.No. 334, Tandon Road",562004,Dementia,128,64
2270,2271,P2271-5104-1,Nehmat Dixit,1951-04-26,74,Male,A-,22.6,"113
Kanda",561003,Depression,79,53
2271,2272,P2272-8110-1,Tiya Bath,1981-10-05,43,Male,A+,23.2,"237
Kalla Street",562008,Epilepsy,85,68
2272,2273,P2273-9209-1,Vaibhav Varghese,1992-09-15,32,Male,B+,21.8,"850
Keer Marg",560021,Healthy,71,21
2273,2274,P2274-5612-2,Neelofar Ghosh,1956-12-04,68,Female,O+,28.4,"12/50
Contractor Circle",572009,Diabetes,137,99
2274,2275,P2275-6402-2,Aaina Char,1964-02-17,61,Female,AB+,21.8,"57/13, Zacharia Ganj",571001,Healthy,71,81
2275,2276,P2276-5312-1,Adira Lal,1953-12-29,71,Male,AB+,19.2,"80/966, Jha Path",560018,Osteoporosis,45,18
2276,2277,P2277-8408-2,Mohanlal Bassi,1984-08-09,40,Female,O-,22.6,"312
Bail Chowk",560030,Sleep Apnea,79,30
2277,2278,P2278-4402-2,Stuvan Sant,1944-02-28,81,Female,A+,25.9,"H.No. 04, Kaul Marg",571010,Asthma,112,90
2278,2279,P2279-4809-2,Fateh Kota,1948-09-21,76,Female,AB+,22.6,"H.No. 69, Dixit Nagar",572004,Hypertension,79,94
2279,2280,P2280-7604-1,Sara Sundaram,1976-04-02,49,Male,O+,25.6,"426
Khatri Circle",560203,Asthma,109,44
2280,2281,P2281-5010-1,Samaira Sangha,1950-10-11,74,Male,A-,19.8,"67/553
Sundaram Path",560001,Sleep Apnea,51,1
2281,2282,P2282-9106-2,Gokul Ravi,1991-06-03,34,Female,A-,25.0,"67
Butala Circle",561006,Depression,103,56
2282,2283,P2283-4409-1,Seher Dugar,1944-09-07,80,Male,A+,21.5,"244, Goswami Street",560109,Gout,68,40
2283,2284,P2284-7106-2,Tushar Bansal,1971-06-03,54,Female,A+,19.8,"H.No. 558, Johal Street",562007,Epilepsy,51,67
2284,2285,P2285-0505-1,Indrajit Issac,2005-05-13,20,Male,O+,18.3,"94
Biswas Ganj",560027,Healthy,36,27
2285,2286,P2286-5906-2,Nirvi Bandi,1959-06-20,66,Female,O+,23.2,"087
Reddy Ganj",570008,Heart Disease,85,78
2286,2287,P2287-6408-1,Sumer Gopal,1964-08-29,60,Male,AB+,25.6,"50/118, Tella",562006,Dementia,109,66
2287,2288,P2288-7110-1,Keya Dhillon,1971-10-28,53,Male,AB+,23.0,"H.No. 81, Mallick Zila",560022,Diabetes,83,22
2288,2289,P2289-4003-1,Prisha Mane,1940-03-01,85,Male,O-,26.1,"58/058
Hayer Street",562005,Asthma,114,65
2289,2290,P2290-9508-1,Urvi Bajaj,1995-08-13,29,Male,O+,24.3,"82
Swamy Circle",562006,Healthy,96,66
2290,2291,P2291-8712-2,Tushar Mane,1987-12-16,37,Female,A+,23.6,"H.No. 712
Kothari Chowk",560008,Dementia,89,8
2291,2292,P2292-8906-1,Madhup Vasa,1989-06-13,36,Male,O+,25.6,"28/21, Bir Chowk",560015,Gout,109,15
2292,2293,P2293-5201-1,Fateh Deshmukh,1952-01-10,73,Male,O+,25.4,"128
Sidhu Nagar",560104,Healthy,107,35
2293,2294,P2294-8703-2,Ira Hayre,1987-03-30,38,Female,A+,25.2,"74/177, Krishna Circle",560017,Healthy,105,17
2294,2295,P2295-6512-2,Arhaan Bobal,1965-12-11,59,Female,O+,26.3,"482, Venkataraman Zila",570010,Gout,116,80
2295,2296,P2296-4902-2,Nishith Koshy,1949-02-07,76,Female,B-,23.8,"81, Balasubramanian Ganj",572002,Hypertension,91,92
2296,2297,P2297-9912-1,Shaan Choudhary,1999-12-26,25,Male,AB+,23.0,"H.No. 20
Johal Nagar",560209,Sleep Apnea,83,50
2297,2298,P2298-9502-2,Alia Rout,1995-02-28,30,Female,O+,23.5,"H.No. 584
Korpal Zila",560108,Hypertension,88,39
2298,2299,P2299-0407-1,Indrans Sami,2004-07-31,20,Male,O+,27.8,"24/232
Mane Circle",560205,Diabetes,131,46
2299,2300,P2300-4412-1,Shalv Chakraborty,1944-12-25,80,Male,O+,21.7,"H.No. 626
Kannan Ganj",562006,Dementia,70,66
2300,2301,P2301-9110-2,Sahil Anand,1991-10-06,33,Female,A-,25.0,"169, Bandi Road",560203,Sleep Apnea,103,44
2301,2302,P2302-4307-1,Anahita Manne,1943-07-04,82,Male,A+,25.1,"49
Bera Path",560008,Gout,104,8
2302,2303,P2303-7803-1,Kashvi Dave,1978-03-09,47,Male,O-,22.1,"48
Baral Chowk",560026,Heart Disease,74,26
2303,2304,P2304-9705-1,Nirvi Sankaran,1997-05-05,28,Male,A+,23.7,"24/89, Chaudry Street",560200,Depression,90,41
2304,2305,P2305-8208-2,Ojas Kakar,1982-08-07,42,Female,O+,23.1,"95/09, Viswanathan Chowk",560002,Asthma,84,2
2305,2306,P2306-7107-1,Rasha Thakkar,1971-07-22,53,Male,B+,22.8,"H.No. 548, Yadav Street",560001,Gout,81,1
2306,2307,P2307-4408-1,Gatik Goyal,1944-08-22,80,Male,B+,23.8,"H.No. 45
Bedi Nagar",560200,Hypertension,91,41
2307,2308,P2308-4409-1,Vritika Varghese,1944-09-25,80,Male,B+,25.4,"858, Chakrabarti Zila",560009,Gout,107,9
2308,2309,P2309-9701-1,Tara Sawhney,1997-01-21,28,Male,A-,23.9,"H.No. 506, Singh Marg",560022,Hypertension,92,22
2309,2310,P2310-6107-1,Onkar Ram,1961-07-18,63,Male,A+,26.5,"73, Luthra Zila",560025,Gout,118,25
2310,2311,P2311-8005-2,Aarav Chanda,1980-05-28,45,Female,O-,23.2,"19/73
Kakar Road",561004,Dementia,85,54
2311,2312,P2312-5012-2,Anvi Bhatia,1950-12-27,74,Female,O+,28.9,"H.No. 27, Maharaj Zila",560017,Hypertension,142,17
2312,2313,P2313-8208-2,Reyansh Bose,1982-08-01,42,Female,O+,26.4,"H.No. 65, Dugar Zila",562007,Dementia,117,67
2313,2314,P2314-8707-2,Armaan Bhandari,1987-07-17,37,Female,B+,21.1,"H.No. 13, Sodhi",560009,Diabetes,64,9
2314,2315,P2315-7012-2,Kabir Swaminathan,1970-12-28,54,Female,A+,25.7,"H.No. 732, Kalita Chowk",571004,Diabetes,110,84
2315,2316,P2316-7001-2,Suhana Krishna,1970-01-19,55,Female,A+,25.0,"24/097
Bobal Circle",562010,Diabetes,103,70
2316,2317,P2317-4902-1,Amani Gopal,1949-02-22,76,Male,AB+,22.7,"87/852
Chakraborty Nagar",570010,Diabetes,80,80
2317,2318,P2318-4904-2,Mehul Malhotra,1949-04-24,76,Female,B+,22.5,"H.No. 34
Gera Chowk",572006,Diabetes,78,96
2318,2319,P2319-4112-2,Jivika Malhotra,1941-12-23,83,Female,O+,26.6,"H.No. 102, Sathe Path",560025,Epilepsy,119,25
2319,2320,P2320-8302-2,Misha Sinha,1983-02-20,42,Female,B+,23.7,"H.No. 499
Talwar Circle",562002,Dementia,90,62
2320,2321,P2321-8111-1,Shray Bedi,1981-11-02,43,Male,AB+,25.5,"425
Sehgal",572008,Osteoporosis,108,98
2321,2322,P2322-0111-1,Jhanvi Sahota,2001-11-20,23,Male,O-,26.4,"569, Atwal Ganj",560102,Diabetes,117,33
2322,2323,P2323-8205-1,Armaan Mander,1982-05-17,43,Male,B+,23.2,"477
Lanka Road",560202,Dementia,85,43
2323,2324,P2324-8007-1,Shaan Shroff,1980-07-16,44,Male,B+,24.8,"41, Dhawan Zila",562002,Heart Disease,101,62
2324,2325,P2325-5407-2,Kartik Loke,1954-07-31,70,Female,O+,26.4,"H.No. 497
Goswami Road",560104,Hypertension,117,35
2325,2326,P2326-5507-2,Charvi Lanka,1955-07-31,69,Female,B+,27.5,"H.No. 48
Wali Chowk",560104,Dementia,128,35
2326,2327,P2327-9404-1,Bhavin Comar,1994-04-24,31,Male,O+,21.8,"H.No. 113
Karnik Marg",560011,Diabetes,71,11
2327,2328,P2328-0402-1,Ahana  Anne,2004-02-19,21,Male,O+,27.2,"H.No. 61, Chatterjee Marg",560010,Sleep Apnea,125,10
2328,2329,P2329-9711-2,Himmat Ghosh,1997-11-24,27,Female,O+,26.0,"57/92, D’Alia Circle",560106,Diabetes,113,37
2329,2330,P2330-7808-2,Renee Gokhale,1978-08-20,46,Female,A+,23.5,"41/492
Seshadri Marg",560109,Sleep Apnea,88,40
2330,2331,P2331-9703-1,Dishani Saha,1997-03-28,28,Male,B+,24.4,"81/412
Ramachandran Ganj",571009,Epilepsy,97,89
2331,2332,P2332-8210-2,Ela Khanna,1982-10-19,42,Female,O+,24.1,"96/85
Sawhney Circle",560207,Gout,94,48
2332,2333,P2333-6009-1,Oorja Agarwal,1960-09-03,64,Male,A-,22.6,"10, Bawa Path",561006,Dementia,79,56
2333,2334,P2334-0110-1,Hansh Rastogi,2001-10-11,23,Male,A+,24.2,"13, Hora Marg",572006,Depression,95,96
2334,2335,P2335-5307-2,Kashvi Dani,1953-07-05,72,Female,O+,25.1,"55
Swaminathan Chowk",570005,Heart Disease,104,75
2335,2336,P2336-8712-1,Arnav Kari,1987-12-16,37,Male,A-,28.3,"19/386, Bobal Marg",561003,Heart Disease,136,53
2336,2337,P2337-5204-1,Vanya Bhatia,1952-04-11,73,Male,O-,23.8,"H.No. 22, Karpe Circle",572003,Osteoporosis,91,93
2337,2338,P2338-4605-1,Kaira Bhargava,1946-05-01,79,Male,O+,21.3,"H.No. 42
Chaudhari Street",560201,Gout,66,42
2338,2339,P2339-4605-2,Anya Soni,1946-05-10,79,Female,O+,23.7,"H.No. 73, Sangha Nagar",561005,Osteoporosis,90,55
2339,2340,P2340-4808-2,Rania Choudhry,1948-08-08,76,Female,AB+,23.7,"02/78, Desai Street",560010,Epilepsy,90,10
2340,2341,P2341-8306-2,Reyansh Raju,1983-06-18,42,Female,O+,23.4,"H.No. 610, Tella Street",560029,Asthma,87,29
2341,2342,P2342-0008-2,Arnav Kapur,2000-08-25,24,Female,O+,24.2,"H.No. 430
Grover Ganj",562010,Dementia,95,70
2342,2343,P2343-0204-2,Saira Chanda,2002-04-27,23,Female,O+,25.4,"82/98
Jaggi Street",572009,Heart Disease,107,99
2343,2344,P2344-6712-2,Manikya Bose,1967-12-31,57,Female,B-,19.9,"19/886
Samra Street",560107,Hypertension,52,38
2344,2345,P2345-9011-2,Vaibhav Din,1990-11-27,34,Female,O+,22.4,"338, Walla Ganj",570003,Sleep Apnea,77,73
2345,2346,P2346-8211-2,Diya Ganesh,1982-11-15,42,Female,B-,22.4,"35
Golla Chowk",570010,Dementia,77,80
2346,2347,P2347-8602-2,Drishya Deshmukh,1986-02-02,39,Female,B+,24.1,"06/15, Sastry Street",560011,Dementia,94,11
2347,2348,P2348-8602-2,Kaira Vaidya,1986-02-27,39,Female,B-,26.6,"H.No. 063
Desai",560011,Hypertension,119,11
2348,2349,P2349-7503-2,Vritika Reddy,1975-03-04,50,Female,O+,24.6,"627, Bajwa Ganj",560108,Sleep Apnea,99,39
2349,2350,P2350-8007-2,Prisha Dugar,1980-07-22,44,Female,O-,23.5,"48/55, Zacharia Marg",560208,Heart Disease,88,49
2350,2351,P2351-9312-2,Keya Loke,1993-12-16,31,Female,O+,25.3,"29/283, Lall Street",560204,Asthma,106,45
2351,2352,P2352-4104-1,Amani Sem,1941-04-14,84,Male,O+,24.4,"70/270
Magar Chowk",560106,Epilepsy,97,37
2352,2353,P2353-9807-2,Damini Banerjee,1998-07-21,26,Female,O+,20.9,"001
Dugal Path",560202,Gout,62,43
2353,2354,P2354-8012-2,Jivin Rau,1980-12-17,44,Female,O+,23.6,"61/882, Aurora Nagar",560022,Dementia,89,22
2354,2355,P2355-0306-1,Mishti Sami,2003-06-21,22,Male,A+,22.1,"496, Bawa Road",560205,Epilepsy,74,46
2355,2356,P2356-7903-2,Kismat Lala,1979-03-08,46,Female,B+,19.8,"12/17, Badal Ganj",560023,Depression,51,23
2356,2357,P2357-0009-2,Samar Biswas,2000-09-06,24,Female,O+,21.6,"H.No. 24
Jaggi",560103,Healthy,69,34
2357,2358,P2358-5404-2,Farhan Bava,1954-04-01,71,Female,O+,24.7,"798, Rau Zila",560105,Asthma,100,36
2358,2359,P2359-7509-1,Riaan Bhagat,1975-09-15,49,Male,O+,24.6,"H.No. 372, Sharaf Street",572009,Epilepsy,99,99
2359,2360,P2360-0201-1,Lagan Deshmukh,2002-01-04,23,Male,A+,25.9,"006, Chana Nagar",560010,Sleep Apnea,112,10
2360,2361,P2361-7004-2,Neysa Chaudhary,1970-04-24,55,Female,O+,23.4,"90/62
Divan Chowk",561001,Osteoporosis,87,51
2361,2362,P2362-5307-1,Neelofar Mand,1953-07-26,71,Male,AB+,23.1,"H.No. 587, Contractor Marg",560029,Diabetes,84,29
2362,2363,P2363-9805-1,Elakshi Chaudhuri,1998-05-25,27,Male,A+,24.5,"H.No. 38, Deep Street",560005,Epilepsy,98,5
2363,2364,P2364-4708-2,Seher Bhakta,1947-08-09,77,Female,B+,21.0,"48/803
Sahni Ganj",562001,Heart Disease,63,61
2364,2365,P2365-0008-1,Romil Chaudry,2000-08-07,24,Male,O+,21.1,"15/05
Dhar Chowk",560013,Gout,64,13
2365,2366,P2366-5506-2,Farhan Agarwal,1955-06-18,70,Female,B+,22.3,"420, Venkataraman Path",572007,Heart Disease,76,97
2366,2367,P2367-0302-2,Arhaan Badami,2003-02-10,22,Female,B-,22.4,"68/49, Thakkar Nagar",561001,Gout,77,51
2367,2368,P2368-8007-1,Farhan Bahri,1980-07-30,44,Male,O+,25.9,"H.No. 66, Gaba",572010,Asthma,112,100
2368,2369,P2369-8407-2,Trisha Bala,1984-07-18,40,Female,A+,26.7,"32/75
Vohra",571009,Osteoporosis,120,89
2369,2370,P2370-6210-1,Sara Tripathi,1962-10-07,62,Male,O+,23.3,"227, Seth Circle",560107,Asthma,86,38
2370,2371,P2371-6806-1,Anaya Comar,1968-06-21,57,Male,O-,25.4,"H.No. 203
Srivastava Nagar",560013,Hypertension,107,13
2371,2372,P2372-6312-2,Shaan Rajan,1963-12-17,61,Female,B+,23.9,"075, Samra Chowk",572003,Asthma,92,93
2372,2373,P2373-7602-2,Ayesha Baral,1976-02-27,49,Female,B+,24.6,"H.No. 184, Garde Chowk",560012,Depression,99,12
2373,2374,P2374-4803-2,Anay Kaur,1948-03-04,77,Female,O+,24.3,"60/76
Chada Chowk",571009,Dementia,96,89
2374,2375,P2375-7201-1,Lagan Bala,1972-01-15,53,Male,B+,22.8,"H.No. 628, Jaggi Street",570004,Osteoporosis,81,74
2375,2376,P2376-8109-1,Faiyaz Choudhary,1981-09-17,43,Male,AB+,23.0,"52/68, Hayer Nagar",572001,Healthy,83,91
2376,2377,P2377-5504-1,Badal Sarraf,1955-04-10,70,Male,A+,26.4,"29/076
Bajaj Road",571005,Healthy,117,85
2377,2378,P2378-7810-2,Lavanya Jain,1978-10-09,46,Female,O+,25.2,"H.No. 79
Kata Chowk",560008,Depression,105,8
2378,2379,P2379-4803-1,Kimaya Deshpande,1948-03-05,77,Male,A+,24.2,"148, Bhattacharyya Marg",562002,Gout,95,62
2379,2380,P2380-4702-2,Drishya Konda,1947-02-25,78,Female,B-,25.7,"67
Tiwari Road",560001,Depression,110,1
2380,2381,P2381-9603-2,Prisha Kota,1996-03-08,29,Female,A+,24.8,"120
Comar Chowk",560010,Dementia,101,10
2381,2382,P2382-4503-1,Shaan Char,1945-03-24,80,Male,A-,22.3,"78/538
Ratta Marg",561005,Gout,76,55
2382,2383,P2383-9412-2,Tushar Bath,1994-12-19,30,Female,O+,18.5,"38, Ratta Path",561008,Asthma,38,58
2383,2384,P2384-9510-2,Heer Sachar,1995-10-20,29,Female,O+,22.9,"H.No. 10
Chowdhury Street",560008,Epilepsy,82,8
2384,2385,P2385-5901-2,Tanya Bahri,1959-01-12,66,Female,B+,25.0,"91
Bhargava Marg",572001,Diabetes,103,91
2385,2386,P2386-0001-1,Shaan Krish,2000-01-26,25,Male,B+,23.5,"H.No. 435
Biswas Ganj",560018,Asthma,88,18
2386,2387,P2387-0402-1,Jayesh Sabharwal,2004-02-03,21,Male,O+,25.0,"931
Bava Marg",572010,Diabetes,103,100
2387,2388,P2388-6806-2,Mannat Brar,1968-06-13,57,Female,A+,24.5,"16/753, Virk Circle",561006,Osteoporosis,98,56
2388,2389,P2389-6504-2,Nitya Ravel,1965-04-09,60,Female,A+,24.5,"62/53, Chandran Marg",572002,Asthma,98,92
2389,2390,P2390-5308-1,Shanaya Thaman,1953-08-13,71,Male,A+,22.6,"07/43
Sura Nagar",560109,Healthy,79,40
2390,2391,P2391-6305-2,Reyansh Shanker,1963-05-09,62,Female,O+,25.0,"H.No. 183
Chakrabarti Chowk",572003,Sleep Apnea,103,93
2391,2392,P2392-0409-2,Yuvaan Dyal,2004-09-22,20,Female,AB-,23.5,"84, Dora Nagar",560017,Asthma,88,17
2392,2393,P2393-0501-2,Romil Goda,2005-01-07,20,Female,O+,25.7,"023
Mangat Path",572007,Asthma,110,97
2393,2394,P2394-4608-1,Neelofar Baria,1946-08-31,78,Male,B+,24.6,"670, Batta Ganj",560012,Depression,99,12
2394,2395,P2395-0507-2,Mamooty Krishnamurthy,2005-07-14,19,Female,AB+,27.7,"69/250, Deshmukh Nagar",560003,Hypertension,130,3
2395,2396,P2396-8107-1,Renee Kala,1981-07-17,43,Male,A+,25.3,"H.No. 504
Bahl",560203,Osteoporosis,106,44
2396,2397,P2397-9305-1,Anaya Chaudhuri,1993-05-09,32,Male,O+,27.1,"245, Thaker Street",562003,Epilepsy,124,63
2397,2398,P2398-7008-1,Mahika Kunda,1970-08-15,54,Male,B+,22.2,"H.No. 60
Chaudhari Nagar",561001,Diabetes,75,51
2398,2399,P2399-7110-1,Nirvaan Khurana,1971-10-29,53,Male,A-,26.7,"94, Kade Street",560001,Sleep Apnea,120,1
2399,2400,P2400-8610-1,Mahika Sachar,1986-10-06,38,Male,B+,25.5,"00
Keer Circle",571009,Hypertension,108,89
2400,2401,P2401-5603-1,Prisha Hayer,1956-03-19,69,Male,B+,22.8,"98, Contractor Road",560011,Osteoporosis,81,11
2401,2402,P2402-6802-1,Indrajit Majumdar,1968-02-22,57,Male,B+,22.4,"557, Kakar",570006,Hypertension,77,76
2402,2403,P2403-6507-2,Shalv Kumer,1965-07-21,59,Female,O+,22.4,"H.No. 75
Subramanian Circle",562002,Epilepsy,77,62
2403,2404,P2404-9612-1,Mehul Chakraborty,1996-12-11,28,Male,A+,22.7,"18/850
Uppal Marg",571006,Sleep Apnea,80,86
2404,2405,P2405-8603-1,Saksham Rout,1986-03-03,39,Male,A-,26.2,"H.No. 24, Dhillon",571003,Heart Disease,115,83
2405,2406,P2406-5808-2,Tushar Varghese,1958-08-09,66,Female,B+,24.3,"57, Karpe Marg",560017,Sleep Apnea,96,17
2406,2407,P2407-5206-2,Riaan Gopal,1952-06-11,73,Female,O+,26.8,"12, Reddy Street",560026,Sleep Apnea,121,26
2407,2408,P2408-4504-1,Dharmajan Khatri,1945-04-09,80,Male,B-,24.6,"19/183
Chawla Chowk",562008,Dementia,99,68
2408,2409,P2409-5702-1,Piya Wagle,1957-02-14,68,Male,O+,21.1,"38, Sheth Nagar",570006,Sleep Apnea,64,76
2409,2410,P2410-5605-2,Farhan Ravi,1956-05-10,69,Female,A+,25.7,"776
Koshy Nagar",571010,Depression,110,90
2410,2411,P2411-8407-1,Riaan Bhagat,1984-07-22,40,Male,A-,25.6,"H.No. 89
Dave Marg",560105,Asthma,109,36
2411,2412,P2412-5810-2,Shray Gola,1958-10-14,66,Female,O+,23.8,"92/914
Bora Nagar",561001,Epilepsy,91,51
2412,2413,P2413-9007-2,Kanav Devi,1990-07-17,34,Female,O+,21.9,"447, Saxena Path",560107,Osteoporosis,72,38
2413,2414,P2414-4001-1,Arhaan Mannan,1940-01-24,85,Male,O+,22.1,"27/339, Agate Street",560201,Dementia,74,42
2414,2415,P2415-9708-1,Saanvi Deshmukh,1997-08-22,27,Male,O+,20.1,"H.No. 09
Mammen Circle",571007,Sleep Apnea,54,87
2415,2416,P2416-7210-2,Nitara Sama,1972-10-04,52,Female,O+,21.5,"49, Saha Circle",560001,Osteoporosis,68,1
2416,2417,P2417-5110-1,Damini Mall,1951-10-04,73,Male,B+,24.7,"48
Kant Circle",561008,Osteoporosis,100,58
2417,2418,P2418-6410-2,Reyansh Sur,1964-10-16,60,Female,B+,24.2,"603, Subramaniam Circle",560025,Healthy,95,25
2418,2419,P2419-5712-1,Ela Warrior,1957-12-30,67,Male,B-,24.3,"048, Acharya Ganj",561010,Dementia,96,60
2419,2420,P2420-5405-1,Anya Kashyap,1954-05-20,71,Male,B-,22.6,"09/48
Sarraf Nagar",562006,Epilepsy,79,66
2420,2421,P2421-9502-2,Dharmajan Suresh,1995-02-03,30,Female,A+,21.7,"405, Taneja Street",560103,Heart Disease,70,34
2421,2422,P2422-8510-2,Reyansh Bora,1985-10-17,39,Female,B+,24.5,"77/27, Sharaf Marg",570008,Heart Disease,98,78
2422,2423,P2423-7403-1,Dhanuk Bhargava,1974-03-23,51,Male,O+,23.8,"89/127, Chowdhury Nagar",570010,Hypertension,91,80
2423,2424,P2424-9403-2,Indrajit Barman,1994-03-08,31,Female,AB-,23.6,"539, Madan Circle",561002,Dementia,89,52
2424,2425,P2425-8207-2,Vritika Ganesh,1982-07-19,42,Female,O+,26.8,"H.No. 011, Bains",560015,Diabetes,121,15
2425,2426,P2426-8503-1,Aayush Bedi,1985-03-03,40,Male,B+,25.1,"H.No. 856
Gole Marg",562008,Hypertension,104,68
2426,2427,P2427-0505-1,Divij Ahluwalia,2005-05-02,20,Male,O+,23.7,"886
Mandal Circle",560009,Osteoporosis,90,9
2427,2428,P2428-5006-1,Aarush Bhandari,1950-06-29,75,Male,B-,20.7,"81, Dada Zila",560013,Asthma,60,13
2428,2429,P2429-6411-2,Shray Bala,1964-11-27,60,Female,B+,22.6,"16/76
Chowdhury Chowk",572007,Epilepsy,79,97
2429,2430,P2430-9107-2,Veer Khosla,1991-07-04,34,Female,O+,25.5,"985, Comar Zila",560025,Healthy,108,25
2430,2431,P2431-5011-2,Kiaan Sangha,1950-11-22,74,Female,B+,26.0,"H.No. 734
Batra Zila",560103,Hypertension,113,34
2431,2432,P2432-7401-1,Vritika Gupta,1974-01-16,51,Male,A+,23.6,"01/40
Barad Circle",560025,Heart Disease,89,25
2432,2433,P2433-5312-2,Nishith Wali,1953-12-27,71,Female,O+,24.1,"H.No. 526
Balay Nagar",560019,Sleep Apnea,94,19
2433,2434,P2434-9712-1,Alia Bala,1997-12-07,27,Male,O+,26.8,"94/982, Sharma Nagar",561003,Dementia,121,53
2434,2435,P2435-4708-2,Hrishita Solanki,1947-08-08,77,Female,O+,26.0,"86/31
Thaker Circle",571003,Epilepsy,113,83
2435,2436,P2436-9305-1,Neelofar Chatterjee,1993-05-21,32,Male,A-,23.9,"H.No. 168, Chander Path",571004,Asthma,92,84
2436,2437,P2437-6611-1,Vidur Kuruvilla,1966-11-11,58,Male,B+,24.8,"50/304
Bora Chowk",560029,Epilepsy,101,29
2437,2438,P2438-6002-2,Divit Saraf,1960-02-05,65,Female,B+,25.3,"877
Suri Path",560204,Epilepsy,106,45
2438,2439,P2439-4212-2,Yuvaan Mann,1942-12-27,82,Female,B-,21.8,"697, Buch Circle",570004,Osteoporosis,71,74
2439,2440,P2440-4801-1,Siya Kannan,1948-01-17,77,Male,O-,21.7,"H.No. 63, Buch Circle",570009,Heart Disease,70,79
2440,2441,P2441-9105-2,Jhanvi Khare,1991-05-28,34,Female,O+,25.8,"58/462
Varughese Path",562004,Healthy,111,64
2441,2442,P2442-7212-2,Nirvaan Shukla,1972-12-24,52,Female,A+,21.8,"65, Kaul Road",560028,Hypertension,71,28
2442,2443,P2443-4104-2,Charvi Sundaram,1941-04-08,84,Female,O+,22.5,"H.No. 216
Bassi Zila",562003,Gout,78,63
2443,2444,P2444-5810-1,Pari Char,1958-10-18,66,Male,B-,20.1,"H.No. 250
Sehgal Zila",562002,Hypertension,54,62
2444,2445,P2445-7510-2,Azad Kashyap,1975-10-24,49,Female,O+,19.6,"H.No. 182, Sawhney Path",572005,Heart Disease,49,95
2445,2446,P2446-0211-2,Khushi Tella,2002-11-19,22,Female,A-,26.2,"48/572, Loyal Zila",570003,Osteoporosis,115,73
2446,2447,P2447-8003-2,Tarini Sandal,1980-03-13,45,Female,B+,25.4,"05/425
Kashyap",572008,Depression,107,98
2447,2448,P2448-8404-2,Riya Mani,1984-04-16,41,Female,B+,23.6,"04/67, Sidhu Circle",560208,Epilepsy,89,49
2448,2449,P2449-9308-1,Indrans Chaudhuri,1993-08-09,31,Male,O+,23.0,"H.No. 58
Bhavsar Circle",570009,Epilepsy,83,79
2449,2450,P2450-8305-2,Tara Swaminathan,1983-05-05,42,Female,O+,21.6,"H.No. 60, Khanna Chowk",561004,Sleep Apnea,69,54
2450,2451,P2451-5504-1,Devansh Issac,1955-04-29,70,Male,O+,26.8,"47, Iyer Ganj",560012,Dementia,121,12
2451,2452,P2452-8805-2,Dhanush Kumer,1988-05-25,37,Female,O+,22.7,"78/48, Shenoy",560015,Gout,80,15
2452,2453,P2453-6702-1,Bhamini Dasgupta,1967-02-14,58,Male,B+,24.9,"44/564
Hari Chowk",572003,Heart Disease,102,93
2453,2454,P2454-9006-1,Shray Varghese,1990-06-28,35,Male,O+,28.0,"619
Bansal Chowk",572007,Gout,133,97
2454,2455,P2455-8106-1,Amira Majumdar,1981-06-25,44,Male,A+,24.6,"21/730
Sodhi",570007,Epilepsy,99,77
2455,2456,P2456-9710-2,Akarsh Sankar,1997-10-07,27,Female,O-,24.8,"H.No. 87, Thaman Street",560018,Asthma,101,18
2456,2457,P2457-8312-2,Shayak Warrior,1983-12-17,41,Female,O+,24.1,"98/410
Gara Path",560201,Osteoporosis,94,42
2457,2458,P2458-4906-2,Vritika Bhavsar,1949-06-20,76,Female,O+,25.2,"07/35, Karnik Path",572005,Hypertension,105,95
2458,2459,P2459-8904-2,Miraan Char,1989-04-17,36,Female,B+,23.8,"73/506, Karan Street",561009,Hypertension,91,59
2459,2460,P2460-8511-1,Dhanuk Dhaliwal,1985-11-20,39,Male,A+,22.6,"H.No. 707
Sama",560107,Diabetes,79,38
2460,2461,P2461-5208-1,Mehul Wable,1952-08-03,72,Male,B-,22.1,"H.No. 625, Sampath Ganj",560026,Epilepsy,74,26
2461,2462,P2462-8608-2,Devansh Edwin,1986-08-11,38,Female,B+,19.8,"29
Kapoor Ganj",561008,Asthma,51,58
2462,2463,P2463-4906-2,Tanya Hayre,1949-06-18,76,Female,O-,26.3,"27/420, Sanghvi Marg",570005,Heart Disease,116,75
2463,2464,P2464-0407-1,Sana Dugar,2004-07-03,21,Male,A+,25.3,"302, Borra Nagar",560207,Depression,106,48
2464,2465,P2465-9405-2,Advik Chand,1994-05-28,31,Female,B+,26.0,"H.No. 770
Chaudhuri Nagar",560105,Sleep Apnea,113,36
2465,2466,P2466-8105-1,Onkar Karpe,1981-05-15,44,Male,AB+,24.7,"H.No. 94, Basu Ganj",572008,Healthy,100,98
2466,2467,P2467-7908-1,Krish Wagle,1979-08-03,45,Male,O+,25.0,"H.No. 21
Srivastava Zila",560017,Osteoporosis,103,17
2467,2468,P2468-9102-2,Akarsh Thaker,1991-02-07,34,Female,A+,22.0,"08/55
Bera Chowk",560021,Hypertension,73,21
2468,2469,P2469-4106-2,Anahi Shankar,1941-06-29,84,Female,A+,24.1,"H.No. 74, Rajan",560004,Gout,94,4
2469,2470,P2470-7601-1,Mamooty Chadha,1976-01-09,49,Male,A-,25.4,"320
De Zila",572009,Healthy,107,99
2470,2471,P2471-7105-1,Abram Kant,1971-05-20,54,Male,B+,24.2,"87
Kaur Ganj",560105,Hypertension,95,36
2471,2472,P2472-9211-1,Reyansh Bajwa,1992-11-11,32,Male,A+,21.8,"801
Bir Zila",572001,Heart Disease,71,91
2472,2473,P2473-7904-1,Hansh Anand,1979-04-13,46,Male,O+,24.1,"H.No. 55, Krish Circle",560205,Heart Disease,94,46
2473,2474,P2474-8602-2,Dishani Grover,1986-02-15,39,Female,B+,20.7,"48/71
Agate Street",570005,Hypertension,60,75
2474,2475,P2475-6201-2,Armaan Loke,1962-01-20,63,Female,O+,24.3,"43/659, Badal Street",560005,Asthma,96,5
2475,2476,P2476-4007-2,Nirvaan Taneja,1940-07-01,85,Female,O+,20.7,"08/456
Sachdeva Path",560009,Gout,60,9
2476,2477,P2477-5206-2,Aniruddh Bumb,1952-06-11,73,Female,A+,23.4,"48/038
Gara Nagar",570005,Dementia,87,75
2477,2478,P2478-5802-1,Dharmajan Aggarwal,1958-02-20,67,Male,O+,23.5,"810
Vig Chowk",560200,Asthma,88,41
2478,2479,P2479-9808-2,Dharmajan Bir,1998-08-08,26,Female,O-,20.1,"78/32
Mallick Ganj",562006,Healthy,54,66
2479,2480,P2480-4712-1,Mamooty Shere,1947-12-18,77,Male,AB+,23.2,"89/479, Sangha",572008,Sleep Apnea,85,98
2480,2481,P2481-6111-2,Nehmat Mall,1961-11-05,63,Female,A+,25.0,"H.No. 778
Ramanathan Street",560202,Hypertension,103,43
2481,2482,P2482-9604-2,Manjari Sehgal,1996-04-01,29,Female,O+,26.2,"H.No. 52
Swamy Ganj",560107,Epilepsy,115,38
2482,2483,P2483-0512-1,Riaan Deshpande,2005-12-09,19,Male,B+,24.2,"07/836, Sood Ganj",560204,Sleep Apnea,95,45
2483,2484,P2484-7709-1,Oorja Johal,1977-09-15,47,Male,O+,22.6,"H.No. 396, Contractor Path",560007,Asthma,79,7
2484,2485,P2485-8911-2,Lakshit Yogi,1989-11-28,35,Female,O+,25.6,"979, Walla",560209,Depression,109,50
2485,2486,P2486-8207-1,Jiya Dubey,1982-07-21,42,Male,O+,23.9,"H.No. 927, Bahl Zila",572002,Depression,92,92
2486,2487,P2487-9506-2,Indrans Konda,1995-06-03,30,Female,AB+,24.8,"20/184
Ravi Chowk",560001,Depression,101,1
2487,2488,P2488-5905-1,Vedika Badal,1959-05-10,66,Male,O+,24.8,"H.No. 18
Tripathi Road",561010,Epilepsy,101,60
2488,2489,P2489-6201-1,Lakshit Date,1962-01-11,63,Male,O+,22.0,"58/49
Chad Marg",560008,Osteoporosis,73,8
2489,2490,P2490-5005-2,Zain Bhasin,1950-05-29,75,Female,B+,28.2,"H.No. 708, Chadha Ganj",560102,Dementia,135,33
2490,2491,P2491-6312-2,Mehul Bala,1963-12-31,61,Female,O+,26.3,"50/739, Gaba Nagar",570004,Depression,116,74
2491,2492,P2492-8410-2,Ojas Chatterjee,1984-10-18,40,Female,O+,26.9,"72/804, Rajan Street",560028,Diabetes,122,28
2492,2493,P2493-6503-1,Onkar Devan,1965-03-19,60,Male,O+,24.9,"739, Dubey Marg",572005,Hypertension,102,95
2493,2494,P2494-4112-2,Saira Sandhu,1941-12-28,83,Female,O-,20.1,"H.No. 366
Badal Marg",571008,Heart Disease,54,88
2494,2495,P2495-4105-2,Sara Mannan,1941-05-07,84,Female,B+,24.3,"H.No. 819
Bir Road",560203,Dementia,96,44
2495,2496,P2496-4010-1,Jayesh Venkataraman,1940-10-01,84,Male,A+,23.0,"H.No. 076, Goda Street",572010,Diabetes,83,100
2496,2497,P2497-5608-1,Sahil Gole,1956-08-12,68,Male,B+,23.7,"H.No. 249, Venkataraman Zila",560203,Diabetes,90,44
2497,2498,P2498-4003-2,Amani Banik,1940-03-28,85,Female,O+,22.5,"H.No. 56, Kade Marg",570005,Sleep Apnea,78,75
2498,2499,P2499-4306-2,Navya Venkataraman,1943-06-13,82,Female,B+,23.3,"514, Sur Circle",560101,Epilepsy,86,32
2499,2500,P2500-7407-2,Baiju Yogi,1974-07-20,50,Female,O+,26.2,"H.No. 804, Shah Ganj",560209,Sleep Apnea,115,50
2500,2501,P2501-7606-1,Mohanlal Dar,1976-06-03,49,Male,A+,24.8,"210, Date",562009,Healthy,101,69
2501,2502,P2502-7902-2,Lavanya Salvi,1979-02-26,46,Female,A+,24.5,"42
Chadha Ganj",560016,Diabetes,98,16
2502,2503,P2503-0104-2,Riya Anand,2001-04-26,24,Female,O+,25.6,"H.No. 685
Dalal Road",560009,Gout,109,9
2503,2504,P2504-4809-2,Dhruv Zacharia,1948-09-13,76,Female,O+,22.7,"H.No. 76
Kaur",562001,Osteoporosis,80,61
2504,2505,P2505-7306-1,Kartik Sundaram,1973-06-27,52,Male,AB+,25.7,"H.No. 552, Mann Zila",560021,Osteoporosis,110,21
2505,2506,P2506-4410-1,Advika Loke,1944-10-13,80,Male,A-,20.5,"729
Ganesan Road",560206,Asthma,58,47
2506,2507,P2507-9310-2,Siya Gill,1993-10-16,31,Female,B+,24.5,"H.No. 29, Subramanian Zila",572006,Healthy,98,96
2507,2508,P2508-9102-2,Saira Ramachandran,1991-02-11,34,Female,O+,23.9,"H.No. 276
Jayaraman Nagar",560100,Diabetes,92,31
2508,2509,P2509-8508-2,Indrajit Seth,1985-08-29,39,Female,O-,24.7,"H.No. 35
Khanna Path",560001,Depression,100,1
2509,2510,P2510-5507-2,Onkar Chaudhry,1955-07-10,70,Female,AB+,28.0,"83/819, Kari Road",562006,Heart Disease,133,66
2510,2511,P2511-9411-2,Kavya Chowdhury,1994-11-09,30,Female,O-,22.3,"516, Mandal Chowk",560010,Depression,76,10
2511,2512,P2512-0308-2,Misha Divan,2003-08-16,21,Female,O+,22.7,"87/47, Gara Zila",561007,Depression,80,57
2512,2513,P2513-8603-1,Uthkarsh Rout,1986-03-21,39,Male,O+,24.7,"01, Thakkar Nagar",560007,Sleep Apnea,100,7
2513,2514,P2514-0209-1,Dishani Hegde,2002-09-03,22,Male,AB+,24.4,"65/04, Chahal Ganj",560013,Hypertension,97,13
2514,2515,P2515-4301-1,Kiaan Gola,1943-01-10,82,Male,B+,25.8,"33, Shah Ganj",560206,Dementia,111,47
2515,2516,P2516-7205-1,Bhamini Dey,1972-05-04,53,Male,AB+,22.5,"H.No. 031
Mani Path",571009,Dementia,78,89
2516,2517,P2517-5312-1,Hansh Hari,1953-12-02,71,Male,O+,23.7,"H.No. 25
Banerjee Circle",572010,Hypertension,90,100
2517,2518,P2518-5002-2,Prerak Bhatia,1950-02-01,75,Female,B+,23.0,"04/39
Thaker Circle",560024,Diabetes,83,24
2518,2519,P2519-4511-1,Raunak Tak,1945-11-29,79,Male,B-,24.3,"69/70
Bakshi Nagar",560010,Sleep Apnea,96,10
2519,2520,P2520-7506-2,Shlok Buch,1975-06-20,50,Female,A+,23.3,"H.No. 33, Savant Street",572002,Osteoporosis,86,92
2520,2521,P2521-7705-2,Anay Balakrishnan,1977-05-31,48,Female,O+,23.5,"H.No. 26
Kakar Nagar",571001,Hypertension,88,81
2521,2522,P2522-7012-1,Nehmat Kapoor,1970-12-28,54,Male,O+,26.1,"53/436, Hans Ganj",560004,Heart Disease,114,4
2522,2523,P2523-9603-2,Adira Ratti,1996-03-15,29,Female,O+,21.9,"69/80
Bhatia Zila",560018,Diabetes,72,18
2523,2524,P2524-5203-1,Drishya Saini,1952-03-16,73,Male,O+,22.3,"61/60
Balakrishnan Ganj",572003,Dementia,76,93
2524,2525,P2525-8809-1,Tushar Varty,1988-09-20,36,Male,AB+,25.4,"93/80
Sidhu Chowk",560002,Dementia,107,2
2525,2526,P2526-7508-1,Vidur Iyer,1975-08-19,49,Male,B+,24.2,"51/26
Handa Path",570010,Depression,95,80
2526,2527,P2527-7208-2,Mohanlal Hans,1972-08-07,52,Female,O+,22.8,"76/87, Ratti Chowk",560020,Osteoporosis,81,20
2527,2528,P2528-9012-2,Lagan Subramanian,1990-12-13,34,Female,A+,29.3,"71
Char Road",560103,Diabetes,146,34
2528,2529,P2529-5305-2,Himmat Bora,1953-05-27,72,Female,O+,23.3,"H.No. 23
Raval Road",560018,Hypertension,86,18
2529,2530,P2530-7006-2,Samar Sengupta,1970-06-17,55,Female,O-,24.7,"88, Swaminathan Circle",570003,Epilepsy,100,73
2530,2531,P2531-4409-1,Manikya Madan,1944-09-29,80,Male,O-,23.4,"18/583, Shah",561004,Asthma,87,54
2531,2532,P2532-9409-2,Yashvi Thaman,1994-09-30,30,Female,A+,25.6,"H.No. 914
Halder Ganj",570009,Osteoporosis,109,79
2532,2533,P2533-5212-2,Vanya Bakshi,1952-12-08,72,Female,A+,23.2,"H.No. 35
Choudhury Path",560204,Healthy,85,45
2533,2534,P2534-5108-2,Mamooty Krishnamurthy,1951-08-08,73,Female,B+,28.8,"H.No. 089, Tailor Nagar",562010,Osteoporosis,141,70
2534,2535,P2535-0007-2,Hunar Randhawa,2000-07-30,24,Female,B+,23.8,"307
Lalla Nagar",571001,Asthma,91,81
2535,2536,P2536-0308-2,Onkar Banik,2003-08-26,21,Female,O+,23.0,"H.No. 641
Chaudhry Street",562008,Epilepsy,83,68
2536,2537,P2537-4512-2,Farhan Sankaran,1945-12-27,79,Female,O+,21.8,"20/478, Chadha Nagar",560001,Hypertension,71,1
2537,2538,P2538-4403-1,Samiha Rege,1944-03-13,81,Male,O+,24.1,"849, Ramesh Chowk",560008,Sleep Apnea,94,8
2538,2539,P2539-9312-1,Ira Dara,1993-12-21,31,Male,O+,26.0,"88
Dutt Ganj",572002,Asthma,113,92
2539,2540,P2540-4304-2,Faiyaz Dara,1943-04-13,82,Female,B+,20.9,"83
Gade Chowk",562007,Hypertension,62,67
2540,2541,P2541-8703-1,Veer Din,1987-03-24,38,Male,O+,22.2,"68/293
Bahri Chowk",561007,Depression,75,57
2541,2542,P2542-4605-1,Nishith Basak,1946-05-14,79,Male,A-,24.1,"H.No. 250
Deol Nagar",571001,Epilepsy,94,81
2542,2543,P2543-0108-2,Anaya Kapur,2001-08-31,23,Female,AB+,20.7,"H.No. 12, Subramanian Road",560203,Hypertension,60,44
2543,2544,P2544-0504-1,Samaira Varty,2005-04-20,20,Male,O+,20.4,"30/611
Ratti Road",571004,Dementia,57,84
2544,2545,P2545-6506-2,Amira Gara,1965-06-06,60,Female,A-,25.5,"897
Chawla Circle",560205,Depression,108,46
2545,2546,P2546-7206-1,Amira Bir,1972-06-23,53,Male,A+,24.0,"19/33
Bera Circle",560009,Healthy,93,9
2546,2547,P2547-5601-1,Eshani Basak,1956-01-02,69,Male,O+,25.3,"852, Din Zila",562001,Healthy,106,61
2547,2548,P2548-6211-2,Sumer Seth,1962-11-19,62,Female,O-,24.1,"H.No. 073
Loyal Ganj",562003,Heart Disease,94,63
2548,2549,P2549-4610-2,Emir Ratta,1946-10-28,78,Female,B+,28.8,"H.No. 52, Gopal Marg",572010,Diabetes,141,100
2549,2550,P2550-7608-2,Pihu Som,1976-08-13,48,Female,O+,23.6,"905
Kumer",562007,Gout,89,67
2550,2551,P2551-4703-1,Dharmajan Ganesan,1947-03-10,78,Male,O+,23.5,"13/003
Ganesh Chowk",560106,Diabetes,88,37
2551,2552,P2552-7108-2,Vardaniya Rau,1971-08-18,53,Female,O+,24.1,"13/907
Sama Marg",561007,Sleep Apnea,94,57
2552,2553,P2553-9312-1,Amira Bal,1993-12-07,31,Male,A-,25.5,"H.No. 917, Chaudhry Street",570002,Sleep Apnea,108,72
2553,2554,P2554-7412-2,Lakshay Sheth,1974-12-15,50,Female,O+,27.5,"H.No. 50, Ahuja Zila",560109,Healthy,128,40
2554,2555,P2555-7610-2,Farhan Ahuja,1976-10-11,48,Female,B+,20.6,"H.No. 95, Hegde Marg",560026,Asthma,59,26
2555,2556,P2556-8310-2,Zeeshan Mallick,1983-10-18,41,Female,O+,20.7,"320
Wali Street",571007,Osteoporosis,60,87
2556,2557,P2557-9001-1,Fateh De,1990-01-04,35,Male,O+,22.9,"996, Johal Circle",572008,Healthy,82,98
2557,2558,P2558-5710-1,Mohanlal Ghosh,1957-10-18,67,Male,O+,24.5,"87, Sood Marg",571007,Epilepsy,98,87
2558,2559,P2559-4206-2,Ryan Bala,1942-06-11,83,Female,A+,21.0,"H.No. 372, Kaul Nagar",562004,Epilepsy,63,64
2559,2560,P2560-9907-2,Sahil Jhaveri,1999-07-22,25,Female,O+,27.5,"68/92
Virk Ganj",571001,Depression,128,81
2560,2561,P2561-5805-2,Nirvi Mandal,1958-05-22,67,Female,B+,23.1,"33/14, Thaker Zila",560006,Hypertension,84,6
2561,2562,P2562-8212-1,Kavya Krishnan,1982-12-10,42,Male,B+,23.7,"42, Divan Ganj",560104,Epilepsy,90,35
2562,2563,P2563-8811-2,Amani Aurora,1988-11-26,36,Female,O+,24.0,"51/280, Tandon Circle",560019,Osteoporosis,93,19
2563,2564,P2564-6911-1,Samaira Din,1969-11-12,55,Male,O+,23.3,"49, Chaudhary Chowk",560101,Osteoporosis,86,32
2564,2565,P2565-4912-1,Aarush Varkey,1949-12-03,75,Male,A+,24.4,"50, Arya Path",570009,Hypertension,97,79
2565,2566,P2566-4710-1,Jayan Ram,1947-10-29,77,Male,B-,27.1,"24/06
Krishna Street",560200,Heart Disease,124,41
2566,2567,P2567-8706-1,Zara Kala,1987-06-15,38,Male,A-,26.6,"196
Rau Nagar",570007,Dementia,119,77
2567,2568,P2568-4905-2,Tushar Kalita,1949-05-29,76,Female,B-,24.1,"01/298, Shere",570010,Asthma,94,80
2568,2569,P2569-5710-1,Vidur Singh,1957-10-14,67,Male,B+,21.1,"H.No. 82, Bassi Nagar",560030,Osteoporosis,64,30
2569,2570,P2570-7606-1,Himmat Mahajan,1976-06-24,49,Male,O+,24.5,"H.No. 806
Khosla Path",560204,Osteoporosis,98,45
2570,2571,P2571-5304-2,Samarth Basak,1953-04-04,72,Female,A+,22.6,"788, Sunder Ganj",560103,Osteoporosis,79,34
2571,2572,P2572-5006-1,Anya Gara,1950-06-19,75,Male,O+,25.4,"38/63
Upadhyay Path",560012,Hypertension,107,12
2572,2573,P2573-7207-2,Mishti Ghosh,1972-07-07,53,Female,O+,23.6,"H.No. 14, Bajwa Circle",560030,Heart Disease,89,30
2573,2574,P2574-5302-1,Suhana Mane,1953-02-06,72,Male,O+,23.8,"61, Dash Road",560023,Osteoporosis,91,23
2574,2575,P2575-8608-2,Madhav Dubey,1986-08-14,38,Female,B-,23.9,"93
Lal Chowk",560102,Hypertension,92,33
2575,2576,P2576-0003-2,Arhaan Bandi,2000-03-06,25,Female,O+,21.8,"32/51
Guha Ganj",561007,Epilepsy,71,57
2576,2577,P2577-8005-2,Lavanya Ram,1980-05-21,45,Female,O+,21.9,"67, Gulati Chowk",560019,Heart Disease,72,19
2577,2578,P2578-5101-2,Saanvi Aurora,1951-01-18,74,Female,B-,24.5,"H.No. 78
Edwin Zila",570010,Sleep Apnea,98,80
2578,2579,P2579-7005-1,Taimur Dasgupta,1970-05-03,55,Male,O+,23.9,"86/914
Arora Zila",560005,Depression,92,5
2579,2580,P2580-6108-1,Biju Goda,1961-08-16,63,Male,O+,27.1,"H.No. 191, Bajaj Path",560015,Epilepsy,124,15
2580,2581,P2581-9812-1,Lakshit Shankar,1998-12-31,26,Male,A+,25.3,"51, Dani Marg",561001,Asthma,106,51
2581,2582,P2582-6804-2,Sahil Bora,1968-04-02,57,Female,O+,21.6,"10/93, Gola Path",560006,Osteoporosis,69,6
2582,2583,P2583-8309-1,Fateh Krishnamurthy,1983-09-10,41,Male,O+,24.0,"64/802, Thaman Marg",560016,Gout,93,16
2583,2584,P2584-0212-2,Abram Soni,2002-12-17,22,Female,O+,26.3,"39
Dutta Road",562004,Asthma,116,64
2584,2585,P2585-6603-2,Pihu Devan,1966-03-05,59,Female,A+,20.8,"57, Johal Path",571003,Epilepsy,61,83
2585,2586,P2586-9312-2,Sahil Bhatti,1993-12-08,31,Female,O+,23.7,"H.No. 488, Setty Chowk",572005,Epilepsy,90,95
2586,2587,P2587-9812-2,Kabir Batta,1998-12-22,26,Female,A+,23.3,"H.No. 95, Lata Nagar",560020,Diabetes,86,20
2587,2588,P2588-8008-2,Himmat Johal,1980-08-27,44,Female,A-,21.9,"448, Mallick Marg",560002,Healthy,72,2
2588,2589,P2589-5809-2,Jhanvi Chahal,1958-09-27,66,Female,O+,23.1,"H.No. 650, Mand Ganj",560002,Diabetes,84,2
2589,2590,P2590-4711-2,Parinaaz Gulati,1947-11-11,77,Female,O+,25.8,"H.No. 07, Shan Road",562006,Healthy,111,66
2590,2591,P2591-4903-2,Dharmajan Kar,1949-03-05,76,Female,A+,24.4,"031, Konda Street",561010,Healthy,97,60
2591,2592,P2592-4608-1,Shalv Chauhan,1946-08-06,78,Male,B+,24.1,"40/36, D’Alia Road",560109,Asthma,94,40
2592,2593,P2593-8910-1,Akarsh Khurana,1989-10-12,35,Male,O+,26.8,"H.No. 36
Deol Zila",560012,Epilepsy,121,12
2593,2594,P2594-7507-1,Kanav Doshi,1975-07-13,50,Male,A+,24.3,"H.No. 484, Tak Chowk",572001,Depression,96,91
2594,2595,P2595-0205-2,Dishani Kumer,2002-05-03,23,Female,AB+,20.8,"23/12, Grewal Nagar",560015,Gout,61,15
2595,2596,P2596-6108-2,Dhruv Wagle,1961-08-25,63,Female,A+,22.3,"33/10, Chanda Street",560001,Healthy,76,1
2596,2597,P2597-4801-1,Madhup D’Alia,1948-01-21,77,Male,O+,26.0,"H.No. 86
Bandi Zila",560103,Dementia,113,34
2597,2598,P2598-7901-1,Veer Lad,1979-01-01,46,Male,A-,22.7,"344
Vasa Circle",560022,Diabetes,80,22
2598,2599,P2599-6509-1,Aarav Borah,1965-09-21,59,Male,A+,27.7,"H.No. 702
Tiwari",562001,Gout,130,61
2599,2600,P2600-8609-2,Aarush Sengupta,1986-09-29,38,Female,B-,22.7,"750, Dhaliwal Circle",560205,Dementia,80,46
2600,2601,P2601-6505-2,Tiya Dar,1965-05-08,60,Female,A-,21.5,"37/215
Bhasin",561002,Sleep Apnea,68,52
2601,2602,P2602-8803-2,Ivan Kala,1988-03-18,37,Female,O-,23.2,"84/522
Subramanian Chowk",570007,Hypertension,85,77
2602,2603,P2603-5701-1,Ranbir Hora,1957-01-12,68,Male,B+,25.4,"H.No. 888, Mangal Road",561009,Dementia,107,59
2603,2604,P2604-8901-2,Farhan Kara,1989-01-01,36,Female,A+,23.0,"H.No. 94
Warrior Street",560007,Healthy,83,7
2604,2605,P2605-4606-1,Hazel Karpe,1946-06-20,79,Male,O+,28.3,"H.No. 67
Jhaveri Street",560201,Hypertension,136,42
2605,2606,P2606-6905-1,Rhea Das,1969-05-23,56,Male,B+,25.5,"09/130, Ramanathan Road",560024,Epilepsy,108,24
2606,2607,P2607-0002-2,Aayush Bath,2000-02-27,25,Female,B+,26.5,"H.No. 268, Majumdar Chowk",560002,Heart Disease,118,2
2607,2608,P2608-6905-2,Bhamini Sengupta,1969-05-19,56,Female,A+,27.2,"035
Subramanian Chowk",572009,Asthma,125,99
2608,2609,P2609-5106-2,Pari Tara,1951-06-22,74,Female,O+,28.7,"50/214, Baria Road",560202,Healthy,140,43
2609,2610,P2610-6511-1,Madhav Shah,1965-11-18,59,Male,AB+,21.9,"21/857, Koshy Chowk",560108,Heart Disease,72,39
2610,2611,P2611-7706-2,Kimaya Rama,1977-06-25,48,Female,B+,24.0,"478
Choudhry Marg",560016,Heart Disease,93,16
2611,2612,P2612-8411-2,Amira Saran,1984-11-25,40,Female,O-,23.6,"07/611
Vaidya Road",560016,Sleep Apnea,89,16
2612,2613,P2613-7710-1,Ritvik Yohannan,1977-10-25,47,Male,AB+,21.4,"52/896
Doshi Ganj",560102,Depression,67,33
2613,2614,P2614-6308-2,Shaan Suri,1963-08-29,61,Female,B+,25.1,"23, Dayal Street",560019,Heart Disease,104,19
2614,2615,P2615-5305-1,Mamooty Barad,1953-05-14,72,Male,O+,25.0,"87
Maharaj Street",570009,Gout,103,79
2615,2616,P2616-4901-2,Divij Basak,1949-01-01,76,Female,AB+,22.5,"92/04, Chaudhuri Marg",572001,Asthma,78,91
2616,2617,P2617-6306-2,Aaryahi Deep,1963-06-15,62,Female,O+,24.1,"H.No. 139, Saini Ganj",572003,Osteoporosis,94,93
2617,2618,P2618-8402-1,Aarush Kamdar,1984-02-06,41,Male,O+,23.5,"70/747
Dayal Ganj",570004,Gout,88,74
2618,2619,P2619-8605-1,Arnav Sarma,1986-05-11,39,Male,B+,25.0,"507, Vyas Chowk",572010,Gout,103,100
2619,2620,P2620-5704-1,Vihaan Randhawa,1957-04-12,68,Male,O+,26.2,"02/191, Choudhary Circle",560208,Heart Disease,115,49
2620,2621,P2621-7904-1,Mohanlal Wason,1979-04-14,46,Male,O+,25.0,"91, Kade Marg",560015,Sleep Apnea,103,15
2621,2622,P2622-7512-2,Veer Atwal,1975-12-09,49,Female,O+,23.5,"78/90, Tripathi Road",572005,Depression,88,95
2622,2623,P2623-5401-1,Sara Sathe,1954-01-08,71,Male,B+,18.4,"85
Keer Nagar",560015,Depression,37,15
2623,2624,P2624-8106-2,Shlok Bhandari,1981-06-28,44,Female,O+,28.0,"H.No. 891, Bandi Nagar",571002,Hypertension,133,82
2624,2625,P2625-0506-1,Shayak Mani,2005-06-12,20,Male,O+,24.3,"H.No. 461
Bala Circle",561005,Sleep Apnea,96,55
2625,2626,P2626-9806-2,Kabir Atwal,1998-06-25,27,Female,O+,22.9,"65/41
Dar Road",560109,Dementia,82,40
2626,2627,P2627-6008-1,Yakshit Grewal,1960-08-06,64,Male,O+,24.8,"H.No. 16, Kapur Circle",560004,Osteoporosis,101,4
2627,2628,P2628-0006-1,Uthkarsh Balasubramanian,2000-06-28,25,Male,A+,25.1,"29, Warrior Path",560023,Sleep Apnea,104,23
2628,2629,P2629-8311-1,Tejas Kakar,1983-11-02,41,Male,O+,22.8,"47, Chauhan Ganj",561007,Heart Disease,81,57
2629,2630,P2630-8512-1,Amani Ranganathan,1985-12-09,39,Male,A+,25.1,"H.No. 752
Tella Marg",560205,Healthy,104,46
2630,2631,P2631-6607-1,Gatik De,1966-07-15,59,Male,A+,27.5,"10/94
Kadakia Road",570010,Epilepsy,128,80
2631,2632,P2632-7408-1,Raghav Zachariah,1974-08-10,50,Male,B+,21.7,"711
Sunder Road",562009,Sleep Apnea,70,69
2632,2633,P2633-6506-1,Romil Aurora,1965-06-19,60,Male,O-,22.1,"821, Khosla Marg",571002,Epilepsy,74,82
2633,2634,P2634-8502-1,Vivaan Rattan,1985-02-11,40,Male,B+,25.4,"715
Kari Nagar",560202,Heart Disease,107,43
2634,2635,P2635-5008-1,Seher Deep,1950-08-13,74,Male,O+,22.9,"11, Buch Street",571003,Sleep Apnea,82,83
2635,2636,P2636-8705-2,Arhaan Luthra,1987-05-13,38,Female,O+,23.7,"H.No. 51, Banik",560029,Healthy,90,29
2636,2637,P2637-6408-1,Ritvik Bedi,1964-08-03,60,Male,O+,23.5,"65/04
Yohannan Ganj",560024,Diabetes,88,24
2637,2638,P2638-5301-2,Seher Rastogi,1953-01-31,72,Female,O+,26.4,"H.No. 666, Reddy Nagar",560014,Epilepsy,117,14
2638,2639,P2639-9703-1,Ela Hans,1997-03-19,28,Male,O+,24.8,"67/084
Chacko Street",560203,Diabetes,101,44
2639,2640,P2640-8001-2,Taran Ben,1980-01-22,45,Female,O+,22.5,"38/57
Bora",560101,Sleep Apnea,78,32
2640,2641,P2641-4303-1,Advik Vora,1943-03-17,82,Male,B+,21.1,"H.No. 903, Date Nagar",560021,Sleep Apnea,64,21
2641,2642,P2642-9102-2,Eva Kapadia,1991-02-21,34,Female,AB+,22.7,"H.No. 395
Bassi Circle",560020,Healthy,80,20
2642,2643,P2643-9211-2,Hansh Bedi,1992-11-07,32,Female,O+,19.0,"29/373
Kapadia Chowk",560011,Healthy,43,11
2643,2644,P2644-8912-2,Sahil Yogi,1989-12-17,35,Female,O+,25.4,"98
Verma",560012,Gout,107,12
2644,2645,P2645-9901-2,Kiara Hans,1999-01-21,26,Female,AB+,27.8,"107
Agate Path",560106,Diabetes,131,37
2645,2646,P2646-8811-1,Tejas Dalal,1988-11-13,36,Male,O+,26.0,"68/041
Sangha Marg",560203,Asthma,113,44
2646,2647,P2647-7703-2,Anvi Hora,1977-03-18,48,Female,O+,22.0,"353
Manda Path",560203,Epilepsy,73,44
2647,2648,P2648-7301-1,Azad Chander,1973-01-05,52,Male,A+,24.2,"94/85
Biswas Circle",562007,Hypertension,95,67
2648,2649,P2649-5106-2,Keya Deshmukh,1951-06-29,74,Female,B+,22.2,"H.No. 70, Kata Zila",570009,Gout,75,79
2649,2650,P2650-7010-2,Veer Garg,1970-10-04,54,Female,B-,20.0,"H.No. 522, Gara Nagar",560005,Gout,53,5
2650,2651,P2651-5007-1,Ryan Sheth,1950-07-30,74,Male,O+,23.5,"13/742, Varghese Marg",562005,Osteoporosis,88,65
2651,2652,P2652-9012-1,Nirvaan Sha,1990-12-04,34,Male,B+,21.7,"959, Dhillon Road",571006,Asthma,70,86
2652,2653,P2653-9303-1,Raghav Gill,1993-03-24,32,Male,B+,24.6,"100, Andra Circle",560202,Sleep Apnea,99,43
2653,2654,P2654-8010-2,Nayantara Bhatia,1980-10-09,44,Female,O+,22.3,"50/730, Jayaraman Chowk",561006,Osteoporosis,76,56
2654,2655,P2655-4705-1,Prerak Chander,1947-05-17,78,Male,A+,20.0,"47/800, Bhasin Chowk",560015,Hypertension,53,15
2655,2656,P2656-7112-1,Eshani Wadhwa,1971-12-24,53,Male,B+,26.1,"37
Sur Chowk",560019,Depression,114,19
2656,2657,P2657-5801-1,Rania Bawa,1958-01-08,67,Male,B+,24.6,"42/054, Mani Zila",560207,Depression,99,48
2657,2658,P2658-6712-2,Arhaan Aurora,1967-12-18,57,Female,B+,25.2,"348
Sampath Chowk",562001,Gout,105,61
2658,2659,P2659-9307-1,Divij Subramaniam,1993-07-05,32,Male,O+,24.9,"402, Bawa Chowk",560027,Asthma,102,27
2659,2660,P2660-8512-1,Purab Soman,1985-12-08,39,Male,O+,25.1,"65, Kar Street",560208,Dementia,104,49
2660,2661,P2661-6206-2,Lakshay Chauhan,1962-06-02,63,Female,AB+,23.7,"695, Chanda Path",571005,Osteoporosis,90,85
2661,2662,P2662-6503-2,Vanya Dada,1965-03-24,60,Female,O+,25.3,"H.No. 38
Mahal Marg",560105,Gout,106,36
2662,2663,P2663-5412-2,Saira Singh,1954-12-30,70,Female,A+,24.7,"38/967
Ben Road",560014,Epilepsy,100,14
2663,2664,P2664-9705-2,Ishaan Gopal,1997-05-04,28,Female,B+,23.4,"00, Chada Ganj",570003,Osteoporosis,87,73
2664,2665,P2665-0106-1,Hunar Sharma,2001-06-16,24,Male,O+,25.2,"52/810
Comar Chowk",560001,Diabetes,105,1
2665,2666,P2666-4309-2,Biju Devi,1943-09-15,81,Female,AB+,23.5,"182
Chander Zila",561002,Depression,88,52
2666,2667,P2667-4008-1,Zaina Ben,1940-08-28,84,Male,A-,21.1,"H.No. 01
Dewan Nagar",560007,Asthma,64,7
2667,2668,P2668-0012-2,Aradhya Bedi,2000-12-04,24,Female,AB+,23.2,"H.No. 638
Saini Ganj",571008,Gout,85,88
2668,2669,P2669-8707-1,Kismat Dhingra,1987-07-13,37,Male,AB+,25.1,"85/92
Dugar Road",560023,Sleep Apnea,104,23
2669,2670,P2670-4906-2,Madhup Sant,1949-06-10,76,Female,O+,23.1,"47, Setty Street",560002,Diabetes,84,2
2670,2671,P2671-7005-1,Rhea Hayer,1970-05-05,55,Male,O+,27.8,"03
Sur Road",560101,Dementia,131,32
2671,2672,P2672-5407-2,Hiran Sengupta,1954-07-05,71,Female,B+,20.8,"77/65, Char Street",572002,Dementia,61,92
2672,2673,P2673-4509-2,Saksham Chadha,1945-09-28,79,Female,B+,22.6,"05/08
Divan Path",560027,Epilepsy,79,27
2673,2674,P2674-9107-2,Mohanlal Saraf,1991-07-26,33,Female,O+,24.0,"168
Andra",560015,Diabetes,93,15
2674,2675,P2675-7407-2,Samarth Ahluwalia,1974-07-15,50,Female,O-,22.8,"627
Dass Road",571010,Dementia,81,90
2675,2676,P2676-6707-1,Rhea Walia,1967-07-25,57,Male,A+,23.8,"71
Goel Ganj",560021,Hypertension,91,21
2676,2677,P2677-8601-1,Aniruddh Korpal,1986-01-14,39,Male,O+,24.5,"52/08
Badami Chowk",560107,Epilepsy,98,38
2677,2678,P2678-9412-1,Himmat Choudhry,1994-12-28,30,Male,A+,24.4,"29
Mangal Path",571010,Gout,97,90
2678,2679,P2679-0507-1,Vedika Sha,2005-07-02,20,Male,O+,24.9,"070, Venkataraman Nagar",560101,Hypertension,102,32
2679,2680,P2680-8803-2,Tiya Tripathi,1988-03-14,37,Female,A+,23.8,"624
Sahota Circle",572003,Osteoporosis,91,93
2680,2681,P2681-7403-2,Anvi Lad,1974-03-17,51,Female,O+,24.1,"245, Chawla Circle",561009,Asthma,94,59
2681,2682,P2682-9507-1,Vardaniya Bhagat,1995-07-15,29,Male,A+,22.6,"82/97, Din",560013,Depression,79,13
2682,2683,P2683-6007-1,Reyansh Venkataraman,1960-07-21,64,Male,A+,24.5,"H.No. 84, Rout",560204,Osteoporosis,98,45
2683,2684,P2684-9110-1,Madhav Sibal,1991-10-08,33,Male,O+,21.3,"H.No. 47
Thaker Nagar",560023,Osteoporosis,66,23
2684,2685,P2685-8607-1,Kartik Chahal,1986-07-24,38,Male,O+,26.4,"06/879
Vaidya Marg",572007,Epilepsy,117,97
2685,2686,P2686-6901-2,Yashvi Tak,1969-01-15,56,Female,O+,24.1,"079, Iyengar Street",560016,Epilepsy,94,16
2686,2687,P2687-8001-1,Kimaya Keer,1980-01-27,45,Male,B-,21.7,"054, Choudhury Marg",570003,Depression,70,73
2687,2688,P2688-5511-1,Ishita Issac,1955-11-22,69,Male,O+,27.8,"H.No. 66, Sandal",560027,Diabetes,131,27
2688,2689,P2689-4001-2,Oorja Atwal,1940-01-08,85,Female,O+,24.3,"392, Subramaniam Road",560026,Osteoporosis,96,26
2689,2690,P2690-6909-2,Raghav Sidhu,1969-09-26,55,Female,AB+,27.2,"H.No. 128, Kara Zila",560018,Healthy,125,18
2690,2691,P2691-5711-1,Vihaan Jain,1957-11-12,67,Male,A-,26.6,"H.No. 73, Magar Circle",560021,Sleep Apnea,119,21
2691,2692,P2692-7201-1,Riya Basu,1972-01-03,53,Male,B+,25.8,"043
Lall Nagar",562006,Diabetes,111,66
2692,2693,P2693-5108-1,Yuvraj  Sha,1951-08-21,73,Male,B+,23.2,"82/55, Mahajan Ganj",572008,Diabetes,85,98
2693,2694,P2694-9402-2,Nitya Andra,1994-02-24,31,Female,O+,27.2,"34, Dar Street",570002,Osteoporosis,125,72
2694,2695,P2695-0011-1,Myra Kala,2000-11-02,24,Male,O+,20.2,"H.No. 36
Barad Ganj",571004,Epilepsy,55,84
2695,2696,P2696-4110-2,Damini Choudhary,1941-10-21,83,Female,O+,25.6,"74/728
Barman Road",560106,Asthma,109,37
2696,2697,P2697-5904-1,Nishith Mangat,1959-04-12,66,Male,A-,26.2,"646
Datta Nagar",570002,Gout,115,72
2697,2698,P2698-8611-2,Riya Kala,1986-11-27,38,Female,O+,23.7,"H.No. 285
Kadakia Street",560028,Dementia,90,28
2698,2699,P2699-5912-2,Indranil Sangha,1959-12-26,65,Female,A+,24.3,"66, Biswas Street",560011,Diabetes,96,11
2699,2700,P2700-0412-2,Shayak Varkey,2004-12-27,20,Female,AB+,24.9,"274
Brar Road",562003,Sleep Apnea,102,63
2700,2701,P2701-4008-2,Dharmajan Sen,1940-08-14,84,Female,O+,24.6,"57/73
Raju Zila",571008,Heart Disease,99,88
2701,2702,P2702-4709-2,Tushar Reddy,1947-09-18,77,Female,O+,26.3,"H.No. 252, Sarma Circle",560020,Depression,116,20
2702,2703,P2703-0001-1,Umang Sant,2000-01-28,25,Male,O-,23.4,"H.No. 724, Bhardwaj Path",560022,Depression,87,22
2703,2704,P2704-5301-2,Rohan Dora,1953-01-04,72,Female,O+,24.4,"65/209, Sunder Nagar",560024,Diabetes,97,24
2704,2705,P2705-7009-1,Yasmin Chhabra,1970-09-16,54,Male,O+,27.8,"53/742
Baral Marg",562005,Dementia,131,65
2705,2706,P2706-7806-2,Ivan Gade,1978-06-06,47,Female,O+,24.0,"900, Tandon Zila",560105,Sleep Apnea,93,36
2706,2707,P2707-4801-1,Taran Choudhry,1948-01-18,77,Male,O+,22.9,"81/459
Sha Road",560102,Epilepsy,82,33
2707,2708,P2708-5411-1,Diya Chaudhary,1954-11-19,70,Male,O+,25.1,"H.No. 25, Tailor",560102,Osteoporosis,104,33
2708,2709,P2709-0505-2,Ryan Balakrishnan,2005-05-21,20,Female,O+,26.9,"H.No. 58
Sarkar",561003,Healthy,122,53
2709,2710,P2710-6212-2,Zeeshan Rau,1962-12-27,62,Female,B+,27.9,"662
Dora",560003,Diabetes,132,3
2710,2711,P2711-8406-1,Vardaniya Dugar,1984-06-19,41,Male,O-,26.4,"05/635
Chokshi Chowk",572004,Gout,117,94
2711,2712,P2712-6308-2,Kaira Dutta,1963-08-03,61,Female,O+,24.1,"H.No. 62, Chawla Road",560025,Diabetes,94,25
2712,2713,P2713-9502-2,Nirvi Kata,1995-02-23,30,Female,B+,23.1,"H.No. 997
Soman Nagar",560024,Healthy,84,24
2713,2714,P2714-8104-1,Hansh Sharma,1981-04-29,44,Male,O+,23.2,"H.No. 433
Gara Marg",560018,Depression,85,18
2714,2715,P2715-8705-1,Ivan Kurian,1987-05-08,38,Male,O+,23.4,"121
Khosla Marg",562005,Dementia,87,65
2715,2716,P2716-4106-2,Hansh Bansal,1941-06-26,84,Female,O+,19.3,"88/570
Dugar Nagar",560208,Hypertension,46,49
2716,2717,P2717-4504-2,Inaaya  Acharya,1945-04-06,80,Female,O+,26.4,"H.No. 02
Saraf Path",561004,Asthma,117,54
2717,2718,P2718-6605-2,Mannat Rout,1966-05-25,59,Female,A+,25.8,"81, Gole Ganj",572009,Gout,111,99
2718,2719,P2719-0003-2,Amira Ratta,2000-03-23,25,Female,O+,23.1,"H.No. 700
Ganguly Ganj",570003,Sleep Apnea,84,73
2719,2720,P2720-0007-1,Yashvi Halder,2000-07-08,24,Male,A-,24.5,"H.No. 400
Bhatia Zila",560013,Gout,98,13
2720,2721,P2721-9811-1,Hrishita Sagar,1998-11-18,26,Male,B+,22.5,"H.No. 201
Bawa Ganj",572001,Dementia,78,91
2721,2722,P2722-4405-2,Raunak Sundaram,1944-05-22,81,Female,O+,22.6,"57/30, Chawla Marg",562001,Epilepsy,79,61
2722,2723,P2723-5809-2,Badal Uppal,1958-09-25,66,Female,O+,23.4,"H.No. 805, Babu Chowk",561001,Healthy,87,51
2723,2724,P2724-7904-2,Aarna Dua,1979-04-28,46,Female,O+,23.0,"82/029, Madan Circle",560025,Dementia,83,25
2724,2725,P2725-7605-2,Vardaniya Borra,1976-05-06,49,Female,A-,25.8,"H.No. 645, Char Road",560100,Healthy,111,31
2725,2726,P2726-5105-2,Misha Sagar,1951-05-13,74,Female,A+,23.9,"24, Issac Ganj",570010,Osteoporosis,92,80
2726,2727,P2727-0307-1,Zain Khurana,2003-07-27,21,Male,B+,25.8,"83/41
Khosla Path",560024,Asthma,111,24
2727,2728,P2728-4803-2,Dharmajan Bhatia,1948-03-03,77,Female,B+,25.1,"397
Shenoy Street",561001,Epilepsy,104,51
2728,2729,P2729-8408-2,Riya Dave,1984-08-24,40,Female,AB+,26.4,"89/095
Bala Chowk",560106,Asthma,117,37
2729,2730,P2730-4012-1,Mamooty Golla,1940-12-11,84,Male,O+,22.5,"H.No. 730
Taneja",560016,Dementia,78,16
2730,2731,P2731-6806-1,Zeeshan Tella,1968-06-06,57,Male,B+,24.8,"24/16, Majumdar Street",561002,Asthma,101,52
2731,2732,P2732-7008-2,Gokul Salvi,1970-08-18,54,Female,O+,24.8,"383
Goyal Road",560022,Gout,101,22
2732,2733,P2733-9406-2,Madhup Tripathi,1994-06-08,31,Female,B+,23.1,"826, Luthra Ganj",560021,Sleep Apnea,84,21
2733,2734,P2734-7111-1,Lakshit Chad,1971-11-18,53,Male,A+,28.6,"24/388, Johal Circle",571006,Hypertension,139,86
2734,2735,P2735-6603-1,Vedika Dhawan,1966-03-09,59,Male,AB+,21.6,"161, Walia",572010,Hypertension,69,100
2735,2736,P2736-7406-2,Farhan Wason,1974-06-23,51,Female,O+,26.2,"60, Thakkar Chowk",561006,Sleep Apnea,115,56
2736,2737,P2737-8708-2,Indrans Date,1987-08-16,37,Female,B+,25.0,"299
Garde Chowk",560201,Depression,103,42
2737,2738,P2738-0101-1,Madhup Sami,2001-01-03,24,Male,B+,27.6,"16, Seshadri Chowk",572009,Sleep Apnea,129,99
2738,2739,P2739-9311-1,Anaya Hari,1993-11-13,31,Male,B+,26.5,"25/193
Lalla Street",572010,Healthy,118,100
2739,2740,P2740-6901-2,Kiara Seshadri,1969-01-23,56,Female,O+,21.0,"057
Dube Path",560107,Diabetes,63,38
2740,2741,P2741-9909-2,Lavanya Biswas,1999-09-27,25,Female,O+,27.0,"08/89, Roy Road",560024,Dementia,123,24
2741,2742,P2742-8110-2,Vivaan Gade,1981-10-18,43,Female,O+,23.4,"H.No. 689
Brahmbhatt Nagar",562003,Diabetes,87,63
2742,2743,P2743-7004-2,Lakshay Bhatnagar,1970-04-13,55,Female,B-,25.1,"926
Sabharwal Zila",560010,Dementia,104,10
2743,2744,P2744-4112-1,Kartik Dugal,1941-12-25,83,Male,O+,25.8,"397, Dugar Road",560106,Gout,111,37
2744,2745,P2745-5712-1,Mehul Bora,1957-12-14,67,Male,B+,25.3,"H.No. 667
Dash Chowk",570004,Dementia,106,74
2745,2746,P2746-8707-2,Priyansh Keer,1987-07-29,37,Female,O+,22.3,"74
Doctor Ganj",560205,Dementia,76,46
2746,2747,P2747-7008-2,Rania Anne,1970-08-11,54,Female,O+,23.1,"07/67, Dhaliwal Circle",560002,Healthy,84,2
2747,2748,P2748-5401-1,Divyansh Bhatnagar,1954-01-02,71,Male,B-,25.6,"84/19
Chanda Zila",562006,Dementia,109,66
2748,2749,P2749-8102-1,Manikya Swaminathan,1981-02-13,44,Male,O+,26.7,"36/552
Vala Street",560102,Gout,120,33
2749,2750,P2750-9405-2,Dharmajan Kapoor,1994-05-27,31,Female,O+,21.5,"47, Lal Zila",571009,Sleep Apnea,68,89
2750,2751,P2751-9603-1,Tiya Manda,1996-03-02,29,Male,A+,25.8,"H.No. 435
Mahal Ganj",560100,Osteoporosis,111,31
2751,2752,P2752-9605-1,Riaan Brahmbhatt,1996-05-13,29,Male,B+,23.6,"07
Sachar Zila",570004,Depression,89,74
2752,2753,P2753-0408-1,Nirvaan Ghose,2004-08-23,20,Male,O+,23.0,"H.No. 452, Loke Chowk",560021,Epilepsy,83,21
2753,2754,P2754-9001-1,Aarna Vala,1990-01-09,35,Male,B+,24.3,"493, Borah Chowk",560024,Heart Disease,96,24
2754,2755,P2755-5705-2,Ivana Deshpande,1957-05-12,68,Female,O+,21.3,"43, Gade Nagar",562007,Dementia,66,67
2755,2756,P2756-6803-1,Aarush Dhar,1968-03-26,57,Male,A-,23.3,"280
Sridhar",560014,Healthy,86,14
2756,2757,P2757-8412-1,Dharmajan Chawla,1984-12-13,40,Male,A+,22.2,"H.No. 45
Madan Path",560206,Sleep Apnea,75,47
2757,2758,P2758-7702-2,Lagan Basak,1977-02-05,48,Female,O-,26.0,"H.No. 17, Jayaraman Street",561005,Dementia,113,55
2758,2759,P2759-0311-1,Yashvi Gola,2003-11-03,21,Male,B-,26.9,"H.No. 70, Mangal Marg",560009,Asthma,122,9
2759,2760,P2760-7901-1,Yuvraj  Mammen,1979-01-01,46,Male,B-,26.7,"56/259
Garde Chowk",570006,Dementia,120,76
2760,2761,P2761-8708-1,Ryan Varty,1987-08-30,37,Male,B+,22.0,"H.No. 56, Gera",560029,Healthy,73,29
2761,2762,P2762-4203-1,Nitara Deep,1942-03-27,83,Male,B+,22.9,"262
Bobal Marg",571010,Gout,82,90
2762,2763,P2763-8007-1,Manjari Chakraborty,1980-07-27,44,Male,O+,26.7,"77, Thaker Street",560205,Hypertension,120,46
2763,2764,P2764-5907-2,Yasmin Bansal,1959-07-07,66,Female,A+,22.2,"84, Dutta Ganj",571009,Gout,75,89
2764,2765,P2765-8903-1,Madhav Sridhar,1989-03-28,36,Male,O+,24.8,"H.No. 17
Gala Zila",560202,Epilepsy,101,43
2765,2766,P2766-9809-2,Bhavin Hari,1998-09-30,26,Female,AB+,19.7,"553, Boase Path",560206,Gout,50,47
2766,2767,P2767-5702-2,Vanya Johal,1957-02-10,68,Female,O+,25.1,"90/347, Das Path",561007,Osteoporosis,104,57
2767,2768,P2768-9802-2,Kabir Sandal,1998-02-17,27,Female,B+,25.6,"H.No. 201, Khosla Nagar",572006,Osteoporosis,109,96
2768,2769,P2769-4902-1,Samarth Krishnamurthy,1949-02-06,76,Male,O+,25.6,"H.No. 174, Balan Road",561010,Heart Disease,109,60
2769,2770,P2770-5809-1,Ahana  Kade,1958-09-02,66,Male,B+,25.2,"H.No. 837
Dubey Zila",560030,Osteoporosis,105,30
2770,2771,P2771-8010-2,Charvi Suri,1980-10-21,44,Female,B+,23.9,"076, Chad Road",560208,Depression,92,49
2771,2772,P2772-6605-2,Shamik Kala,1966-05-21,59,Female,B+,22.2,"327
Basak",571005,Asthma,75,85
2772,2773,P2773-5805-1,Vardaniya Yogi,1958-05-03,67,Male,B-,27.3,"38/14, Mander Circle",562006,Depression,126,66
2773,2774,P2774-8801-2,Anaya Tata,1988-01-30,37,Female,O+,23.5,"45/450
Sarraf Chowk",571004,Osteoporosis,88,84
2774,2775,P2775-5309-1,Dishani Walia,1953-09-07,71,Male,O+,22.9,"H.No. 992
Mallick Ganj",571007,Asthma,82,87
2775,2776,P2776-8206-1,Keya Venkataraman,1982-06-26,43,Male,O-,23.2,"72/239, Vora Marg",571007,Dementia,85,87
2776,2777,P2777-7912-1,Tiya Babu,1979-12-28,45,Male,O+,28.9,"H.No. 391, Ratti Zila",571003,Sleep Apnea,142,83
2777,2778,P2778-4505-2,Baiju Bhandari,1945-05-13,80,Female,A-,24.2,"H.No. 01
Shah Chowk",560025,Gout,95,25
2778,2779,P2779-8207-2,Bhavin Boase,1982-07-20,42,Female,B+,26.0,"944, Bains Chowk",571004,Dementia,113,84
2779,2780,P2780-5301-1,Alia Brahmbhatt,1953-01-14,72,Male,B+,20.0,"76, Bobal Nagar",560010,Diabetes,53,10
2780,2781,P2781-5704-2,Sahil Dar,1957-04-09,68,Female,B+,26.0,"318, Chaudry Marg",560208,Depression,113,49
2781,2782,P2782-4909-2,Vardaniya Dhingra,1949-09-23,75,Female,A+,27.9,"72/39
Saraf Road",560007,Osteoporosis,132,7
2782,2783,P2783-6007-2,Dhruv Toor,1960-07-21,64,Female,O+,25.5,"79/040
Chada Zila",562007,Healthy,108,67
2783,2784,P2784-8212-2,Anaya Magar,1982-12-12,42,Female,B+,23.9,"52, Barad Marg",560018,Sleep Apnea,92,18
2784,2785,P2785-8010-1,Ayesha Yadav,1980-10-24,44,Male,A+,23.3,"H.No. 664
Bains Circle",560001,Osteoporosis,86,1
2785,2786,P2786-8402-1,Amira Chandran,1984-02-04,41,Male,A-,24.0,"H.No. 254, Tata Marg",571008,Depression,93,88
2786,2787,P2787-4005-1,Shamik Gopal,1940-05-29,85,Male,O+,25.1,"08/14
Dutt Nagar",561003,Depression,104,53
2787,2788,P2788-4610-2,Shanaya Dugar,1946-10-08,78,Female,A-,21.5,"43, Rao Street",560028,Dementia,68,28
2788,2789,P2789-4308-1,Reyansh Jani,1943-08-09,81,Male,B+,22.8,"81, Raval Street",560029,Diabetes,81,29
2789,2790,P2790-7609-2,Piya Balakrishnan,1976-09-02,48,Female,A+,22.2,"81/90
Tara Circle",572009,Dementia,75,99
2790,2791,P2791-4003-2,Indrans D’Alia,1940-03-26,85,Female,B+,25.1,"593
Khosla Street",570009,Osteoporosis,104,79
2791,2792,P2792-9609-1,Samar Bhasin,1996-09-21,28,Male,B+,26.6,"496, Kothari Nagar",561008,Gout,119,58
2792,2793,P2793-0506-1,Divit Dubey,2005-06-29,20,Male,O+,24.5,"69/03, Bobal Zila",560020,Asthma,98,20
2793,2794,P2794-0504-2,Aarush Khatri,2005-04-26,20,Female,O+,22.2,"983, Dalal Circle",560027,Healthy,75,27
2794,2795,P2795-4112-1,Riya Kalla,1941-12-08,83,Male,O+,23.2,"87/97, Sunder Nagar",560104,Diabetes,85,35
2795,2796,P2796-9409-1,Piya Dora,1994-09-10,30,Male,O+,21.3,"68
Sharaf",562004,Sleep Apnea,66,64
2796,2797,P2797-8411-2,Arhaan Dey,1984-11-15,40,Female,A-,26.7,"H.No. 960, Kalita Nagar",560009,Depression,120,9
2797,2798,P2798-9710-1,Pranay Rama,1997-10-18,27,Male,B+,21.3,"680
Issac",561001,Dementia,66,51
2798,2799,P2799-5010-2,Parinaaz Shah,1950-10-03,74,Female,A+,24.7,"50
Zachariah Chowk",562003,Healthy,100,63
2799,2800,P2800-5302-1,Vardaniya Kala,1953-02-06,72,Male,O+,24.1,"H.No. 626, Vala Marg",572004,Hypertension,94,94
2800,2801,P2801-8805-1,Nehmat Sane,1988-05-29,37,Male,B+,21.5,"95/59
Deshmukh Circle",560007,Healthy,68,7
2801,2802,P2802-0402-1,Dhanush Sodhi,2004-02-22,21,Male,O-,25.3,"35, Vyas Ganj",570007,Dementia,106,77
2802,2803,P2803-8004-1,Suhana Kohli,1980-04-11,45,Male,A-,24.6,"H.No. 90
Behl Chowk",560005,Diabetes,99,5
2803,2804,P2804-0107-2,Khushi Khare,2001-07-23,23,Female,B+,24.0,"816, Bumb Ganj",560024,Heart Disease,93,24
2804,2805,P2805-8805-2,Neelofar Bhatnagar,1988-05-08,37,Female,O+,23.5,"12/64, Bali Street",570009,Healthy,88,79
2805,2806,P2806-0203-2,Dishani Wali,2002-03-22,23,Female,B+,25.0,"92/256
Magar Chowk",560030,Diabetes,103,30
2806,2807,P2807-5407-1,Tanya Ben,1954-07-25,70,Male,O+,24.8,"H.No. 16, Bala Road",560010,Asthma,101,10
2807,2808,P2808-4912-2,Jhanvi Sharma,1949-12-11,75,Female,AB+,25.9,"91/35, Sachar Zila",560017,Depression,112,17
2808,2809,P2809-4105-1,Akarsh Johal,1941-05-04,84,Male,O+,23.0,"91/30, Dasgupta Path",562009,Gout,83,69
2809,2810,P2810-6411-1,Dhruv Comar,1964-11-20,60,Male,O+,23.0,"38/519
Grewal Nagar",572008,Epilepsy,83,98
2810,2811,P2811-5007-2,Mishti Bora,1950-07-19,75,Female,O+,26.2,"H.No. 12
Divan Circle",560100,Epilepsy,115,31
2811,2812,P2812-6406-1,Nehmat Devi,1964-06-30,61,Male,O-,22.2,"68/02
Vala Marg",570007,Gout,75,77
2812,2813,P2813-4606-2,Saksham Sastry,1946-06-25,79,Female,O+,22.1,"25/44, Ravel Circle",571003,Dementia,74,83
2813,2814,P2814-8610-1,Ivan Chaudhuri,1986-10-24,38,Male,O+,22.6,"572, Varty Circle",571004,Diabetes,79,84
2814,2815,P2815-6512-1,Suhana Saini,1965-12-19,59,Male,O+,26.4,"431
Korpal Street",562010,Diabetes,117,70
2815,2816,P2816-7801-2,Priyansh Krishnan,1978-01-23,47,Female,A-,23.3,"06/240, Char Ganj",561003,Asthma,86,53
2816,2817,P2817-7607-1,Hridaan Deshpande,1976-07-29,48,Male,B+,24.8,"H.No. 80, Magar Path",572007,Hypertension,101,97
2817,2818,P2818-5010-1,Anaya Korpal,1950-10-08,74,Male,B+,24.1,"35
Lata Zila",571006,Diabetes,94,86
2818,2819,P2819-4301-1,Vivaan Upadhyay,1943-01-04,82,Male,A+,22.7,"H.No. 628, Ramaswamy Chowk",572010,Gout,80,100
2819,2820,P2820-5007-2,Nirvi Vasa,1950-07-19,75,Female,O+,23.2,"01
Das",570007,Diabetes,85,77
2820,2821,P2821-6012-1,Navya Kunda,1960-12-28,64,Male,O+,21.5,"H.No. 648, Koshy Circle",570001,Heart Disease,68,71
2821,2822,P2822-8008-2,Vedika Shah,1980-08-26,44,Female,B+,22.4,"38/355, Chowdhury Chowk",560200,Gout,77,41
2822,2823,P2823-9604-2,Jivin Mane,1996-04-02,29,Female,A+,25.0,"96/47
Boase Path",560205,Epilepsy,103,46
2823,2824,P2824-4010-2,Ahana  Karpe,1940-10-08,84,Female,B+,26.5,"23/553
Som Circle",561007,Epilepsy,118,57
2824,2825,P2825-5804-1,Pranay Dara,1958-04-06,67,Male,AB+,23.7,"43
Soman Chowk",560005,Hypertension,90,5
2825,2826,P2826-8311-1,Tanya Ratti,1983-11-18,41,Male,B+,23.9,"19, Issac Zila",562004,Sleep Apnea,92,64
2826,2827,P2827-8106-1,Krish Banerjee,1981-06-22,44,Male,O+,25.1,"29, Saini Nagar",571009,Heart Disease,104,89
2827,2828,P2828-4603-1,Ivana Agate,1946-03-01,79,Male,B+,23.9,"37/49
Subramanian Circle",572007,Healthy,92,97
2828,2829,P2829-4205-1,Abram Sood,1942-05-02,83,Male,O-,24.9,"603, Chakrabarti Nagar",560202,Diabetes,102,43
2829,2830,P2830-4205-1,Kavya Dubey,1942-05-01,83,Male,O+,22.4,"85
Walia Zila",560019,Healthy,77,19
2830,2831,P2831-6603-1,Hrishita Sehgal,1966-03-23,59,Male,AB+,27.8,"568
Sinha Zila",561008,Sleep Apnea,131,58
2831,2832,P2832-5812-2,Nitara Devan,1958-12-28,66,Female,B+,25.7,"20/58
Jha Circle",560102,Asthma,110,33
2832,2833,P2833-0101-1,Shayak Tak,2001-01-18,24,Male,O+,24.1,"H.No. 965, Dugar Chowk",560107,Heart Disease,94,38
2833,2834,P2834-4805-1,Ayesha Kumer,1948-05-29,77,Male,O+,24.1,"42
Kanda Chowk",560108,Diabetes,94,39
2834,2835,P2835-4011-2,Miraan Handa,1940-11-28,84,Female,O+,24.5,"H.No. 37
Divan Circle",560026,Asthma,98,26
2835,2836,P2836-8211-2,Ira Lad,1982-11-27,42,Female,AB+,23.6,"84/45, Tata Path",560014,Gout,89,14
2836,2837,P2837-6402-1,Ahana  Sampath,1964-02-14,61,Male,O-,28.3,"20
Banik Circle",570004,Healthy,136,74
2837,2838,P2838-4403-2,Nehmat Kata,1944-03-18,81,Female,B+,22.8,"17/56
Bora Marg",562004,Heart Disease,81,64
2838,2839,P2839-0011-1,Nitya Wable,2000-11-02,24,Male,B-,22.9,"H.No. 488
Som Street",561005,Heart Disease,82,55
2839,2840,P2840-8501-2,Anahita Khare,1985-01-28,40,Female,O+,22.2,"H.No. 17
Bobal Street",560022,Sleep Apnea,75,22
2840,2841,P2841-8602-1,Kavya Buch,1986-02-17,39,Male,B+,24.3,"800
Kala Chowk",562004,Diabetes,96,64
2841,2842,P2842-0305-2,Indrajit Vaidya,2003-05-10,22,Female,O+,24.7,"H.No. 64
Roy Path",570001,Epilepsy,100,71
2842,2843,P2843-8207-1,Gokul Saxena,1982-07-11,43,Male,O+,23.3,"H.No. 789
Sandhu Marg",560021,Gout,86,21
2843,2844,P2844-7503-2,Ishaan Keer,1975-03-27,50,Female,B-,23.1,"H.No. 43
Comar",570008,Diabetes,84,78
2844,2845,P2845-6808-2,Ehsaan Manne,1968-08-30,56,Female,A+,24.7,"24/30, Tandon Road",560005,Dementia,100,5
2845,2846,P2846-4512-1,Kismat Varma,1945-12-24,79,Male,B+,25.9,"00/93, Sinha Path",560018,Healthy,112,18
2846,2847,P2847-6402-1,Advika Ganesh,1964-02-05,61,Male,O+,23.3,"38/804, Jha Ganj",562006,Epilepsy,86,66
2847,2848,P2848-8711-2,Shanaya Bobal,1987-11-18,37,Female,AB-,24.6,"H.No. 380
Iyer Ganj",560024,Gout,99,24
2848,2849,P2849-6708-1,Ayesha Bobal,1967-08-28,57,Male,O+,22.7,"34/75
Mani Ganj",562010,Hypertension,80,70
2849,2850,P2850-4705-2,Farhan Lad,1947-05-12,78,Female,A+,26.9,"03/60
Bhakta",572007,Healthy,122,97
2850,2851,P2851-7904-2,Anahi Bhatnagar,1979-04-18,46,Female,A+,25.0,"16
Rege",572004,Gout,103,94
2851,2852,P2852-4803-2,Onkar Madan,1948-03-23,77,Female,O+,23.5,"67/073, Ram Path",560008,Hypertension,88,8
2852,2853,P2853-7302-1,Shalv Kalla,1973-02-06,52,Male,O+,19.7,"83/12
Manne Road",560104,Heart Disease,50,35
2853,2854,P2854-7908-2,Darshit Ram,1979-08-04,45,Female,AB+,23.7,"32
Mangat Marg",560002,Gout,90,2
2854,2855,P2855-9204-1,Nitya Raval,1992-04-07,33,Male,A+,20.8,"45, Khare Path",560005,Osteoporosis,61,5
2855,2856,P2856-5803-2,Charvi Shenoy,1958-03-15,67,Female,O-,24.6,"99
Mandal",560027,Dementia,99,27
2856,2857,P2857-5907-2,Elakshi Banik,1959-07-11,66,Female,O+,19.9,"53
Upadhyay Street",560021,Dementia,52,21
2857,2858,P2858-9408-1,Lavanya Balakrishnan,1994-08-30,30,Male,O+,21.9,"H.No. 78
Kalla Ganj",560030,Osteoporosis,72,30
2858,2859,P2859-8002-1,Shray Krish,1980-02-26,45,Male,O+,24.8,"88/183, Bose Street",570010,Epilepsy,101,80
2859,2860,P2860-5505-1,Miraan Srinivas,1955-05-20,70,Male,AB+,22.7,"H.No. 22, Deo Path",560103,Sleep Apnea,80,34
2860,2861,P2861-8512-2,Manjari Brar,1985-12-29,39,Female,B-,22.7,"36/065, Sachar Road",560023,Diabetes,80,23
2861,2862,P2862-7701-1,Hridaan Sagar,1977-01-15,48,Male,O+,26.9,"H.No. 846, Bhatt Path",560004,Sleep Apnea,122,4
2862,2863,P2863-0012-2,Nitara Keer,2000-12-17,24,Female,B-,22.7,"H.No. 31, Char Nagar",560102,Osteoporosis,80,33
2863,2864,P2864-9312-1,Eva Sarraf,1993-12-12,31,Male,B+,21.4,"229
Dewan Road",560011,Hypertension,67,11
2864,2865,P2865-0111-2,Tejas Desai,2001-11-22,23,Female,AB+,25.0,"84/98, Chanda Chowk",562008,Sleep Apnea,103,68
2865,2866,P2866-7912-2,Tejas Halder,1979-12-19,45,Female,O+,21.3,"06/51, Sibal Nagar",572008,Hypertension,66,98
2866,2867,P2867-8509-1,Nehmat Rama,1985-09-17,39,Male,AB+,24.8,"H.No. 98, Sastry Zila",560014,Dementia,101,14
2867,2868,P2868-9207-2,Samar Rajan,1992-07-23,32,Female,O+,20.3,"H.No. 220, Kulkarni Chowk",560104,Gout,56,35
2868,2869,P2869-4107-1,Samiha Sarna,1941-07-27,83,Male,B+,24.3,"27, Sheth Road",560023,Depression,96,23
2869,2870,P2870-6312-2,Vritika Gokhale,1963-12-06,61,Female,A+,23.3,"41
Shetty",572001,Hypertension,86,91
2870,2871,P2871-5109-2,Seher Kunda,1951-09-27,73,Female,B-,24.7,"08/389
Swaminathan",562003,Gout,100,63
2871,2872,P2872-9809-2,Adira Sundaram,1998-09-05,26,Female,O+,26.4,"48, Singh Ganj",560015,Depression,117,15
2872,2873,P2873-7011-2,Hunar Kari,1970-11-28,54,Female,B+,23.6,"77/57
Atwal",571010,Dementia,89,90
2873,2874,P2874-9412-2,Rasha Raval,1994-12-11,30,Female,O+,24.2,"H.No. 43, Lala Marg",572003,Sleep Apnea,95,93
2874,2875,P2875-0203-1,Shalv Tella,2002-03-21,23,Male,A+,21.7,"64/74, Savant Road",560025,Dementia,70,25
2875,2876,P2876-6412-1,Darshit Rajagopal,1964-12-29,60,Male,O+,25.0,"16/210, Thakkar",560206,Depression,103,47
2876,2877,P2877-9902-2,Tushar Acharya,1999-02-23,26,Female,A+,21.9,"17
Bajaj Road",560029,Hypertension,72,29
2877,2878,P2878-7702-1,Stuvan Suresh,1977-02-24,48,Male,B+,24.9,"83/04, Sandal Street",570002,Heart Disease,102,72
2878,2879,P2879-7802-1,Sana Madan,1978-02-22,47,Male,B+,25.9,"H.No. 887, D’Alia Marg",562010,Osteoporosis,112,70
2879,2880,P2880-8408-1,Parinaaz Dhillon,1984-08-10,40,Male,O+,25.1,"351, Hegde Street",560023,Diabetes,104,23
2880,2881,P2881-6112-1,Farhan Tripathi,1961-12-16,63,Male,O-,27.8,"428
Devi Zila",560208,Dementia,131,49
2881,2882,P2882-0505-1,Kanav Sandal,2005-05-29,20,Male,B-,26.9,"H.No. 635
Bhatnagar Path",572001,Heart Disease,122,91
2882,2883,P2883-5501-2,Ritvik Dada,1955-01-02,70,Female,A+,21.8,"03/52, Saha Road",561009,Asthma,71,59
2883,2884,P2884-7702-2,Keya Gole,1977-02-26,48,Female,B+,26.9,"40/40
Jhaveri Circle",560201,Asthma,122,42
2884,2885,P2885-5709-1,Hrishita Bhagat,1957-09-11,67,Male,B+,23.8,"25
Sura Zila",572003,Asthma,91,93
2885,2886,P2886-4504-1,Sahil Sastry,1945-04-08,80,Male,O+,20.8,"85/599
Das Circle",560019,Heart Disease,61,19
2886,2887,P2887-7509-2,Mehul Deol,1975-09-09,49,Female,B+,24.6,"H.No. 683, Kalla Zila",560109,Hypertension,99,40
2887,2888,P2888-9602-1,Hridaan Kala,1996-02-02,29,Male,B+,20.2,"H.No. 16
Singhal Zila",560019,Osteoporosis,55,19
2888,2889,P2889-6303-1,Taran Sura,1963-03-07,62,Male,A+,21.1,"80
Kashyap Road",572009,Epilepsy,64,99
2889,2890,P2890-7102-2,Rania Gera,1971-02-15,54,Female,O+,26.8,"53/94, Saha Circle",562002,Healthy,121,62
2890,2891,P2891-7510-2,Ivan Suresh,1975-10-11,49,Female,B+,23.6,"12
Mani Circle",560011,Heart Disease,89,11
2891,2892,P2892-0106-1,Jiya Rajan,2001-06-17,24,Male,A-,26.0,"75/539, Acharya Marg",570008,Osteoporosis,113,78
2892,2893,P2893-8012-1,Rasha Tata,1980-12-25,44,Male,O+,23.0,"94/760
Sunder Street",560204,Diabetes,83,45
2893,2894,P2894-8307-2,Hansh Rajagopal,1983-07-15,41,Female,A+,23.6,"H.No. 990
Bhatti",560103,Osteoporosis,89,34
2894,2895,P2895-4611-2,Ela Ben,1946-11-30,78,Female,O+,24.4,"509, Bahl Path",560201,Hypertension,97,42
2895,2896,P2896-5206-2,Lavanya Rao,1952-06-16,73,Female,A+,24.7,"58/95, Kala Marg",560006,Diabetes,100,6
2896,2897,P2897-8911-2,Ehsaan Kamdar,1989-11-21,35,Female,A+,22.8,"H.No. 082, Mandal Zila",560006,Osteoporosis,81,6
2897,2898,P2898-7310-2,Uthkarsh Bhalla,1973-10-26,51,Female,B+,22.6,"992, Dugar Marg",562009,Hypertension,79,69
2898,2899,P2899-8906-1,Stuvan Dixit,1989-06-20,36,Male,O-,18.9,"144, Chander Zila",560004,Epilepsy,42,4
2899,2900,P2900-0205-1,Dhanuk Kaur,2002-05-22,23,Male,B+,24.2,"75
Saraf Nagar",560028,Epilepsy,95,28
2900,2901,P2901-0007-2,Samiha Bhasin,2000-07-18,24,Female,A-,25.8,"792, Karpe Path",560028,Dementia,111,28
2901,2902,P2902-5406-2,Zeeshan Gola,1954-06-19,71,Female,B+,24.3,"11/88
Krishnan Street",560018,Dementia,96,18
2902,2903,P2903-7211-2,Adah Goyal,1972-11-11,52,Female,O+,20.6,"93/638, Vig",572009,Gout,59,99
2903,2904,P2904-9207-2,Zain Bumb,1992-07-29,32,Female,A+,25.7,"H.No. 32
Raval Circle",560003,Dementia,110,3
2904,2905,P2905-9704-1,Ritvik Singhal,1997-04-15,28,Male,AB+,24.3,"12/098
Yadav Road",560020,Dementia,96,20
2905,2906,P2906-9403-1,Damini Mahal,1994-03-27,31,Male,O+,21.7,"17
Bhatt Marg",560107,Hypertension,70,38
2906,2907,P2907-7306-1,Pari Wable,1973-06-03,52,Male,O+,23.9,"H.No. 280, Madan Marg",561008,Heart Disease,92,58
2907,2908,P2908-0202-1,Dhruv Dhaliwal,2002-02-11,23,Male,O+,24.8,"57, Sami Marg",571005,Osteoporosis,101,85
2908,2909,P2909-4705-1,Romil Ahluwalia,1947-05-18,78,Male,O+,23.3,"15/69, Dhingra Road",560007,Depression,86,7
2909,2910,P2910-5302-1,Vritika Bhatt,1953-02-14,72,Male,O-,20.5,"56/637
Chada Chowk",572001,Dementia,58,91
2910,2911,P2911-5707-1,Anahi Ganesh,1957-07-13,68,Male,B+,23.5,"60/575, Goel Zila",560201,Osteoporosis,88,42
2911,2912,P2912-8506-1,Hridaan Sur,1985-06-01,40,Male,A+,24.4,"H.No. 312
Bhagat Zila",571006,Asthma,97,86
2912,2913,P2913-6309-1,Kartik Contractor,1963-09-07,61,Male,O+,24.3,"45
Chatterjee Ganj",560024,Osteoporosis,96,24
2913,2914,P2914-5912-1,Hridaan Chada,1959-12-12,65,Male,O+,24.1,"093
Dalal Marg",561004,Sleep Apnea,94,54
2914,2915,P2915-6304-1,Elakshi Goel,1963-04-10,62,Male,O+,22.8,"20/953
Subramanian Street",560103,Heart Disease,81,34
2915,2916,P2916-8606-2,Emir Bhagat,1986-06-24,39,Female,B+,24.1,"00, Swamy Zila",561008,Gout,94,58
2916,2917,P2917-6901-1,Ishita Balasubramanian,1969-01-03,56,Male,O+,25.4,"H.No. 62, Sandal Circle",570010,Osteoporosis,107,80
2917,2918,P2918-5912-1,Ela Ravi,1959-12-23,65,Male,O-,21.6,"572, Bhalla Road",571009,Asthma,69,89
2918,2919,P2919-4810-1,Hunar Bhasin,1948-10-19,76,Male,B+,24.1,"H.No. 48
Ratti Circle",570008,Hypertension,94,78
2919,2920,P2920-9603-1,Zara Sahota,1996-03-14,29,Male,O+,21.9,"82/574, Ramakrishnan",560008,Dementia,72,8
2920,2921,P2921-9604-2,Diya Dhar,1996-04-01,29,Female,O+,23.7,"56
Tak Street",560025,Epilepsy,90,25
2921,2922,P2922-9507-1,Ahana  Badami,1995-07-16,29,Male,O+,29.8,"50
Mani Ganj",571010,Depression,151,90
2922,2923,P2923-7210-2,Raunak Kari,1972-10-12,52,Female,O+,26.5,"03/939, Goel Street",572003,Hypertension,118,93
2923,2924,P2924-8001-2,Parinaaz Dada,1980-01-30,45,Female,O-,25.8,"93/57
Luthra Ganj",571009,Asthma,111,89
2924,2925,P2925-5610-1,Myra Tailor,1956-10-14,68,Male,B+,25.3,"56, Arora Circle",571006,Healthy,106,86
2925,2926,P2926-6311-1,Kimaya Bajwa,1963-11-20,61,Male,B+,25.3,"804
Ahluwalia Ganj",560007,Epilepsy,106,7
2926,2927,P2927-6402-2,Damini Vaidya,1964-02-12,61,Female,AB+,27.3,"175
Raja Zila",560202,Osteoporosis,126,43
2927,2928,P2928-8507-2,Hrishita Chawla,1985-07-15,39,Female,B-,24.2,"668, Batta Ganj",560017,Asthma,95,17
2928,2929,P2929-0301-1,Priyansh Badal,2003-01-27,22,Male,B-,23.7,"625
Rattan Nagar",560013,Gout,90,13
2929,2930,P2930-5308-2,Romil Samra,1953-08-01,71,Female,B+,24.8,"H.No. 54, Brar",571002,Heart Disease,101,82
2930,2931,P2931-8908-1,Inaaya  Sundaram,1989-08-21,35,Male,O+,23.4,"H.No. 89
Batta Street",560007,Diabetes,87,7
2931,2932,P2932-6904-1,Taran Garde,1969-04-07,56,Male,AB+,25.6,"09/667
Shan Chowk",560004,Depression,109,4
2932,2933,P2933-6312-2,Damini Sen,1963-12-10,61,Female,O+,23.4,"63
Bala Ganj",571003,Depression,87,83
2933,2934,P2934-0011-2,Baiju Subramaniam,2000-11-19,24,Female,O+,21.7,"825
Ramesh Path",560205,Diabetes,70,46
2934,2935,P2935-4201-1,Fateh Sidhu,1942-01-15,83,Male,O+,21.0,"H.No. 909
Sidhu Road",572008,Gout,63,98
2935,2936,P2936-9110-1,Ranbir Chadha,1991-10-10,33,Male,O-,28.0,"75/391
Kade Street",560028,Heart Disease,133,28
2936,2937,P2937-5808-2,Akarsh Bajwa,1958-08-15,66,Female,A+,20.0,"59
Borra Circle",561007,Epilepsy,53,57
2937,2938,P2938-8101-1,Charvi Setty,1981-01-07,44,Male,B+,23.5,"H.No. 228
Kaur Road",560205,Hypertension,88,46
2938,2939,P2939-7108-2,Yashvi Suresh,1971-08-21,53,Female,O+,25.4,"56/91, Bala Marg",560103,Osteoporosis,107,34
2939,2940,P2940-6403-2,Anaya Shah,1964-03-04,61,Female,A+,25.4,"586
Sahota Ganj",561003,Heart Disease,107,53
2940,2941,P2941-9309-1,Vritika Trivedi,1993-09-13,31,Male,AB+,23.5,"19/90
Dara Street",561008,Healthy,88,58
2941,2942,P2942-7804-1,Stuvan Raj,1978-04-21,47,Male,B+,25.7,"80/289
Karpe Road",560023,Epilepsy,110,23
2942,2943,P2943-0211-1,Nishith Warrior,2002-11-19,22,Male,A+,23.9,"71, Toor",560102,Sleep Apnea,92,33
2943,2944,P2944-7205-2,Seher Savant,1972-05-26,53,Female,B+,23.3,"86/255, Mane Zila",560016,Depression,86,16
2944,2945,P2945-8708-1,Abram Mahajan,1987-08-07,37,Male,O+,23.5,"885, Lanka Ganj",571002,Gout,88,82
2945,2946,P2946-8210-2,Krish Kade,1982-10-30,42,Female,O+,22.6,"709
Contractor Road",560025,Epilepsy,79,25
2946,2947,P2947-9209-1,Amira Thakur,1992-09-26,32,Male,A+,21.7,"28/935
Sodhi Ganj",570001,Healthy,70,71
2947,2948,P2948-4404-1,Zaina Saini,1944-04-11,81,Male,O-,26.5,"60/07, Sen Path",560025,Diabetes,118,25
2948,2949,P2949-8709-2,Gatik Guha,1987-09-17,37,Female,B+,22.5,"59
Kapadia Path",562009,Sleep Apnea,78,69
2949,2950,P2950-7909-2,Aarna Chaudhari,1979-09-03,45,Female,B+,26.2,"38/317
Handa Ganj",570008,Epilepsy,115,78
2950,2951,P2951-5903-1,Yuvraj  Sha,1959-03-26,66,Male,B+,23.6,"87/403
Dhillon Circle",572007,Hypertension,89,97
2951,2952,P2952-8307-1,Nirvaan Luthra,1983-07-28,41,Male,A-,24.2,"050, Issac Marg",560004,Sleep Apnea,95,4
2952,2953,P2953-9204-2,Sumer Khare,1992-04-08,33,Female,AB+,25.0,"H.No. 84, Kaur Path",572004,Heart Disease,103,94
2953,2954,P2954-5804-1,Dhanush Bobal,1958-04-10,67,Male,B+,25.3,"H.No. 891, Dara Zila",560003,Diabetes,106,3
2954,2955,P2955-5307-1,Diya Deo,1953-07-09,72,Male,A+,21.7,"123
Sachdev Nagar",572004,Gout,70,94
2955,2956,P2956-4907-1,Prerak Boase,1949-07-08,76,Male,A+,24.8,"94/88, Arya Circle",560028,Heart Disease,101,28
2956,2957,P2957-9110-1,Yuvraj  Saran,1991-10-20,33,Male,O+,26.2,"10/41
Ramaswamy Nagar",571003,Diabetes,115,83
2957,2958,P2958-8402-1,Nakul Tripathi,1984-02-24,41,Male,B+,24.7,"31/45, Chauhan Marg",560006,Depression,100,6
2958,2959,P2959-6601-2,Heer Shan,1966-01-27,59,Female,A-,25.5,"H.No. 603
Khanna Road",570010,Sleep Apnea,108,80
2959,2960,P2960-9210-2,Manjari Varty,1992-10-04,32,Female,B+,20.0,"375, Baral Zila",570004,Asthma,53,74
2960,2961,P2961-9601-1,Tejas Sekhon,1996-01-15,29,Male,B+,22.5,"74
Date",570006,Epilepsy,78,76
2961,2962,P2962-5505-1,Jayant Chaudhari,1955-05-15,70,Male,O+,28.8,"H.No. 865
Dixit Street",560027,Diabetes,141,27
2962,2963,P2963-5603-2,Lagan Sood,1956-03-25,69,Female,O+,26.8,"94, Karpe Path",560016,Heart Disease,121,16
2963,2964,P2964-4604-2,Ehsaan Lala,1946-04-11,79,Female,B+,21.8,"H.No. 22, Venkataraman Marg",560200,Dementia,71,41
2964,2965,P2965-9812-2,Samar Thaman,1998-12-11,26,Female,O+,25.9,"H.No. 31
Dutta Marg",570003,Epilepsy,112,73
2965,2966,P2966-9404-1,Nakul Thakkar,1994-04-20,31,Male,O+,26.4,"07
Ganesan Marg",570007,Gout,117,77
2966,2967,P2967-6010-2,Myra Uppal,1960-10-11,64,Female,B-,22.6,"851, Goda Zila",560020,Diabetes,79,20
2967,2968,P2968-9702-2,Rania Tak,1997-02-08,28,Female,A+,28.1,"505, Vora Marg",560007,Hypertension,134,7
2968,2969,P2969-5102-1,Ryan Chandra,1951-02-04,74,Male,A+,27.0,"043, Uppal Street",560107,Gout,123,38
2969,2970,P2970-6203-1,Yuvaan Tank,1962-03-20,63,Male,O+,24.5,"75/54
Deep Circle",562004,Gout,98,64
2970,2971,P2971-8201-1,Dhanuk Thakkar,1982-01-16,43,Male,O+,25.6,"H.No. 940
Magar Ganj",560107,Diabetes,109,38
2971,2972,P2972-5712-2,Himmat Krishna,1957-12-02,67,Female,O-,24.2,"90/225
Bhatt Marg",570008,Asthma,95,78
2972,2973,P2973-6506-1,Anay Basak,1965-06-01,60,Male,O+,23.2,"H.No. 869, Sunder Nagar",560012,Sleep Apnea,85,12
2973,2974,P2974-9508-1,Priyansh Buch,1995-08-23,29,Male,B+,24.3,"46, Luthra",561010,Hypertension,96,60
2974,2975,P2975-6506-1,Riya Wason,1965-06-11,60,Male,O+,20.2,"903, Dugar",560029,Diabetes,55,29
2975,2976,P2976-9506-1,Taran Sahota,1995-06-04,30,Male,O-,25.8,"520, Rege Ganj",572004,Dementia,111,94
2976,2977,P2977-6201-1,Kartik Sood,1962-01-22,63,Male,AB+,22.7,"81, Mahal",560103,Epilepsy,80,34
2977,2978,P2978-4211-1,Ranbir Bassi,1942-11-20,82,Male,B+,25.8,"H.No. 726
Dara Circle",560202,Heart Disease,111,43
2978,2979,P2979-7801-1,Nishith Dara,1978-01-30,47,Male,O+,23.2,"H.No. 39, Sule Street",560206,Asthma,85,47
2979,2980,P2980-5801-1,Hansh Devan,1958-01-05,67,Male,A+,21.9,"H.No. 583, Bora Marg",560203,Healthy,72,44
2980,2981,P2981-9802-2,Kismat Bali,1998-02-05,27,Female,AB+,21.9,"H.No. 988, Kara Chowk",560206,Sleep Apnea,72,47
2981,2982,P2982-5506-1,Pranay Karan,1955-06-09,70,Male,O+,20.5,"05/010
Dave Road",560105,Osteoporosis,58,36
2982,2983,P2983-0212-1,Saanvi Kale,2002-12-12,22,Male,B-,24.2,"H.No. 10
Goswami",560200,Sleep Apnea,95,41
2983,2984,P2984-7409-2,Piya Dhawan,1974-09-02,50,Female,A+,25.4,"70/117, Madan",560026,Gout,107,26
2984,2985,P2985-5804-2,Tushar Shroff,1958-04-25,67,Female,AB+,24.7,"H.No. 822, Suri Path",561002,Heart Disease,100,52
2985,2986,P2986-9709-2,Lakshit Deshpande,1997-09-05,27,Female,O+,23.2,"39, Bandi Marg",560021,Healthy,85,21
2986,2987,P2987-4410-1,Nayantara Chaudry,1944-10-13,80,Male,B+,22.2,"H.No. 164, Dhar Circle",561005,Heart Disease,75,55
2987,2988,P2988-0011-2,Ishita Kala,2000-11-11,24,Female,A+,24.3,"H.No. 894, Atwal Circle",561008,Depression,96,58
2988,2989,P2989-6501-1,Nirvaan Dyal,1965-01-06,60,Male,O+,25.5,"13/766
Keer Street",560008,Gout,108,8
2989,2990,P2990-7806-2,Aniruddh Chaudhary,1978-06-17,47,Female,B+,27.4,"H.No. 834
Dugar Ganj",560205,Heart Disease,127,46
2990,2991,P2991-7405-1,Zara Shan,1974-05-20,51,Male,O-,25.4,"63/945, Bhargava Circle",560014,Gout,107,14
2991,2992,P2992-7705-2,Anay Dixit,1977-05-11,48,Female,O+,26.4,"661, Doctor Nagar",561006,Healthy,117,56
2992,2993,P2993-0203-2,Himmat Sagar,2002-03-07,23,Female,B+,25.4,"00/469
Kara Nagar",572007,Heart Disease,107,97
2993,2994,P2994-8605-2,Tiya Soni,1986-05-15,39,Female,B+,23.4,"H.No. 669
Karan",572010,Hypertension,87,100
2994,2995,P2995-5208-1,Tarini Bali,1952-08-23,72,Male,A+,22.5,"94/19
Ramanathan Ganj",571009,Heart Disease,78,89
2995,2996,P2996-6307-1,Rania Sawhney,1963-07-09,62,Male,AB+,22.9,"90/407
Sen Marg",560023,Hypertension,82,23
2996,2997,P2997-9012-2,Kaira Lad,1990-12-02,34,Female,O+,21.2,"89, Sunder Marg",560015,Depression,65,15
2997,2998,P2998-0101-1,Hiran Hayer,2001-01-23,24,Male,O-,25.9,"32/489
Sarin Path",562001,Gout,112,61
2998,2999,P2999-7005-2,Miraya Mangal,1970-05-27,55,Female,B+,24.6,"H.No. 680, Vohra Street",562002,Healthy,99,62
2999,3000,P3000-9002-2,Vardaniya Balan,1990-02-22,35,Female,A+,21.3,"00, Ganesh Road",562005,Sleep Apnea,66,65
3000,3001,P3001-8902-1,Urvi Dada,1989-02-22,36,Male,A+,25.4,"44/61, Kumar Chowk",562006,Diabetes,107,66
3001,3002,P3002-4205-1,Neelofar Sandhu,1942-05-15,83,Male,O+,21.5,"94
Barad",560009,Osteoporosis,68,9
3002,3003,P3003-0101-2,Madhav Thaker,2001-01-13,24,Female,AB+,29.0,"76, Gera",571009,Diabetes,143,89
3003,3004,P3004-6407-2,Anahi Sarraf,1964-07-30,60,Female,A+,22.1,"H.No. 513, Date Road",560103,Depression,74,34
3004,3005,P3005-6905-1,Neysa Shah,1969-05-02,56,Male,B+,24.8,"H.No. 824
Rama",570006,Epilepsy,101,76
3005,3006,P3006-9006-1,Jivika Raval,1990-06-10,35,Male,O+,24.2,"45/324
Tandon Chowk",571003,Dementia,95,83
3006,3007,P3007-6405-1,Sana Saxena,1964-05-27,61,Male,A+,24.5,"39/85, Devi Nagar",560201,Healthy,98,42
3007,3008,P3008-7004-2,Nirvaan Bandi,1970-04-24,55,Female,B+,23.8,"583
Johal Circle",560021,Healthy,91,21
3008,3009,P3009-5506-1,Siya Bal,1955-06-28,70,Male,B+,27.0,"045
Ramaswamy Chowk",571007,Sleep Apnea,123,87
3009,3010,P3010-8211-2,Samiha Hans,1982-11-04,42,Female,O-,24.9,"H.No. 092, Chakraborty Street",560010,Gout,102,10
3010,3011,P3011-5004-1,Badal Banik,1950-04-19,75,Male,O+,23.5,"40/032, Saraf Ganj",560204,Epilepsy,88,45
3011,3012,P3012-7401-1,Jayesh Som,1974-01-24,51,Male,A+,22.5,"32/513
Baral",560023,Healthy,78,23
3012,3013,P3013-5505-2,Misha Rau,1955-05-07,70,Female,O+,25.1,"58/903
Sankar Zila",560013,Dementia,104,13
3013,3014,P3014-5306-2,Riya Gera,1953-06-14,72,Female,O+,25.0,"H.No. 444, Samra Street",560009,Hypertension,103,9
3014,3015,P3015-5101-2,Nirvaan Banerjee,1951-01-23,74,Female,AB+,23.0,"H.No. 76
Sule Zila",560204,Hypertension,83,45
3015,3016,P3016-5607-2,Arnav Agrawal,1956-07-07,69,Female,O-,24.3,"H.No. 265
Dua Road",560015,Heart Disease,96,15
3016,3017,P3017-5006-2,Reyansh Deep,1950-06-30,75,Female,B+,25.6,"10/289
Comar Ganj",561009,Diabetes,109,59
3017,3018,P3018-4709-1,Nayantara Lala,1947-09-28,77,Male,O+,28.7,"699, Virk Circle",561007,Sleep Apnea,140,57
3018,3019,P3019-5106-1,Shlok Kade,1951-06-18,74,Male,B+,25.0,"713, Gour",572002,Diabetes,103,92
3019,3020,P3020-9711-1,Onkar Tella,1997-11-09,27,Male,O-,23.4,"769
Dhaliwal Path",560020,Hypertension,87,20
3020,3021,P3021-5304-2,Lakshay Shanker,1953-04-24,72,Female,B+,25.2,"H.No. 511
Lal Marg",560024,Dementia,105,24
3021,3022,P3022-8112-2,Ivan Aurora,1981-12-02,43,Female,O+,21.2,"68
Sharma Road",560010,Heart Disease,65,10
3022,3023,P3023-7908-2,Navya Contractor,1979-08-04,45,Female,AB+,24.0,"H.No. 978, Yadav",570007,Osteoporosis,93,77
3023,3024,P3024-4702-1,Ojas Bahri,1947-02-05,78,Male,O+,22.6,"91
De Path",560023,Sleep Apnea,79,23
3024,3025,P3025-9311-2,Ritvik Behl,1993-11-05,31,Female,A+,23.1,"75
Butala Ganj",560200,Hypertension,84,41
3025,3026,P3026-8906-2,Adira Issac,1989-06-19,36,Female,O+,25.0,"048
Handa Zila",560004,Sleep Apnea,103,4
3026,3027,P3027-6805-1,Arhaan Vora,1968-05-06,57,Male,O+,23.3,"H.No. 80
Manda Circle",561009,Hypertension,86,59
3027,3028,P3028-8201-1,Tejas Ganesan,1982-01-02,43,Male,O+,24.5,"787, Chaudhary Road",562006,Asthma,98,66
3028,3029,P3029-0501-2,Dhanuk Subramanian,2005-01-25,20,Female,A+,23.1,"H.No. 595
Lal",570006,Osteoporosis,84,76
3029,3030,P3030-7905-2,Himmat Keer,1979-05-26,46,Female,O+,22.8,"133
Batta Ganj",560011,Hypertension,81,11
3030,3031,P3031-0106-1,Nitara Arya,2001-06-06,24,Male,O+,24.2,"H.No. 928, Kothari Marg",560002,Hypertension,95,2
3031,3032,P3032-6708-2,Sana Lall,1967-08-08,57,Female,AB+,26.3,"55/29, Verma Circle",562010,Sleep Apnea,116,70
3032,3033,P3033-9303-2,Priyansh Golla,1993-03-16,32,Female,A+,19.2,"H.No. 365, Dar Path",560106,Osteoporosis,45,37
3033,3034,P3034-6308-1,Stuvan Chand,1963-08-20,61,Male,AB+,24.3,"H.No. 911, Sharma Ganj",572004,Diabetes,96,94
3034,3035,P3035-6209-2,Samarth Dugar,1962-09-19,62,Female,O-,23.8,"00/41
Karan",571008,Depression,91,88
3035,3036,P3036-0307-2,Prerak Mann,2003-07-05,22,Female,B+,25.0,"61
Kunda",560017,Osteoporosis,103,17
3036,3037,P3037-4912-2,Divij Thaker,1949-12-08,75,Female,O+,21.3,"56/10
Dhar Circle",570006,Gout,66,76
3037,3038,P3038-6503-2,Ishita Krishnan,1965-03-20,60,Female,O+,22.8,"79
Gole",571008,Heart Disease,81,88
3038,3039,P3039-0110-2,Ishita Chandran,2001-10-11,23,Female,O+,26.6,"96/265
Toor Marg",562007,Asthma,119,67
3039,3040,P3040-7909-1,Mishti Bajaj,1979-09-20,45,Male,B+,21.9,"679
Trivedi Nagar",562005,Gout,72,65
3040,3041,P3041-6504-2,Samar Joshi,1965-04-26,60,Female,O+,22.6,"H.No. 639, Tiwari Nagar",570007,Epilepsy,79,77
3041,3042,P3042-6902-2,Divij Das,1969-02-23,56,Female,A+,22.4,"07, Kannan Road",562007,Osteoporosis,77,67
3042,3043,P3043-5303-2,Jiya Anne,1953-03-31,72,Female,O+,25.3,"90/20
Ranganathan Ganj",562006,Osteoporosis,106,66
3043,3044,P3044-7503-2,Gatik Raval,1975-03-30,50,Female,O+,29.4,"80/451
Wable Street",560102,Epilepsy,147,33
3044,3045,P3045-0508-2,Anvi Sem,2005-08-17,19,Female,AB+,24.2,"62/09
Gera Zila",561009,Diabetes,95,59
3045,3046,P3046-8002-1,Yuvaan Karpe,1980-02-17,45,Male,A+,23.1,"H.No. 52, Handa Ganj",560017,Sleep Apnea,84,17
3046,3047,P3047-8910-2,Ehsaan Sura,1989-10-21,35,Female,A+,22.4,"H.No. 68, Singh Circle",570003,Epilepsy,77,73
3047,3048,P3048-6006-1,Pihu Raju,1960-06-08,65,Male,B+,23.9,"56/49
Khatri Chowk",560107,Gout,92,38
3048,3049,P3049-0312-1,Madhav Mani,2003-12-13,21,Male,O+,21.9,"52/47, Kumar Circle",560018,Depression,72,18
3049,3050,P3050-6508-2,Tushar Krishnamurthy,1965-08-10,59,Female,O+,22.2,"H.No. 119, Boase Road",560017,Osteoporosis,75,17
3050,3051,P3051-7303-2,Raghav Gala,1973-03-02,52,Female,B-,24.0,"05/22, Bedi Zila",560018,Diabetes,93,18
3051,3052,P3052-6510-1,Himmat Das,1965-10-10,59,Male,A+,27.0,"01/755
Sagar Nagar",572005,Depression,123,95
3052,3053,P3053-7405-1,Yuvaan Wason,1974-05-30,51,Male,O+,23.5,"97/383, Kuruvilla",560202,Heart Disease,88,43
3053,3054,P3054-4505-2,Keya Bassi,1945-05-19,80,Female,AB+,21.8,"548, Sani Ganj",560203,Osteoporosis,71,44
3054,3055,P3055-4606-2,Ayesha Sen,1946-06-26,79,Female,A+,24.0,"98/19, Bhattacharyya Ganj",560206,Gout,93,47
3055,3056,P3056-9402-1,Nehmat Kakar,1994-02-09,31,Male,O+,24.7,"98/807
Choudhry Nagar",560007,Hypertension,100,7
3056,3057,P3057-0010-1,Lagan Bora,2000-10-19,24,Male,O+,21.0,"H.No. 12
Sekhon Nagar",560204,Heart Disease,63,45
3057,3058,P3058-0105-2,Uthkarsh Gala,2001-05-09,24,Female,A+,22.8,"27
Kalita Ganj",570008,Osteoporosis,81,78
3058,3059,P3059-0512-2,Nirvi Ghosh,2005-12-01,19,Female,B+,20.9,"612, Khatri Chowk",572005,Asthma,62,95
3059,3060,P3060-0307-2,Anahita Dubey,2003-07-08,21,Female,B+,23.0,"75/85
Sethi Zila",560202,Asthma,83,43
3060,3061,P3061-0411-1,Akarsh Chacko,2004-11-30,20,Male,O+,25.4,"34, Keer Chowk",562007,Diabetes,107,67
3061,3062,P3062-6005-1,Prerak Shankar,1960-05-27,65,Male,O+,24.0,"367
Thaker Street",562002,Healthy,93,62
3062,3063,P3063-9503-2,Shalv Zacharia,1995-03-31,30,Female,A+,25.6,"203, Gulati Street",562003,Asthma,109,63
3063,3064,P3064-8808-2,Trisha Sane,1988-08-13,36,Female,O-,23.1,"H.No. 86
D’Alia Nagar",560023,Depression,84,23
3064,3065,P3065-9206-1,Vritika Mannan,1992-06-21,33,Male,B-,24.6,"H.No. 17, Ahluwalia Path",562009,Epilepsy,99,69
3065,3066,P3066-9202-1,Kabir Kapoor,1992-02-04,33,Male,O+,22.2,"H.No. 77, Keer",560028,Osteoporosis,75,28
3066,3067,P3067-8605-1,Adah Gaba,1986-05-16,39,Male,A+,20.5,"44/07, Shetty Zila",572005,Heart Disease,58,95
3067,3068,P3068-0504-1,Rania Chauhan,2005-04-24,20,Male,O+,24.4,"H.No. 36
Sule Chowk",561007,Diabetes,97,57
3068,3069,P3069-0301-2,Sara Mani,2003-01-10,22,Female,B+,25.8,"82/263, Dhar Zila",572010,Sleep Apnea,111,100
3069,3070,P3070-6408-2,Shamik Gala,1964-08-22,60,Female,O-,23.1,"H.No. 85, Dua Path",560019,Heart Disease,84,19
3070,3071,P3071-5203-2,Anika Sankaran,1952-03-06,73,Female,O+,23.2,"H.No. 14, Dara Road",560106,Epilepsy,85,37
3071,3072,P3072-5108-1,Adah Arora,1951-08-23,73,Male,A+,21.6,"130
Barman Zila",571010,Gout,69,90
3072,3073,P3073-5204-1,Ehsaan Dhingra,1952-04-14,73,Male,A+,27.5,"H.No. 564, Raval Marg",562008,Healthy,128,68
3073,3074,P3074-4907-1,Renee Bedi,1949-07-28,75,Male,A+,24.1,"54/049, Kumer Nagar",560013,Depression,94,13
3074,3075,P3075-9104-1,Eva Gandhi,1991-04-23,34,Male,O+,23.4,"25
Lall Zila",560023,Gout,87,23
3075,3076,P3076-4502-2,Eshani Gaba,1945-02-25,80,Female,A+,23.0,"49/04, Goswami Road",560005,Depression,83,5
3076,3077,P3077-5711-1,Ryan Saxena,1957-11-18,67,Male,B+,24.2,"H.No. 819, Kuruvilla Marg",560006,Gout,95,6
3077,3078,P3078-9903-2,Ivan Aurora,1999-03-07,26,Female,A+,28.2,"72/674
Arora Circle",562009,Healthy,135,69
3078,3079,P3079-4802-2,Umang Rajagopalan,1948-02-17,77,Female,A+,24.2,"11/36, Varty Nagar",560203,Epilepsy,95,44
3079,3080,P3080-8110-1,Romil Jaggi,1981-10-21,43,Male,O-,22.6,"H.No. 18
Viswanathan",572007,Asthma,79,97
3080,3081,P3081-7508-2,Advika Chaudhry,1975-08-31,49,Female,O+,23.0,"28/80, Gill Nagar",560015,Epilepsy,83,15
3081,3082,P3082-5101-2,Kimaya Dube,1951-01-30,74,Female,AB+,23.3,"68/264
Buch Nagar",570001,Diabetes,86,71
3082,3083,P3083-4411-1,Yasmin Lad,1944-11-10,80,Male,O-,21.2,"H.No. 85
Mahal Zila",572004,Sleep Apnea,65,94
3083,3084,P3084-7208-2,Dharmajan Raju,1972-08-20,52,Female,O+,25.7,"67/51
Mandal",571006,Epilepsy,110,86
3084,3085,P3085-7612-1,Ishaan Buch,1976-12-20,48,Male,AB+,22.1,"68/153
Shanker",560204,Healthy,74,45
3085,3086,P3086-4903-1,Vaibhav Sandal,1949-03-20,76,Male,B+,26.1,"11/983
Mani Ganj",560018,Asthma,114,18
3086,3087,P3087-8506-2,Eva Keer,1985-06-26,40,Female,A+,24.5,"224, Rau Road",560029,Osteoporosis,98,29
3087,3088,P3088-0106-1,Aarna Ranganathan,2001-06-14,24,Male,A+,24.1,"H.No. 82
Gour Ganj",560023,Gout,94,23
3088,3089,P3089-7704-2,Aaryahi Ghose,1977-04-10,48,Female,O+,22.1,"02/085
Anand",570008,Osteoporosis,74,78
3089,3090,P3090-6211-1,Anvi Bhatnagar,1962-11-11,62,Male,B+,27.1,"37
Dayal Road",560104,Osteoporosis,124,35
3090,3091,P3091-4310-1,Rania Bath,1943-10-11,81,Male,B-,22.1,"H.No. 046, Bora Chowk",560004,Depression,74,4
3091,3092,P3092-9901-2,Eva Lall,1999-01-23,26,Female,O-,25.0,"063, Sarma",561001,Heart Disease,103,51
3092,3093,P3093-7204-2,Kabir Chacko,1972-04-18,53,Female,B-,24.7,"H.No. 983, Bajaj",561003,Hypertension,100,53
3093,3094,P3094-0409-1,Trisha Dani,2004-09-08,20,Male,O+,24.4,"499
Krishnan Zila",560107,Healthy,97,38
3094,3095,P3095-5001-2,Abram Balasubramanian,1950-01-29,75,Female,A+,25.8,"H.No. 28
Ramakrishnan Ganj",560022,Gout,111,22
3095,3096,P3096-9003-1,Taimur Randhawa,1990-03-21,35,Male,A-,22.2,"28
Loke Chowk",562004,Asthma,75,64
3096,3097,P3097-5610-2,Mannat Korpal,1956-10-20,68,Female,O+,25.2,"526
Hans Street",560011,Diabetes,105,11
3097,3098,P3098-6906-2,Tushar Bansal,1969-06-12,56,Female,A-,24.6,"04
Mahajan Road",560209,Hypertension,99,50
3098,3099,P3099-9908-2,Aayush Saha,1999-08-22,25,Female,A-,26.2,"52
Lad Zila",562001,Sleep Apnea,115,61
3099,3100,P3100-5809-1,Samar Kala,1958-09-08,66,Male,A+,25.8,"934
Ghose Path",560206,Heart Disease,111,47
3100,3101,P3101-4607-1,Madhup Gokhale,1946-07-31,78,Male,A+,24.2,"019
Lad Circle",560017,Dementia,95,17
3101,3102,P3102-5206-1,Prerak Kaul,1952-06-27,73,Male,O+,26.3,"H.No. 145, Bhatti Zila",560021,Hypertension,116,21
3102,3103,P3103-9004-1,Hrishita Shroff,1990-04-08,35,Male,B+,22.6,"94/682, Rajagopal Nagar",560016,Osteoporosis,79,16
3103,3104,P3104-5404-2,Arnav Chatterjee,1954-04-13,71,Female,O+,22.3,"18/981, Walla Path",560017,Hypertension,76,17
3104,3105,P3105-8711-2,Azad Gole,1987-11-29,37,Female,O+,25.1,"94
Saran Nagar",561001,Depression,104,51
3105,3106,P3106-6812-1,Ehsaan Luthra,1968-12-31,56,Male,A+,23.6,"716, Walla Nagar",560007,Epilepsy,89,7
3106,3107,P3107-5306-2,Manikya Kara,1953-06-03,72,Female,O+,27.1,"H.No. 51
Chopra Circle",560203,Depression,124,44
3107,3108,P3108-9101-2,Raghav Mall,1991-01-16,34,Female,O+,26.6,"537, Chander Zila",571002,Healthy,119,82
3108,3109,P3109-9604-2,Raunak Manda,1996-04-20,29,Female,B+,20.6,"40, Wason Chowk",570001,Depression,59,71
3109,3110,P3110-7306-1,Raghav Korpal,1973-06-18,52,Male,A+,21.4,"H.No. 858
Varkey Street",560006,Hypertension,67,6
3110,3111,P3111-5509-1,Romil Tripathi,1955-09-19,69,Male,A+,25.1,"H.No. 24, Wason Path",561003,Healthy,104,53
3111,3112,P3112-9003-2,Hrishita Bahl,1990-03-27,35,Female,O+,19.6,"60, Jhaveri Nagar",571009,Dementia,49,89
3112,3113,P3113-0302-1,Mannat Agarwal,2003-02-11,22,Male,O+,23.5,"H.No. 020, Sharma",560102,Healthy,88,33
3113,3114,P3114-6903-1,Ivan Rau,1969-03-31,56,Male,AB+,24.9,"79, Gupta Street",562008,Diabetes,102,68
3114,3115,P3115-6205-2,Akarsh Sani,1962-05-10,63,Female,A+,20.0,"H.No. 098, Banerjee Chowk",560025,Asthma,53,25
3115,3116,P3116-6806-2,Shalv Goda,1968-06-13,57,Female,O+,23.3,"248, Jha Circle",561003,Dementia,86,53
3116,3117,P3117-0007-2,Krish Kumar,2000-07-15,24,Female,B-,23.0,"H.No. 298, Chandran Marg",570003,Dementia,83,73
3117,3118,P3118-9303-2,Mannat Suresh,1993-03-16,32,Female,AB+,22.2,"H.No. 085, Kashyap Circle",560010,Osteoporosis,75,10
3118,3119,P3119-8601-2,Pihu Thaman,1986-01-30,39,Female,AB+,23.3,"91, Sandal Street",560100,Dementia,86,31
3119,3120,P3120-6612-2,Miraya Khatri,1966-12-03,58,Female,A+,25.5,"H.No. 15
Madan Zila",560029,Dementia,108,29
3120,3121,P3121-6710-1,Jhanvi Kashyap,1967-10-03,57,Male,B-,21.8,"85, Rattan Path",571004,Gout,71,84
3121,3122,P3122-8908-1,Advik Jaggi,1989-08-30,35,Male,AB+,25.1,"H.No. 606, Kadakia Circle",560017,Diabetes,104,17
3122,3123,P3123-0508-1,Ishaan Gour,2005-08-13,19,Male,AB+,25.0,"H.No. 695, Ramaswamy Nagar",560205,Hypertension,103,46
3123,3124,P3124-8409-2,Armaan Salvi,1984-09-26,40,Female,B+,26.6,"70/384
Bhatia Ganj",561004,Hypertension,119,54
3124,3125,P3125-6711-2,Damini Saran,1967-11-16,57,Female,O+,25.2,"89/56
Tripathi Circle",571006,Gout,105,86
3125,3126,P3126-6902-2,Adira Khatri,1969-02-14,56,Female,A+,25.6,"83
Shetty Chowk",560027,Heart Disease,109,27
3126,3127,P3127-0410-2,Aaryahi Kota,2004-10-10,20,Female,A+,21.8,"H.No. 02
Chokshi Nagar",570007,Depression,71,77
3127,3128,P3128-5706-2,Jayesh Barman,1957-06-22,68,Female,B+,25.5,"57/69
Arora Ganj",571001,Asthma,108,81
3128,3129,P3129-6210-2,Neysa Halder,1962-10-23,62,Female,O+,24.6,"21, Sarma Chowk",560003,Osteoporosis,99,3
3129,3130,P3130-8611-1,Charvi Kannan,1986-11-26,38,Male,O+,22.0,"821, Bala Path",560005,Depression,73,5
3130,3131,P3131-6301-2,Divit Tailor,1963-01-22,62,Female,O+,27.9,"90
Kala Street",560004,Osteoporosis,132,4
3131,3132,P3132-6906-1,Badal Mann,1969-06-22,56,Male,O+,23.2,"H.No. 25, Das Zila",560024,Gout,85,24
3132,3133,P3133-4408-2,Indrans Mammen,1944-08-09,80,Female,B+,27.1,"48/184
Mallick Nagar",560205,Epilepsy,124,46
3133,3134,P3134-6508-1,Yuvraj  Kaur,1965-08-14,59,Male,O-,23.0,"16/741, Subramaniam Circle",560019,Depression,83,19
3134,3135,P3135-7507-1,Jivika Deo,1975-07-11,50,Male,O+,21.4,"55/31
Sahota Ganj",560020,Diabetes,67,20
3135,3136,P3136-6606-1,Vidur Loke,1966-06-30,59,Male,O+,22.3,"60, Iyer Street",571002,Sleep Apnea,76,82
3136,3137,P3137-9703-1,Aarush Buch,1997-03-24,28,Male,B+,24.2,"659
Goda Circle",560025,Heart Disease,95,25
3137,3138,P3138-7511-2,Divit Vaidya,1975-11-14,49,Female,B+,23.8,"79
Divan Path",571002,Hypertension,91,82
3138,3139,P3139-8210-2,Pihu Gade,1982-10-16,42,Female,O+,22.1,"310, Kashyap Street",560200,Healthy,74,41
3139,3140,P3140-5605-2,Zoya Tandon,1956-05-28,69,Female,B-,23.9,"43/895, Ramanathan Zila",560018,Healthy,92,18
3140,3141,P3141-4510-2,Rohan Solanki,1945-10-13,79,Female,O+,26.0,"43/872
Kurian",572004,Osteoporosis,113,94
3141,3142,P3142-6108-2,Zara Sampath,1961-08-03,63,Female,AB+,24.1,"H.No. 10
Luthra",571001,Sleep Apnea,94,81
3142,3143,P3143-7308-1,Ayesha Bajaj,1973-08-18,51,Male,A+,25.6,"96
Bala Street",560018,Gout,109,18
3143,3144,P3144-0210-2,Alisha Venkataraman,2002-10-29,22,Female,O+,27.2,"H.No. 531
Dar Path",562001,Epilepsy,125,61
3144,3145,P3145-0410-2,Badal Dhar,2004-10-30,20,Female,A+,22.5,"185
Grewal Nagar",560022,Heart Disease,78,22
3145,3146,P3146-7110-1,Anahita Bhagat,1971-10-28,53,Male,AB+,24.5,"H.No. 664
Wagle Street",560021,Dementia,98,21
3146,3147,P3147-4406-1,Raghav Amble,1944-06-05,81,Male,O+,23.5,"951
Biswas Circle",560012,Diabetes,88,12
3147,3148,P3148-6211-1,Miraya Dewan,1962-11-24,62,Male,O+,27.9,"884, Thaker Street",560030,Gout,132,30
3148,3149,P3149-9604-1,Krish Sekhon,1996-04-02,29,Male,A+,25.9,"68/28, Sehgal Marg",560206,Diabetes,112,47
3149,3150,P3150-7411-1,Indranil Deo,1974-11-24,50,Male,A-,28.0,"89/220
Balasubramanian Road",571002,Asthma,133,82
3150,3151,P3151-9309-2,Tanya Sem,1993-09-26,31,Female,AB+,26.5,"59/004, Taneja Road",560009,Epilepsy,118,9
3151,3152,P3152-5203-2,Dhanuk Dalal,1952-03-27,73,Female,A+,24.9,"08/876, Mammen Zila",570007,Heart Disease,102,77
3152,3153,P3153-8501-2,Urvi Yadav,1985-01-25,40,Female,B+,25.7,"511
Kanda Path",562001,Osteoporosis,110,61
3153,3154,P3154-4510-2,Jhanvi Srinivas,1945-10-07,79,Female,A+,19.2,"15/05, Chakraborty Zila",560028,Asthma,45,28
3154,3155,P3155-7103-2,Yasmin Mammen,1971-03-02,54,Female,AB+,22.6,"51
Chawla Street",560205,Sleep Apnea,79,46
3155,3156,P3156-5208-1,Zeeshan Bajwa,1952-08-01,72,Male,O+,23.8,"49/204, Chada Marg",562005,Dementia,91,65
3156,3157,P3157-8109-2,Jayant Bali,1981-09-21,43,Female,B+,23.3,"656, Rana Path",561009,Hypertension,86,59
3157,3158,P3158-7207-2,Raghav Ahluwalia,1972-07-07,53,Female,A+,20.7,"H.No. 12
Vyas Circle",561007,Epilepsy,60,57
3158,3159,P3159-4612-2,Piya Shere,1946-12-07,78,Female,A+,25.7,"837
Seshadri Ganj",560030,Hypertension,110,30
3159,3160,P3160-5609-2,Sana Khalsa,1956-09-08,68,Female,O+,24.7,"H.No. 11, Varghese Path",572006,Diabetes,100,96
3160,3161,P3161-6808-1,Hiran Chanda,1968-08-30,56,Male,O+,27.1,"140, Chadha",570005,Asthma,124,75
3161,3162,P3162-5610-2,Armaan Divan,1956-10-21,68,Female,A+,21.6,"H.No. 43
Sawhney Zila",560026,Hypertension,69,26
3162,3163,P3163-8106-2,Aradhya Sama,1981-06-23,44,Female,AB+,23.9,"39, Gokhale Street",560108,Hypertension,92,39
3163,3164,P3164-8805-2,Zeeshan Bail,1988-05-21,37,Female,B+,28.2,"806, Sachdev Zila",561002,Heart Disease,135,52
3164,3165,P3165-8011-2,Pihu Khosla,1980-11-11,44,Female,O+,24.0,"098
Kara Chowk",560007,Hypertension,93,7
3165,3166,P3166-4508-2,Himmat Gandhi,1945-08-20,79,Female,O+,26.1,"91/279
Karpe Nagar",560002,Heart Disease,114,2
3166,3167,P3167-6011-2,Rasha Dugal,1960-11-23,64,Female,O+,27.1,"23/62, Bhavsar Chowk",561004,Depression,124,54
3167,3168,P3168-4512-1,Indrajit Kakar,1945-12-08,79,Male,B-,22.5,"26/854
Ramanathan Nagar",560002,Healthy,78,2
3168,3169,P3169-8404-2,Manjari Ganesan,1984-04-10,41,Female,O-,24.3,"69/51, Sandhu Ganj",570005,Gout,96,75
3169,3170,P3170-8001-1,Ayesha Keer,1980-01-09,45,Male,O-,21.8,"43/60
Agrawal Nagar",570002,Depression,71,72
3170,3171,P3171-7901-1,Divit Halder,1979-01-27,46,Male,O+,22.0,"46
Lata Circle",560022,Dementia,73,22
3171,3172,P3172-9111-2,Yuvaan Kannan,1991-11-15,33,Female,AB+,26.4,"H.No. 41
Devan Path",560105,Sleep Apnea,117,36
3172,3173,P3173-4712-2,Kartik Sheth,1947-12-16,77,Female,B+,25.0,"135, Mani Nagar",560017,Asthma,103,17
3173,3174,P3174-7604-1,Tushar Bains,1976-04-26,49,Male,B+,22.4,"H.No. 70, Bali",560205,Depression,77,46
3174,3175,P3175-5610-2,Vritika Sani,1956-10-29,68,Female,O+,25.9,"624, Singh Circle",561010,Hypertension,112,60
3175,3176,P3176-4209-2,Trisha Samra,1942-09-18,82,Female,O+,24.3,"78, Saraf",561001,Dementia,96,51
3176,3177,P3177-8106-2,Urvi Deep,1981-06-10,44,Female,B+,23.7,"94/81, Gole Circle",572002,Asthma,90,92
3177,3178,P3178-8108-1,Dhruv Upadhyay,1981-08-07,43,Male,A+,22.8,"69
Barman",560018,Gout,81,18
3178,3179,P3179-7906-2,Rasha Rastogi,1979-06-08,46,Female,B+,24.0,"H.No. 58
Wable Nagar",560028,Depression,93,28
3179,3180,P3180-4006-2,Adah Venkataraman,1940-06-11,85,Female,O+,22.1,"28/467
Amble Marg",570006,Depression,74,76
3180,3181,P3181-6002-1,Tara Kanda,1960-02-18,65,Male,O+,23.0,"H.No. 574
Dash Ganj",560005,Dementia,83,5
3181,3182,P3182-9312-2,Ehsaan Gole,1993-12-30,31,Female,AB+,25.8,"34, Mannan Circle",560204,Dementia,111,45
3182,3183,P3183-6907-2,Biju Anne,1969-07-08,56,Female,A+,25.6,"75, Goyal Zila",570002,Heart Disease,109,72
3183,3184,P3184-0211-1,Diya Salvi,2002-11-29,22,Male,A+,23.5,"H.No. 73, Banik Marg",560203,Dementia,88,44
3184,3185,P3185-8201-2,Suhana Agarwal,1982-01-18,43,Female,O+,25.1,"H.No. 87, Sant Chowk",562006,Diabetes,104,66
3185,3186,P3186-8308-1,Dhanuk Rajan,1983-08-27,41,Male,B-,21.6,"209
Grewal Path",570010,Diabetes,69,80
3186,3187,P3187-5408-1,Hazel Srinivasan,1954-08-26,70,Male,A+,21.6,"H.No. 81, Viswanathan Circle",560200,Osteoporosis,69,41
3187,3188,P3188-5406-1,Drishya Desai,1954-06-20,71,Male,AB+,26.1,"06, Dara Path",562006,Dementia,114,66
3188,3189,P3189-6203-2,Hiran Dhar,1962-03-17,63,Female,O+,21.8,"251
Gaba Street",560208,Diabetes,71,49
3189,3190,P3190-8608-1,Rati Khanna,1986-08-18,38,Male,O-,22.8,"H.No. 46, Gara Nagar",572002,Osteoporosis,81,92
3190,3191,P3191-7304-2,Jayan Shan,1973-04-10,52,Female,B+,23.5,"H.No. 522
Hora Ganj",560030,Dementia,88,30
3191,3192,P3192-7412-1,Myra Rout,1974-12-22,50,Male,O+,24.5,"28
Wason Nagar",572006,Dementia,98,96
3192,3193,P3193-5304-1,Yakshit Kakar,1953-04-27,72,Male,O+,25.0,"66/50, Bakshi Street",572004,Hypertension,103,94
3193,3194,P3194-4712-1,Damini Goda,1947-12-17,77,Male,O+,24.1,"73/737
Walla Zila",560201,Hypertension,94,42
3194,3195,P3195-6109-1,Vaibhav Goyal,1961-09-03,63,Male,B-,23.1,"75
Anand Road",560024,Hypertension,84,24
3195,3196,P3196-4805-2,Damini Bail,1948-05-08,77,Female,B+,24.2,"595
Loke Nagar",571008,Hypertension,95,88
3196,3197,P3197-4011-2,Saanvi Kala,1940-11-21,84,Female,A+,19.9,"06/13, Chaudhry Marg",560022,Osteoporosis,52,22
3197,3198,P3198-8207-1,Jivin Vora,1982-07-02,43,Male,B-,24.1,"58/84, Datta Circle",571009,Epilepsy,94,89
3198,3199,P3199-9105-2,Saanvi Lala,1991-05-14,34,Female,B+,19.4,"09/22, Balakrishnan Ganj",570008,Depression,47,78
3199,3200,P3200-4003-2,Aniruddh Kant,1940-03-07,85,Female,O+,22.3,"50/93, Acharya Ganj",560203,Diabetes,76,44
3200,3201,P3201-5302-2,Ishaan Sen,1953-02-13,72,Female,AB+,25.1,"48/026, Gulati Zila",560028,Depression,104,28
3201,3202,P3202-8810-2,Nayantara Tripathi,1988-10-09,36,Female,O+,22.4,"43/710
Dewan Path",560025,Healthy,77,25
3202,3203,P3203-5211-2,Jivin Warrior,1952-11-29,72,Female,AB+,26.4,"H.No. 119, Baria Zila",560029,Osteoporosis,117,29
3203,3204,P3204-9609-2,Kanav Walla,1996-09-16,28,Female,B+,25.9,"H.No. 97
Hari Ganj",561004,Depression,112,54
3204,3205,P3205-5803-2,Yuvraj  Walla,1958-03-01,67,Female,O+,25.8,"69
Randhawa Road",572005,Healthy,111,95
3205,3206,P3206-6212-2,Samar Chakraborty,1962-12-06,62,Female,O+,21.6,"26/65
Bakshi Path",560106,Epilepsy,69,37
3206,3207,P3207-5804-1,Lakshay Setty,1958-04-05,67,Male,AB+,24.5,"29/57
Batra",560007,Depression,98,7
3207,3208,P3208-5003-1,Suhana Keer,1950-03-11,75,Male,A+,25.8,"H.No. 62
Tata Nagar",560108,Hypertension,111,39
3208,3209,P3209-4610-1,Vaibhav Kala,1946-10-03,78,Male,A+,23.7,"H.No. 86, Acharya Ganj",571003,Heart Disease,90,83
3209,3210,P3210-6811-2,Aaina Chanda,1968-11-15,56,Female,AB+,24.3,"H.No. 687
Sachdeva Path",560002,Heart Disease,96,2
3210,3211,P3211-0112-1,Lakshit Thaman,2001-12-26,23,Male,O-,26.1,"H.No. 017, Krish Circle",560106,Dementia,114,37
3211,3212,P3212-9202-2,Jayesh Behl,1992-02-26,33,Female,O+,22.6,"09/74, Wali",572004,Diabetes,79,94
3212,3213,P3213-5512-2,Mohanlal Rana,1955-12-15,69,Female,O+,28.0,"70/51, Bora",560205,Asthma,133,46
3213,3214,P3214-9304-2,Riya Jhaveri,1993-04-25,32,Female,O+,27.6,"59, Chadha Street",560108,Gout,129,39
3214,3215,P3215-6011-1,Drishya Gera,1960-11-17,64,Male,O-,22.9,"15/051
Acharya Nagar",560021,Gout,82,21
3215,3216,P3216-7908-1,Urvi Bala,1979-08-08,45,Male,O-,26.0,"212, Karpe Marg",561005,Heart Disease,113,55
3216,3217,P3217-7801-2,Raunak Bhagat,1978-01-03,47,Female,AB-,25.7,"H.No. 00
Master",560006,Heart Disease,110,6
3217,3218,P3218-0504-2,Yuvraj  Saha,2005-04-06,20,Female,O+,25.9,"76
Chatterjee Nagar",560008,Diabetes,112,8
3218,3219,P3219-4211-2,Mehul Rajagopal,1942-11-22,82,Female,A-,24.0,"48/954
Khosla Path",560103,Gout,93,34
3219,3220,P3220-8603-2,Madhup Sinha,1986-03-17,39,Female,B-,26.8,"032, Kara Path",570002,Epilepsy,121,72
3220,3221,P3221-8809-1,Amani Contractor,1988-09-23,36,Male,O+,22.7,"H.No. 540
Kumer Road",562003,Epilepsy,80,63
3221,3222,P3222-7706-2,Tarini Walia,1977-06-03,48,Female,B+,24.3,"96/87
Karan Street",560208,Asthma,96,49
3222,3223,P3223-9304-1,Kimaya Ramaswamy,1993-04-07,32,Male,B+,25.6,"53/459, Dora Zila",562005,Dementia,109,65
3223,3224,P3224-7801-2,Anvi Krishnan,1978-01-25,47,Female,AB+,22.2,"H.No. 63
Malhotra Street",560101,Heart Disease,75,32
3224,3225,P3225-5105-2,Rasha Ramesh,1951-05-10,74,Female,B+,25.4,"774, Wable",560008,Gout,107,8
3225,3226,P3226-4410-2,Saksham Ahuja,1944-10-05,80,Female,A-,24.5,"75/133
Bajaj Path",560025,Epilepsy,98,25
3226,3227,P3227-6910-2,Arhaan Chauhan,1969-10-09,55,Female,A+,22.8,"164
Doctor",560030,Dementia,81,30
3227,3228,P3228-9406-2,Myra Magar,1994-06-27,31,Female,B+,28.2,"551
Deshmukh",562004,Diabetes,135,64
3228,3229,P3229-5401-1,Anika Barad,1954-01-01,71,Male,O+,24.8,"88, Balasubramanian Path",572002,Sleep Apnea,101,92
3229,3230,P3230-4906-1,Nirvaan Ramachandran,1949-06-27,76,Male,A+,22.9,"06
Sharaf Road",570003,Epilepsy,82,73
3230,3231,P3231-8604-2,Jivin Kapur,1986-04-24,39,Female,O+,22.3,"H.No. 82
Jhaveri Road",570006,Dementia,76,76
3231,3232,P3232-4502-1,Nayantara Swaminathan,1945-02-05,80,Male,B+,24.3,"68/41
Sani Path",560010,Gout,96,10
3232,3233,P3233-9106-1,Shamik Dora,1991-06-23,34,Male,A+,25.2,"66/28
Keer Chowk",561005,Depression,105,55
3233,3234,P3234-7707-2,Yashvi Kala,1977-07-19,47,Female,O+,26.2,"83/270, Chaudry Road",561007,Diabetes,115,57
3234,3235,P3235-9507-1,Pihu Biswas,1995-07-13,29,Male,O+,26.7,"H.No. 68
Dey Path",572001,Heart Disease,120,91
3235,3236,P3236-8708-2,Anaya Sehgal,1987-08-13,37,Female,O+,23.5,"85, Ranganathan Zila",560016,Depression,88,16
3236,3237,P3237-7905-2,Uthkarsh Bala,1979-05-24,46,Female,O+,22.1,"14/267, Sengupta Marg",570010,Diabetes,74,80
3237,3238,P3238-4402-1,Ranbir Barman,1944-02-27,81,Male,O+,22.0,"H.No. 37
Dugar",562002,Diabetes,73,62
3238,3239,P3239-9302-1,Zoya Rana,1993-02-26,32,Male,O+,26.7,"43/739
Chawla Chowk",560011,Hypertension,120,11
3239,3240,P3240-8910-1,Ishaan Ratti,1989-10-23,35,Male,B+,25.6,"H.No. 420, Swamy Road",560015,Depression,109,15
3240,3241,P3241-5905-2,Devansh Sehgal,1959-05-04,66,Female,O+,24.8,"H.No. 18
Roy",561005,Osteoporosis,101,55
3241,3242,P3242-9303-1,Mahika Gupta,1993-03-29,32,Male,O+,25.3,"H.No. 671, Mammen Ganj",560101,Gout,106,32
3242,3243,P3243-5807-1,Zaina Sarna,1958-07-06,67,Male,A+,26.7,"81/757
Shroff Marg",562003,Epilepsy,120,63
3243,3244,P3244-4212-2,Kiaan Kant,1942-12-26,82,Female,O+,23.6,"26
Bir Zila",560206,Healthy,89,47
3244,3245,P3245-9403-1,Anvi Vora,1994-03-19,31,Male,B-,23.8,"41/02, Andra Nagar",560027,Asthma,91,27
3245,3246,P3246-0405-1,Adira Gupta,2004-05-06,21,Male,O+,24.3,"11/571
Ravel Ganj",572008,Gout,96,98
3246,3247,P3247-7110-2,Jhanvi Chaudhry,1971-10-05,53,Female,AB+,22.6,"01/42, Andra Chowk",572010,Diabetes,79,100
3247,3248,P3248-8305-1,Advika Verma,1983-05-29,42,Male,A+,22.9,"85/80, Sani Marg",560208,Osteoporosis,82,49
3248,3249,P3249-7809-2,Jayant Bail,1978-09-07,46,Female,B+,21.5,"07/670, Kapoor Road",560012,Healthy,68,12
3249,3250,P3250-8509-2,Bhavin Tiwari,1985-09-23,39,Female,B+,24.8,"H.No. 36
Acharya Ganj",560022,Gout,101,22
3250,3251,P3251-8203-1,Lavanya Wason,1982-03-29,43,Male,AB+,21.2,"H.No. 10
Halder Marg",560103,Hypertension,65,34
3251,3252,P3252-4405-2,Veer Master,1944-05-01,81,Female,O+,23.0,"H.No. 24, Dugar Road",560019,Gout,83,19
3252,3253,P3253-5311-1,Divij Sankar,1953-11-19,71,Male,B+,22.4,"24/43, Sodhi",561001,Epilepsy,77,51
3253,3254,P3254-0004-1,Lakshay Ghosh,2000-04-25,25,Male,A+,24.1,"H.No. 609
Sarin Circle",561008,Gout,94,58
3254,3255,P3255-9106-2,Shamik Kohli,1991-06-27,34,Female,A-,24.5,"71
Dasgupta Road",572001,Sleep Apnea,98,91
3255,3256,P3256-7812-2,Alisha Kunda,1978-12-23,46,Female,AB-,26.2,"H.No. 57, Khatri Path",562006,Asthma,115,66
3256,3257,P3257-5701-2,Hrishita Balasubramanian,1957-01-18,68,Female,O+,26.1,"54/904
Chauhan Road",570010,Hypertension,114,80
3257,3258,P3258-5203-2,Kiaan Chahal,1952-03-26,73,Female,O+,22.9,"428, Bahri Circle",561002,Dementia,82,52
3258,3259,P3259-6801-1,Uthkarsh Kamdar,1968-01-22,57,Male,O+,26.8,"H.No. 944, Srinivas Circle",560105,Osteoporosis,121,36
3259,3260,P3260-6705-2,Nirvi Vig,1967-05-26,58,Female,O+,26.6,"51/26
Dass Path",560204,Osteoporosis,119,45
3260,3261,P3261-5401-2,Samiha Sankaran,1954-01-25,71,Female,A+,25.2,"510, Thakur Road",571004,Healthy,105,84
3261,3262,P3262-8501-1,Kismat Vig,1985-01-15,40,Male,O+,22.2,"21/34
Suresh Nagar",560024,Depression,75,24
3262,3263,P3263-0111-2,Zain Korpal,2001-11-25,23,Female,B+,22.0,"14/28
Lal Marg",560019,Healthy,73,19
3263,3264,P3264-4903-2,Alia Butala,1949-03-15,76,Female,O+,26.2,"25/762
Bhatt Zila",560020,Heart Disease,115,20
3264,3265,P3265-4901-2,Madhav Boase,1949-01-19,76,Female,A+,26.0,"H.No. 297
Walla Zila",572009,Osteoporosis,113,99
3265,3266,P3266-6203-1,Prerak Swaminathan,1962-03-16,63,Male,A+,25.4,"845
Lalla Marg",572001,Sleep Apnea,107,91
3266,3267,P3267-5602-1,Madhup Sathe,1956-02-04,69,Male,O-,19.5,"189, Gandhi Chowk",561006,Asthma,48,56
3267,3268,P3268-7303-2,Jayant Deol,1973-03-27,52,Female,B+,19.1,"09/97, Sen Marg",560023,Sleep Apnea,44,23
3268,3269,P3269-4801-1,Sana Chaudhari,1948-01-17,77,Male,O+,22.0,"H.No. 06
Sule Ganj",571009,Epilepsy,73,89
3269,3270,P3270-6106-2,Adah Bir,1961-06-20,64,Female,A-,26.6,"70/45, Dhar Street",570004,Hypertension,119,74
3270,3271,P3271-9112-1,Shalv Sengupta,1991-12-20,33,Male,O-,25.5,"611, Sahota Nagar",560016,Asthma,108,16
3271,3272,P3272-5910-2,Samiha Din,1959-10-06,65,Female,A+,24.3,"935, Bava Nagar",572010,Diabetes,96,100
3272,3273,P3273-0211-1,Zoya Iyer,2002-11-28,22,Male,A+,25.7,"84/26, Mani Nagar",560025,Heart Disease,110,25
3273,3274,P3274-5411-1,Raghav Chahal,1954-11-17,70,Male,A+,26.7,"106
Sarin Ganj",572010,Healthy,120,100
3274,3275,P3275-5212-2,Sumer Rout,1952-12-21,72,Female,A+,22.4,"H.No. 84, Desai",570007,Sleep Apnea,77,77
3275,3276,P3276-9808-2,Hrishita Saxena,1998-08-03,26,Female,AB+,27.0,"45/272, Gaba Chowk",560024,Osteoporosis,123,24
3276,3277,P3277-7705-2,Manikya Bansal,1977-05-28,48,Female,AB+,26.1,"62/815
Dada Street",572002,Diabetes,114,92
3277,3278,P3278-7803-1,Aayush Ray,1978-03-30,47,Male,B+,22.2,"H.No. 66
Kara",560019,Asthma,75,19
3278,3279,P3279-7404-1,Nirvaan Banik,1974-04-17,51,Male,B+,23.0,"H.No. 189
Anne Path",560202,Sleep Apnea,83,43
3279,3280,P3280-7908-1,Riya Mand,1979-08-31,45,Male,AB-,25.1,"74/85
Dasgupta Road",570002,Hypertension,104,72
3280,3281,P3281-4303-1,Reyansh Kamdar,1943-03-13,82,Male,O+,23.7,"38/120
Devi Road",560205,Depression,90,46
3281,3282,P3282-9810-1,Miraya Chad,1998-10-07,26,Male,AB+,19.1,"42
Bahri Chowk",572003,Sleep Apnea,44,93
3282,3283,P3283-7309-1,Vihaan Sarma,1973-09-18,51,Male,B+,23.5,"34/83, Ganesan Road",560002,Osteoporosis,88,2
3283,3284,P3284-7305-1,Taimur Krishna,1973-05-25,52,Male,O+,24.6,"H.No. 56
Goyal Zila",562009,Osteoporosis,99,69
3284,3285,P3285-6206-2,Aaina Mahal,1962-06-29,63,Female,O+,25.2,"H.No. 869
Chandran Path",560202,Osteoporosis,105,43
3285,3286,P3286-7910-2,Uthkarsh Rajagopal,1979-10-23,45,Female,AB+,24.2,"57/013, Shan Marg",562002,Epilepsy,95,62
3286,3287,P3287-9005-1,Hridaan Saraf,1990-05-11,35,Male,A+,22.9,"42/460, Kumer Nagar",560008,Gout,82,8
3287,3288,P3288-7507-1,Rati Sharaf,1975-07-08,50,Male,O+,26.0,"35
Kari Marg",560015,Healthy,113,15
3288,3289,P3289-0407-1,Saanvi Garg,2004-07-07,20,Male,AB+,25.6,"05/455
Vaidya Street",562002,Hypertension,109,62
3289,3290,P3290-5904-1,Ritvik Borra,1959-04-10,66,Male,B+,26.6,"96/29, Comar Marg",561009,Healthy,119,59
3290,3291,P3291-4003-2,Darshit Sule,1940-03-22,85,Female,B+,23.9,"08/988
Dugar Road",560027,Epilepsy,92,27
3291,3292,P3292-4110-2,Khushi Vora,1941-10-06,83,Female,AB+,25.5,"01/892
Sundaram Marg",560017,Depression,108,17
3292,3293,P3293-5010-2,Kiaan Soman,1950-10-28,74,Female,AB-,23.9,"H.No. 53, Lata Circle",571002,Asthma,92,82
3293,3294,P3294-8307-1,Nehmat Ahluwalia,1983-07-11,42,Male,A+,24.6,"023
Badami Circle",560102,Epilepsy,99,33
3294,3295,P3295-6107-2,Yuvaan Chana,1961-07-16,64,Female,O-,23.7,"12
Chahal Path",560204,Sleep Apnea,90,45
3295,3296,P3296-6005-1,Suhana Sachdev,1960-05-04,65,Male,A+,26.9,"H.No. 191
Gara Ganj",570009,Osteoporosis,122,79
3296,3297,P3297-0307-2,Zaina Sha,2003-07-29,21,Female,O+,23.8,"389, Sandhu Path",561002,Osteoporosis,91,52
3297,3298,P3298-8711-2,Indrans Char,1987-11-01,37,Female,O+,25.4,"H.No. 58
Wable Nagar",560008,Healthy,107,8
3298,3299,P3299-5610-2,Baiju Bhatt,1956-10-27,68,Female,A+,25.2,"38, Sekhon Zila",560013,Osteoporosis,105,13
3299,3300,P3300-9210-1,Ahana  Kannan,1992-10-18,32,Male,O+,22.8,"52/892, Madan",560019,Healthy,81,19
3300,3301,P3301-5601-2,Yasmin Wadhwa,1956-01-22,69,Female,O+,26.1,"92/445
Sarma Path",560029,Asthma,114,29
3301,3302,P3302-5611-1,Ahana  Ganesan,1956-11-14,68,Male,O+,25.0,"H.No. 17, Mani Zila",560015,Asthma,103,15
3302,3303,P3303-0507-1,Rasha Bakshi,2005-07-03,20,Male,B+,25.6,"H.No. 94, Soman Ganj",560023,Epilepsy,109,23
3303,3304,P3304-9901-2,Ivan Randhawa,1999-01-30,26,Female,A+,24.3,"170, Goel Chowk",571005,Hypertension,96,85
3304,3305,P3305-4902-2,Arhaan Agrawal,1949-02-02,76,Female,B-,24.1,"H.No. 12, Gill Zila",562010,Gout,94,70
3305,3306,P3306-4609-1,Jivika Batra,1946-09-20,78,Male,O+,24.7,"82/07, Sachdev Street",560023,Diabetes,100,23
3306,3307,P3307-9310-2,Purab Zachariah,1993-10-29,31,Female,B+,21.6,"H.No. 008
Choudhry Zila",561001,Sleep Apnea,69,51
3307,3308,P3308-0402-2,Ivan Krishnan,2004-02-17,21,Female,AB+,26.6,"66/632
Goel Nagar",560200,Hypertension,119,41
3308,3309,P3309-5011-2,Oorja Tiwari,1950-11-17,74,Female,B+,26.6,"H.No. 935, Kurian",560029,Heart Disease,119,29
3309,3310,P3310-5506-2,Elakshi Kibe,1955-06-14,70,Female,O+,24.1,"13/581, Kale Zila",560013,Epilepsy,94,13
3310,3311,P3311-9108-1,Suhana Shenoy,1991-08-29,33,Male,B-,26.7,"57/66
Rattan",562001,Depression,120,61
3311,3312,P3312-7908-2,Anay Kuruvilla,1979-08-26,45,Female,B+,21.0,"08/521
Sabharwal Road",560025,Dementia,63,25
3312,3313,P3313-9508-2,Urvi Kamdar,1995-08-17,29,Female,O-,24.4,"H.No. 32
Raja Marg",560107,Epilepsy,97,38
3313,3314,P3314-6612-2,Biju Sastry,1966-12-02,58,Female,O+,25.3,"65/380, Dhawan Chowk",571005,Hypertension,106,85
3314,3315,P3315-8704-1,Yasmin Aurora,1987-04-10,38,Male,O+,23.1,"31
Apte Zila",560003,Asthma,84,3
3315,3316,P3316-0308-1,Yakshit Vaidya,2003-08-20,21,Male,A+,18.8,"25/84, Suresh Road",560003,Depression,41,3
3316,3317,P3317-7801-1,Abram Dar,1978-01-30,47,Male,O+,23.1,"H.No. 494, Sarkar Circle",560004,Heart Disease,84,4
3317,3318,P3318-4304-2,Dhruv Chand,1943-04-28,82,Female,O+,24.2,"49
Shukla Chowk",570006,Dementia,95,76
3318,3319,P3319-8510-2,Shray Karpe,1985-10-12,39,Female,O+,21.8,"H.No. 32
Bains Ganj",562004,Hypertension,71,64
3319,3320,P3320-9306-1,Zaina Bajwa,1993-06-08,32,Male,AB+,24.4,"59, Bhargava Street",560205,Asthma,97,46
3320,3321,P3321-7401-2,Ahana  Basak,1974-01-28,51,Female,O+,25.8,"05/06
Tank Path",562009,Osteoporosis,111,69
3321,3322,P3322-5310-1,Kimaya Contractor,1953-10-13,71,Male,A+,24.5,"17/313, Roy Ganj",560011,Heart Disease,98,11
3322,3323,P3323-6405-1,Prisha Wason,1964-05-03,61,Male,O+,23.5,"66/489, Sarna",570010,Depression,88,80
3323,3324,P3324-5004-1,Misha Buch,1950-04-14,75,Male,B+,20.6,"79/45
Kade",571008,Dementia,59,88
3324,3325,P3325-0411-2,Ishaan Varkey,2004-11-21,20,Female,B+,24.2,"27/52, Ranganathan Street",560025,Asthma,95,25
3325,3326,P3326-6510-2,Pihu Sarin,1965-10-18,59,Female,A+,24.7,"H.No. 74
Dubey",570007,Dementia,100,77
3326,3327,P3327-4409-1,Biju Walla,1944-09-08,80,Male,A-,25.3,"34/216, Aggarwal Zila",560020,Sleep Apnea,106,20
3327,3328,P3328-7705-2,Yashvi De,1977-05-08,48,Female,B-,25.5,"H.No. 645
Chhabra Circle",560204,Epilepsy,108,45
3328,3329,P3329-9510-1,Shalv Shukla,1995-10-11,29,Male,A+,24.8,"76/13
Karnik Chowk",562007,Sleep Apnea,101,67
3329,3330,P3330-6801-2,Kavya Batra,1968-01-15,57,Female,O+,24.6,"958, Virk",560200,Healthy,99,41
3330,3331,P3331-7507-1,Akarsh Sandhu,1975-07-03,50,Male,A-,22.6,"033
Mall Chowk",572001,Asthma,79,91
3331,3332,P3332-4307-2,Indranil Koshy,1943-07-17,82,Female,A+,22.0,"292
Deol Path",561002,Depression,73,52
3332,3333,P3333-6611-2,Seher Doshi,1966-11-13,58,Female,O+,21.2,"03, Edwin",570001,Healthy,65,71
3333,3334,P3334-7008-2,Eshani Kota,1970-08-02,54,Female,O-,25.9,"56/65
Gopal",572009,Epilepsy,112,99
3334,3335,P3335-4506-2,Fateh Madan,1945-06-17,80,Female,B+,27.7,"25, Singh Road",571008,Osteoporosis,130,88
3335,3336,P3336-5411-1,Vihaan Hari,1954-11-14,70,Male,O-,25.7,"H.No. 210
Bhandari Street",560024,Heart Disease,110,24
3336,3337,P3337-4906-2,Nirvi Ben,1949-06-06,76,Female,AB+,22.6,"H.No. 40
Golla Path",560026,Depression,79,26
3337,3338,P3338-6205-1,Damini Baral,1962-05-31,63,Male,B+,25.9,"H.No. 934, Gour Nagar",571001,Asthma,112,81
3338,3339,P3339-6605-1,Tejas Saran,1966-05-05,59,Male,O+,23.0,"H.No. 320
Sani Nagar",570003,Gout,83,73
3339,3340,P3340-8404-2,Vaibhav Saini,1984-04-28,41,Female,O-,23.3,"708, Ghosh Road",560020,Gout,86,20
3340,3341,P3341-4909-1,Dhruv Kadakia,1949-09-08,75,Male,O+,26.6,"45, Wable Street",562004,Epilepsy,119,64
3341,3342,P3342-8704-1,Renee Sastry,1987-04-20,38,Male,O+,21.2,"08/09, Mand",560026,Osteoporosis,65,26
3342,3343,P3343-6407-1,Sumer Chana,1964-07-25,60,Male,O+,23.8,"344
Jain Marg",560002,Sleep Apnea,91,2
3343,3344,P3344-0505-2,Sana Sami,2005-05-29,20,Female,O+,25.7,"H.No. 64, D’Alia Street",560202,Dementia,110,43
3344,3345,P3345-0002-1,Aaryahi Kaul,2000-02-18,25,Male,A+,21.0,"H.No. 092
Issac Street",562010,Asthma,63,70
3345,3346,P3346-6404-1,Alia Varkey,1964-04-02,61,Male,B+,26.4,"74/85
Sengupta Chowk",560015,Asthma,117,15
3346,3347,P3347-9104-2,Urvi Shanker,1991-04-08,34,Female,O-,22.6,"52/20, Khalsa Circle",560027,Epilepsy,79,27
3347,3348,P3348-9403-1,Aniruddh Thakur,1994-03-01,31,Male,O+,25.9,"42
Gole Zila",572006,Dementia,112,96
3348,3349,P3349-8201-2,Veer Keer,1982-01-25,43,Female,B+,21.0,"00/323
Gandhi Nagar",570006,Heart Disease,63,76
3349,3350,P3350-8301-1,Zara Chacko,1983-01-01,42,Male,AB+,24.3,"51/911
Khare Street",560002,Epilepsy,96,2
3350,3351,P3351-4607-1,Anya Chokshi,1946-07-24,78,Male,A+,20.4,"H.No. 793, Jani Street",571005,Sleep Apnea,57,85
3351,3352,P3352-9905-1,Siya Karnik,1999-05-08,26,Male,O+,25.2,"91/875
Manne Nagar",570007,Epilepsy,105,77
3352,3353,P3353-9803-2,Indrajit Madan,1998-03-22,27,Female,AB+,28.7,"08
Karan Road",562010,Hypertension,140,70
3353,3354,P3354-4301-1,Lakshay Dara,1943-01-18,82,Male,AB+,22.7,"29/77, Saraf Ganj",560028,Sleep Apnea,80,28
3354,3355,P3355-7007-2,Jayan Bedi,1970-07-18,54,Female,B+,23.7,"H.No. 36
Raman Circle",562009,Epilepsy,90,69
3355,3356,P3356-4401-1,Kiara Luthra,1944-01-11,81,Male,A+,21.7,"H.No. 766
Chaudry Road",560013,Dementia,70,13
3356,3357,P3357-7803-1,Piya Dhar,1978-03-21,47,Male,B+,25.3,"682, Hayer Ganj",560007,Gout,106,7
3357,3358,P3358-8205-2,Vritika Bhardwaj,1982-05-25,43,Female,B+,21.0,"H.No. 960, Golla Circle",571003,Dementia,63,83
3358,3359,P3359-4812-1,Nayantara Saxena,1948-12-23,76,Male,O+,23.8,"32/14, Bansal Zila",572001,Osteoporosis,91,91
3359,3360,P3360-8110-1,Veer Sahni,1981-10-06,43,Male,B+,24.4,"149, Bedi Road",561004,Depression,97,54
3360,3361,P3361-5909-1,Rohan Rajagopalan,1959-09-06,65,Male,AB-,23.8,"19
Kala Road",571006,Hypertension,91,86
3361,3362,P3362-9312-1,Charvi Saini,1993-12-31,31,Male,O-,25.9,"51
Konda Ganj",560109,Sleep Apnea,112,40
3362,3363,P3363-9401-2,Zoya Dhaliwal,1994-01-19,31,Female,O+,24.8,"50/042, Babu",560202,Hypertension,101,43
3363,3364,P3364-0110-1,Zain Gopal,2001-10-02,23,Male,B-,28.0,"01/16
Rajagopalan Path",560102,Heart Disease,133,33
3364,3365,P3365-5209-1,Vritika Chacko,1952-09-14,72,Male,O-,23.7,"72/03
Banerjee Marg",560004,Epilepsy,90,4
3365,3366,P3366-5707-2,Kiaan Bahl,1957-07-21,67,Female,AB+,24.6,"45/505, Sekhon Path",560024,Sleep Apnea,99,24
3366,3367,P3367-0002-2,Sana Mammen,2000-02-08,25,Female,A+,24.1,"99/073
Raman Ganj",560208,Hypertension,94,49
3367,3368,P3368-5812-1,Zeeshan Mangat,1958-12-25,66,Male,B-,26.0,"25/843, Mammen Road",560205,Epilepsy,113,46
3368,3369,P3369-6511-2,Mishti Badami,1965-11-14,59,Female,B+,23.0,"84/221, Dutt Zila",561003,Diabetes,83,53
3369,3370,P3370-4908-2,Veer Ramaswamy,1949-08-30,75,Female,B+,25.4,"H.No. 19
Bansal Zila",570010,Epilepsy,107,80
3370,3371,P3371-6802-1,Miraya Balay,1968-02-16,57,Male,A+,23.8,"654, Sem Ganj",561002,Dementia,91,52
3371,3372,P3372-5802-1,Lakshit Chand,1958-02-27,67,Male,AB+,25.0,"91/255, Balan Street",560023,Dementia,103,23
3372,3373,P3373-9502-1,Riaan Rajagopal,1995-02-01,30,Male,O+,23.1,"63/99, Aurora Path",560005,Dementia,84,5
3373,3374,P3374-6407-2,Yasmin Choudhary,1964-07-18,60,Female,O+,21.2,"07, Sahota",560202,Dementia,65,43
3374,3375,P3375-9405-1,Rohan Ramesh,1994-05-05,31,Male,O-,25.2,"H.No. 195, Kadakia Path",561006,Asthma,105,56
3375,3376,P3376-0112-1,Armaan Mann,2001-12-25,23,Male,O-,24.4,"963
Venkatesh Nagar",560208,Osteoporosis,97,49
3376,3377,P3377-8610-2,Manjari Hayer,1986-10-12,38,Female,O-,24.2,"629, Aurora Marg",572008,Diabetes,95,98
3377,3378,P3378-8010-1,Ivana Dara,1980-10-08,44,Male,A-,24.7,"H.No. 956
Ganguly Chowk",562010,Dementia,100,70
3378,3379,P3379-9701-2,Kiaan Dhaliwal,1997-01-12,28,Female,AB+,27.0,"40/32
Manne Nagar",572010,Depression,123,100
3379,3380,P3380-8102-1,Jhanvi Uppal,1981-02-20,44,Male,O+,22.9,"970, Datta Road",560208,Hypertension,82,49
3380,3381,P3381-9210-2,Ahana  Saini,1992-10-18,32,Female,A-,22.2,"85/488
Sanghvi Zila",560002,Hypertension,75,2
3381,3382,P3382-5002-2,Farhan Raval,1950-02-19,75,Female,O+,27.3,"H.No. 347
Basak Chowk",560023,Dementia,126,23
3382,3383,P3383-4611-1,Aaina Desai,1946-11-04,78,Male,A+,26.3,"32/475, Mammen Nagar",562003,Hypertension,116,63
3383,3384,P3384-9308-1,Jayan Sibal,1993-08-29,31,Male,O+,25.4,"08
Chawla Ganj",570006,Heart Disease,107,76
3384,3385,P3385-5307-2,Jivin Loyal,1953-07-18,72,Female,O+,29.1,"730, Chopra Zila",560009,Diabetes,144,9
3385,3386,P3386-8003-2,Mehul Sachdev,1980-03-28,45,Female,O+,20.9,"474
Chopra Nagar",571008,Hypertension,62,88
3386,3387,P3387-6603-2,Mannat Bansal,1966-03-03,59,Female,A-,24.1,"H.No. 91, Andra Ganj",572007,Sleep Apnea,94,97
3387,3388,P3388-5709-1,Rohan Dasgupta,1957-09-18,67,Male,O+,25.6,"975
Koshy Zila",571002,Asthma,109,82
3388,3389,P3389-7211-1,Uthkarsh Khalsa,1972-11-08,52,Male,A+,24.1,"42/494, Srivastava Circle",560201,Diabetes,94,42
3389,3390,P3390-9808-1,Advika Bahl,1998-08-05,26,Male,O+,21.8,"H.No. 590
Khalsa Road",572002,Asthma,71,92
3390,3391,P3391-0004-1,Sahil Kumer,2000-04-21,25,Male,O+,23.5,"H.No. 097
Chhabra Circle",571002,Heart Disease,88,82
3391,3392,P3392-5711-1,Faiyaz Rege,1957-11-04,67,Male,O-,23.9,"H.No. 38, Karnik Road",570008,Diabetes,92,78
3392,3393,P3393-7610-1,Elakshi Subramanian,1976-10-09,48,Male,O-,28.2,"08/056, Khanna Marg",571004,Epilepsy,135,84
3393,3394,P3394-4310-1,Ishaan Sankar,1943-10-26,81,Male,A-,24.4,"H.No. 311, Dewan Street",560203,Gout,97,44
3394,3395,P3395-9407-1,Nehmat Sangha,1994-07-18,30,Male,O-,23.4,"97, Bobal Chowk",560002,Sleep Apnea,87,2
3395,3396,P3396-4306-1,Nishith Bala,1943-06-24,82,Male,O-,26.7,"H.No. 20
Borra Marg",571009,Osteoporosis,120,89
3396,3397,P3397-5107-2,Urvi Dhaliwal,1951-07-30,73,Female,O+,23.0,"93/207, Savant Circle",570003,Heart Disease,83,73
3397,3398,P3398-9207-2,Tanya Varma,1992-07-08,33,Female,A-,23.3,"103, Sura",560002,Epilepsy,86,2
3398,3399,P3399-7503-2,Shlok Singh,1975-03-13,50,Female,A+,25.6,"51/327, Barman Circle",561001,Diabetes,109,51
3399,3400,P3400-7901-2,Vedika Krishna,1979-01-30,46,Female,O+,22.1,"47
Kulkarni Road",572009,Heart Disease,74,99
3400,3401,P3401-6903-2,Kimaya Bhasin,1969-03-08,56,Female,O+,22.3,"H.No. 547, Srinivas Road",560009,Epilepsy,76,9
3401,3402,P3402-5007-1,Khushi Thaker,1950-07-06,75,Male,A+,26.4,"25
Dada",572010,Asthma,117,100
3402,3403,P3403-7807-2,Indranil Ratti,1978-07-15,46,Female,B+,25.9,"74/74
Sidhu Nagar",560107,Depression,112,38
3403,3404,P3404-8910-2,Devansh Kapadia,1989-10-04,35,Female,AB+,26.0,"H.No. 134, Datta Chowk",560209,Epilepsy,113,50
3404,3405,P3405-6302-1,Kartik Bath,1963-02-02,62,Male,O-,23.1,"917
Krishnan Nagar",572003,Osteoporosis,84,93
3405,3406,P3406-6803-2,Kiara Raju,1968-03-30,57,Female,B-,26.2,"134
Balakrishnan Circle",570005,Gout,115,75
3406,3407,P3407-4008-2,Taimur Sabharwal,1940-08-16,84,Female,O-,22.4,"652, Grewal Street",571009,Depression,77,89
3407,3408,P3408-0403-1,Chirag Chhabra,2004-03-26,21,Male,AB+,24.1,"H.No. 527, Bhatnagar Ganj",560005,Healthy,94,5
3408,3409,P3409-4608-1,Ira Venkatesh,1946-08-04,78,Male,B-,24.6,"H.No. 403
Deol Street",561008,Osteoporosis,99,58
3409,3410,P3410-7110-1,Trisha Kalla,1971-10-13,53,Male,O-,27.0,"90/391, Subramaniam Ganj",570004,Healthy,123,74
3410,3411,P3411-0501-2,Tushar Hayre,2005-01-23,20,Female,A+,24.2,"49/42, Bera Ganj",561007,Asthma,95,57
3411,3412,P3412-6405-2,Hiran Jayaraman,1964-05-14,61,Female,AB+,22.6,"75/92
Dua Street",560007,Depression,79,7
3412,3413,P3413-4204-2,Vedika Barman,1942-04-16,83,Female,A+,24.3,"50/029
Halder Circle",560007,Diabetes,96,7
3413,3414,P3414-6311-1,Tejas Gole,1963-11-15,61,Male,B+,24.7,"H.No. 82
Rastogi Nagar",560203,Sleep Apnea,100,44
3414,3415,P3415-4212-1,Ela Majumdar,1942-12-05,82,Male,B+,25.7,"06/432, Bir Chowk",560101,Healthy,110,32
3415,3416,P3416-7907-1,Seher Divan,1979-07-29,45,Male,O+,19.4,"H.No. 41
Jaggi Marg",560205,Asthma,47,46
3416,3417,P3417-4009-2,Drishya Sen,1940-09-09,84,Female,A+,22.4,"02/39, Char Ganj",562008,Dementia,77,68
3417,3418,P3418-8909-1,Advika Balay,1989-09-25,35,Male,O+,24.6,"417, Hayre Road",562001,Depression,99,61
3418,3419,P3419-8807-2,Indrans Goyal,1988-07-14,36,Female,B+,25.3,"93, Basak Chowk",561004,Sleep Apnea,106,54
3419,3420,P3420-8308-1,Shaan Kapoor,1983-08-30,41,Male,O+,27.7,"08/598
Majumdar Nagar",561004,Heart Disease,130,54
3420,3421,P3421-4106-1,Shanaya Chand,1941-06-27,84,Male,A+,24.4,"H.No. 74
Ramanathan Chowk",571001,Hypertension,97,81
3421,3422,P3422-7910-1,Divit Johal,1979-10-15,45,Male,O+,21.2,"H.No. 581
Mahajan Ganj",570008,Diabetes,65,78
3422,3423,P3423-4010-1,Hansh Swamy,1940-10-29,84,Male,O-,24.0,"009, Gokhale Nagar",560022,Osteoporosis,93,22
3423,3424,P3424-4108-2,Eva Aurora,1941-08-13,83,Female,A+,21.9,"91/85, Malhotra Nagar",570006,Depression,72,76
3424,3425,P3425-4701-2,Rohan Wagle,1947-01-11,78,Female,O+,22.0,"H.No. 231, Sanghvi Street",560201,Asthma,73,42
3425,3426,P3426-6509-1,Sana Bahri,1965-09-23,59,Male,O+,22.0,"H.No. 708, Dugar Ganj",560006,Osteoporosis,73,6
3426,3427,P3427-0005-1,Dhanush Goel,2000-05-29,25,Male,A+,23.4,"H.No. 89, Rao Road",561003,Depression,87,53
3427,3428,P3428-9906-1,Rasha Sangha,1999-06-28,26,Male,A+,25.5,"H.No. 885
Kale Circle",560026,Diabetes,108,26
3428,3429,P3429-7003-1,Armaan Mahajan,1970-03-19,55,Male,O+,25.1,"51, Manne",560109,Depression,104,40
3429,3430,P3430-7709-2,Rasha Gill,1977-09-13,47,Female,O+,24.9,"515, Kuruvilla Path",560103,Epilepsy,102,34
3430,3431,P3431-5003-1,Farhan Gupta,1950-03-01,75,Male,A+,23.6,"382, Baral Road",560008,Heart Disease,89,8
3431,3432,P3432-7106-1,Oorja Bal,1971-06-26,54,Male,O+,22.1,"02/832, Rattan Circle",572008,Epilepsy,74,98
3432,3433,P3433-9005-2,Piya Mandal,1990-05-15,35,Female,A+,23.8,"H.No. 444
Wali Chowk",560109,Asthma,91,40
3433,3434,P3434-7703-1,Ahana  D’Alia,1977-03-19,48,Male,O+,21.9,"303
Dada Road",560201,Epilepsy,72,42
3434,3435,P3435-9202-2,Faiyaz Chowdhury,1992-02-02,33,Female,AB+,24.4,"H.No. 230, Subramaniam Zila",562006,Dementia,97,66
3435,3436,P3436-6901-1,Shamik Bala,1969-01-21,56,Male,O+,25.5,"32
Rajan Chowk",560208,Gout,108,49
3436,3437,P3437-9711-1,Umang Anne,1997-11-28,27,Male,A+,26.8,"92, Varkey Chowk",560018,Sleep Apnea,121,18
3437,3438,P3438-5609-1,Manikya Mahajan,1956-09-11,68,Male,A-,22.8,"58/381
Dewan Street",560022,Diabetes,81,22
3438,3439,P3439-4906-1,Bhamini Buch,1949-06-25,76,Male,O-,24.8,"026
Bajwa Path",560029,Sleep Apnea,101,29
3439,3440,P3440-5110-2,Tiya Agate,1951-10-26,73,Female,AB+,23.9,"62/343, Sarraf Marg",560204,Hypertension,92,45
3440,3441,P3441-4502-1,Vihaan Bal,1945-02-22,80,Male,B+,23.5,"H.No. 21
Chada Path",570003,Depression,88,73
3441,3442,P3442-7701-1,Aarush Gopal,1977-01-08,48,Male,O+,23.0,"74
Brahmbhatt Road",562002,Healthy,83,62
3442,3443,P3443-4303-2,Tarini Guha,1943-03-24,82,Female,B-,23.3,"H.No. 00
Manda Ganj",561006,Depression,86,56
3443,3444,P3444-9304-2,Rati Varghese,1993-04-06,32,Female,O+,26.1,"71, Kadakia Ganj",571005,Dementia,114,85
3444,3445,P3445-6810-2,Vedika Vyas,1968-10-30,56,Female,A+,19.0,"245
Thaman",572008,Sleep Apnea,43,98
3445,3446,P3446-5801-1,Dishani Thaman,1958-01-13,67,Male,AB+,25.7,"H.No. 677
Kade Circle",570007,Hypertension,110,77
3446,3447,P3447-9209-1,Shayak Sandhu,1992-09-09,32,Male,O+,24.2,"H.No. 15, Randhawa Ganj",560200,Depression,95,41
3447,3448,P3448-6612-2,Lavanya Deol,1966-12-03,58,Female,O+,22.5,"H.No. 096
Ramanathan Marg",572004,Dementia,78,94
3448,3449,P3449-8207-1,Ishaan Banerjee,1982-07-25,42,Male,O+,22.6,"84/17
Dara Zila",560025,Hypertension,79,25
3449,3450,P3450-4111-1,Mahika Hayer,1941-11-12,83,Male,O+,23.1,"28, Kaur Circle",570010,Hypertension,84,80
3450,3451,P3451-6401-2,Advik Viswanathan,1964-01-05,61,Female,A+,23.6,"054, Mand",560109,Healthy,89,40
3451,3452,P3452-7203-2,Damini Rana,1972-03-25,53,Female,B+,24.0,"30/425, Varghese Street",560028,Healthy,93,28
3452,3453,P3453-9403-2,Jayan Virk,1994-03-25,31,Female,A+,24.7,"34, Vora Nagar",560109,Osteoporosis,100,40
3453,3454,P3454-9401-1,Manjari Kala,1994-01-25,31,Male,O+,22.1,"39/22
Mangal Circle",562008,Sleep Apnea,74,68
3454,3455,P3455-5307-1,Anahi Bassi,1953-07-21,71,Male,B+,26.4,"44
Singhal Road",562004,Sleep Apnea,117,64
3455,3456,P3456-9901-1,Hunar Brahmbhatt,1999-01-29,26,Male,B-,20.2,"H.No. 014, Ghosh Chowk",560025,Depression,55,25
3456,3457,P3457-9309-2,Pari Vala,1993-09-16,31,Female,O+,24.7,"74/65
Sekhon Nagar",561004,Depression,100,54
3457,3458,P3458-4310-2,Neelofar Ganesan,1943-10-07,81,Female,A-,28.1,"10, Choudhury Marg",560030,Dementia,134,30
3458,3459,P3459-7205-1,Nehmat Ramesh,1972-05-22,53,Male,B+,22.9,"33/82
Devan Path",572009,Hypertension,82,99
3459,3460,P3460-9510-2,Ayesha Warrior,1995-10-15,29,Female,B-,25.8,"204, Krish",561008,Depression,111,58
3460,3461,P3461-6303-1,Lagan Raja,1963-03-12,62,Male,O+,24.7,"77, Wable Nagar",561010,Healthy,100,60
3461,3462,P3462-5712-1,Sumer Bhasin,1957-12-17,67,Male,AB-,26.5,"H.No. 86, Krish Marg",562001,Diabetes,118,61
3462,3463,P3463-6112-1,Biju Bala,1961-12-18,63,Male,O+,24.6,"H.No. 99
Viswanathan Nagar",572009,Dementia,99,99
3463,3464,P3464-8509-2,Ritvik Ramesh,1985-09-18,39,Female,O+,26.4,"780
Sahni Chowk",561008,Sleep Apnea,117,58
3464,3465,P3465-6205-2,Saanvi Dey,1962-05-25,63,Female,B+,22.6,"89
Divan Chowk",561003,Asthma,79,53
3465,3466,P3466-0107-1,Vihaan Kapadia,2001-07-19,23,Male,AB+,27.4,"H.No. 107, Bansal Nagar",560015,Sleep Apnea,127,15
3466,3467,P3467-4308-2,Damini Kale,1943-08-09,81,Female,A+,22.7,"106, Sood Street",570002,Asthma,80,72
3467,3468,P3468-9704-1,Prerak Divan,1997-04-29,28,Male,O+,26.9,"43, Dara Marg",560019,Gout,122,19
3468,3469,P3469-5402-2,Shaan Iyengar,1954-02-12,71,Female,A+,23.0,"65/786, Koshy Street",560001,Osteoporosis,83,1
3469,3470,P3470-9104-2,Ahana  Shankar,1991-04-07,34,Female,B+,20.8,"60/220
Din Nagar",560003,Heart Disease,61,3
3470,3471,P3471-8001-2,Taimur Kamdar,1980-01-04,45,Female,O+,22.9,"H.No. 07
Bhavsar Circle",571007,Hypertension,82,87
3471,3472,P3472-8901-1,Himmat Bumb,1989-01-22,36,Male,O+,27.0,"09/394
Dhar Ganj",560104,Diabetes,123,35
3472,3473,P3473-6811-1,Ira Bhattacharyya,1968-11-07,56,Male,B-,22.4,"H.No. 478
Vig Zila",560015,Epilepsy,77,15
3473,3474,P3474-7103-1,Romil Rao,1971-03-14,54,Male,O-,24.3,"69/170
Date Road",560009,Asthma,96,9
3474,3475,P3475-7901-1,Sahil Madan,1979-01-16,46,Male,O-,20.9,"04/016
Shanker Ganj",560108,Asthma,62,39
3475,3476,P3476-9701-1,Saanvi Sridhar,1997-01-05,28,Male,B+,26.3,"91/67
Borde Circle",572001,Depression,116,91
3476,3477,P3477-8901-2,Abram Chowdhury,1989-01-09,36,Female,B+,25.6,"37/728, Manne Zila",560004,Gout,109,4
3477,3478,P3478-8501-2,Jayant Date,1985-01-16,40,Female,A+,25.7,"78/27
Varkey Ganj",560208,Hypertension,110,49
3478,3479,P3479-7211-2,Nakul Sehgal,1972-11-07,52,Female,O+,26.1,"66/80
Saha Street",572004,Epilepsy,114,94
3479,3480,P3480-6401-2,Adah Sunder,1964-01-11,61,Female,AB+,25.9,"H.No. 692, Karpe Zila",571008,Asthma,112,88
3480,3481,P3481-9507-1,Gatik Ghose,1995-07-02,30,Male,O-,24.9,"H.No. 461, Sagar Street",561010,Asthma,102,60
3481,3482,P3482-5906-1,Sumer Krishna,1959-06-11,66,Male,O+,24.8,"379, Bal Street",571002,Osteoporosis,101,82
3482,3483,P3483-9106-1,Neelofar Issac,1991-06-05,34,Male,O+,25.9,"13/488, Sarna Marg",570010,Dementia,112,80
3483,3484,P3484-8608-2,Rania Gole,1986-08-12,38,Female,AB-,22.2,"H.No. 556
Dey Street",560203,Heart Disease,75,44
3484,3485,P3485-9711-1,Stuvan Randhawa,1997-11-10,27,Male,A-,21.8,"631
Sidhu Street",560009,Asthma,71,9
3485,3486,P3486-8102-2,Dhruv Sen,1981-02-21,44,Female,A+,27.6,"H.No. 55, Behl Road",560007,Diabetes,129,7
3486,3487,P3487-8203-1,Vritika Wable,1982-03-26,43,Male,A+,27.7,"54
Issac Road",560023,Heart Disease,130,23
3487,3488,P3488-0108-2,Hiran Halder,2001-08-08,23,Female,O+,22.4,"92
Devan Chowk",560017,Healthy,77,17
3488,3489,P3489-6411-2,Renee Kade,1964-11-29,60,Female,O+,21.2,"H.No. 781
Varughese Marg",571001,Depression,65,81
3489,3490,P3490-8507-2,Reyansh Seshadri,1985-07-11,40,Female,B+,26.7,"844, Khurana Ganj",560204,Osteoporosis,120,45
3490,3491,P3491-5301-1,Samiha Dubey,1953-01-16,72,Male,A+,23.5,"H.No. 43, Jayaraman",560206,Gout,88,47
3491,3492,P3492-7309-1,Vardaniya Tank,1973-09-07,51,Male,A+,23.7,"H.No. 20
Guha Marg",560101,Dementia,90,32
3492,3493,P3493-5508-2,Mohanlal Talwar,1955-08-12,69,Female,B+,25.0,"14
Zachariah Ganj",562008,Dementia,103,68
3493,3494,P3494-6506-1,Kartik Bandi,1965-06-11,60,Male,B+,24.5,"316
Arya Zila",562010,Depression,98,70
3494,3495,P3495-6408-2,Kashvi Kumer,1964-08-20,60,Female,AB+,24.3,"30/39
Chanda Circle",560016,Dementia,96,16
3495,3496,P3496-5408-2,Samiha Ahluwalia,1954-08-26,70,Female,B+,27.3,"70
Dar Marg",560024,Epilepsy,126,24
3496,3497,P3497-6609-1,Shlok Banerjee,1966-09-09,58,Male,O-,26.5,"36, Choudhary Path",571010,Sleep Apnea,118,90
3497,3498,P3498-5005-2,Neysa Halder,1950-05-26,75,Female,O+,26.0,"25
Krishnan Nagar",570010,Dementia,113,80
3498,3499,P3499-8608-2,Raunak Chad,1986-08-23,38,Female,O+,22.4,"H.No. 13, Mangal Zila",560104,Dementia,77,35
3499,3500,P3500-4311-2,Jivika Koshy,1943-11-06,81,Female,A-,23.1,"35/063
Dutt Zila",572004,Sleep Apnea,84,94
3500,3501,P3501-5402-2,Divij Bhasin,1954-02-20,71,Female,A+,22.5,"14
Raman Marg",560015,Asthma,78,15
3501,3502,P3502-5803-1,Himmat Butala,1958-03-16,67,Male,O-,19.9,"416, Dasgupta Marg",562005,Dementia,52,65
3502,3503,P3503-9104-2,Samaira Rajagopalan,1991-04-25,34,Female,O+,24.1,"80/694
Dayal Marg",571005,Healthy,94,85
3503,3504,P3504-8112-1,Manikya Thakkar,1981-12-26,43,Male,A+,26.5,"H.No. 28, Kothari Street",560017,Healthy,118,17
3504,3505,P3505-5412-2,Indrajit Dutta,1954-12-23,70,Female,A+,23.2,"81/59, Chacko",571001,Asthma,85,81
3505,3506,P3506-6302-2,Ahana  Rama,1963-02-01,62,Female,AB+,23.0,"H.No. 817, Chana Path",560203,Gout,83,44
3506,3507,P3507-9502-2,Prisha Kapadia,1995-02-21,30,Female,AB+,23.4,"H.No. 781, Sami Path",562005,Hypertension,87,65
3507,3508,P3508-7508-2,Inaaya  Kari,1975-08-26,49,Female,A-,27.0,"537, Shroff Marg",571006,Gout,123,86
3508,3509,P3509-9703-1,Anika Sami,1997-03-26,28,Male,B-,23.2,"H.No. 93, Khalsa Ganj",560029,Gout,85,29
3509,3510,P3510-4109-1,Jhanvi Chawla,1941-09-04,83,Male,B-,23.2,"22/60, Bains Chowk",570007,Heart Disease,85,77
3510,3511,P3511-6612-1,Prisha Chaudhuri,1966-12-08,58,Male,B+,24.8,"14
Deol Nagar",571006,Heart Disease,101,86
3511,3512,P3512-0110-1,Advika Krishnan,2001-10-15,23,Male,B+,24.0,"37/88, Hari Ganj",570001,Asthma,93,71
3512,3513,P3513-8604-2,Misha Chaudry,1986-04-03,39,Female,O-,22.7,"H.No. 07
Bala Path",560202,Epilepsy,80,43
3513,3514,P3514-5510-2,Khushi Karan,1955-10-18,69,Female,B+,24.9,"H.No. 753
Sundaram Marg",561008,Heart Disease,102,58
3514,3515,P3515-7311-2,Darshit Choudhry,1973-11-25,51,Female,O+,23.5,"H.No. 131, Swaminathan Chowk",561010,Dementia,88,60
3515,3516,P3516-9812-2,Rasha Deol,1998-12-25,26,Female,B+,24.8,"69/66, Jain Ganj",560109,Dementia,101,40
3516,3517,P3517-8609-2,Reyansh Bal,1986-09-18,38,Female,O+,21.7,"17/57
Doctor Circle",572005,Sleep Apnea,70,95
3517,3518,P3518-4902-2,Veer Krish,1949-02-17,76,Female,O-,23.3,"094, Khurana Path",571009,Depression,86,89
3518,3519,P3519-9411-2,Indrajit Mannan,1994-11-28,30,Female,A+,23.3,"67/27
Kar Nagar",560015,Healthy,86,15
3519,3520,P3520-5105-1,Aarav Varty,1951-05-21,74,Male,O+,22.9,"10/08
Wagle",570003,Healthy,82,73
3520,3521,P3521-6308-2,Biju Mangat,1963-08-25,61,Female,A-,24.1,"H.No. 785, Rama",560022,Asthma,94,22
3521,3522,P3522-0504-1,Raunak Brahmbhatt,2005-04-06,20,Male,O+,25.1,"67/41, Sant",561003,Gout,104,53
3522,3523,P3523-7201-2,Jivin Rout,1972-01-23,53,Female,A+,23.4,"31/48, Bhargava Chowk",561004,Hypertension,87,54
3523,3524,P3524-6111-1,Anvi Chander,1961-11-13,63,Male,O-,27.1,"72/11, Gulati Nagar",570001,Asthma,124,71
3524,3525,P3525-5712-1,Rasha Mander,1957-12-20,67,Male,O+,22.8,"H.No. 98
Dugar Road",560100,Sleep Apnea,81,31
3525,3526,P3526-8101-2,Vivaan Chatterjee,1981-01-13,44,Female,A+,20.9,"23/46
Kamdar",572010,Hypertension,62,100
3526,3527,P3527-8005-2,Vihaan Sangha,1980-05-28,45,Female,AB+,25.0,"07, Saran Ganj",560024,Heart Disease,103,24
3527,3528,P3528-7602-1,Ojas Keer,1976-02-23,49,Male,A+,24.0,"09/50
Bhardwaj",572001,Sleep Apnea,93,91
3528,3529,P3529-6111-2,Saira Ray,1961-11-14,63,Female,B+,23.5,"H.No. 889
Babu Path",560008,Diabetes,88,8
3529,3530,P3530-4410-1,Mannat Soman,1944-10-26,80,Male,O-,26.6,"01/175, Kothari Path",560202,Diabetes,119,43
3530,3531,P3531-9111-1,Damini Warrior,1991-11-08,33,Male,O+,24.7,"H.No. 571, Wali Zila",561009,Dementia,100,59
3531,3532,P3532-4109-2,Aniruddh Date,1941-09-11,83,Female,O+,25.0,"22/30
Sharaf Chowk",560027,Diabetes,103,27
3532,3533,P3533-5405-2,Anay Dugar,1954-05-20,71,Female,B+,24.9,"88/396
Kant Path",560010,Osteoporosis,102,10
3533,3534,P3534-0207-1,Mannat Gara,2002-07-30,22,Male,AB+,24.2,"546, Talwar Zila",560028,Depression,95,28
3534,3535,P3535-7301-1,Kismat Sur,1973-01-21,52,Male,O-,23.0,"87/14, Sheth Nagar",560009,Epilepsy,83,9
3535,3536,P3536-7912-1,Rasha Buch,1979-12-08,45,Male,AB+,24.3,"H.No. 20
Virk Circle",560020,Sleep Apnea,96,20
3536,3537,P3537-5609-2,Kartik Gara,1956-09-10,68,Female,A+,25.2,"H.No. 83, Gulati Street",560102,Diabetes,105,33
3537,3538,P3538-5909-1,Shlok Kapur,1959-09-16,65,Male,O+,26.8,"H.No. 99, Goyal Circle",560023,Heart Disease,121,23
3538,3539,P3539-8701-2,Aarna Krishnamurthy,1987-01-26,38,Female,O-,20.7,"H.No. 75, De Nagar",572008,Sleep Apnea,60,98
3539,3540,P3540-7806-2,Aayush Sibal,1978-06-02,47,Female,AB+,24.5,"49/49, Mahal Circle",560100,Asthma,98,31
3540,3541,P3541-5306-1,Anahita Seth,1953-06-27,72,Male,A+,21.8,"H.No. 27
Kota Marg",560019,Asthma,71,19
3541,3542,P3542-7302-1,Rasha Gera,1973-02-06,52,Male,O-,24.0,"H.No. 291
Sunder Road",560007,Dementia,93,7
3542,3543,P3543-9101-1,Ira Sama,1991-01-14,34,Male,B+,21.8,"524
Bobal Zila",570009,Dementia,71,79
3543,3544,P3544-9101-2,Jiya Taneja,1991-01-22,34,Female,O+,23.1,"29/07, Kalla Ganj",571008,Depression,84,88
3544,3545,P3545-6801-2,Alisha Khurana,1968-01-18,57,Female,B+,23.6,"81, Lata Path",560014,Osteoporosis,89,14
3545,3546,P3546-7502-2,Devansh Sarna,1975-02-25,50,Female,O+,20.0,"H.No. 17, Tripathi Ganj",560023,Diabetes,53,23
3546,3547,P3547-6811-2,Oorja Sankar,1968-11-24,56,Female,B+,22.7,"H.No. 963
Viswanathan Street",562005,Asthma,80,65
3547,3548,P3548-8807-1,Tushar Sharaf,1988-07-15,36,Male,O-,25.6,"50/22
Jain",572009,Sleep Apnea,109,99
3548,3549,P3549-7203-1,Zaina Dara,1972-03-17,53,Male,A-,20.1,"22/669, Bhattacharyya",561002,Diabetes,54,52
3549,3550,P3550-0511-1,Urvi Manda,2005-11-04,19,Male,A+,23.0,"78
Soman Zila",561006,Osteoporosis,83,56
3550,3551,P3551-9201-1,Lavanya Lalla,1992-01-20,33,Male,A-,24.7,"46
Hari Zila",560102,Osteoporosis,100,33
3551,3552,P3552-8902-1,Piya Chad,1989-02-01,36,Male,B+,22.2,"32/466, Boase Zila",562002,Asthma,75,62
3552,3553,P3553-8908-1,Kiaan Doshi,1989-08-05,35,Male,A+,24.9,"H.No. 793
Luthra Road",572009,Asthma,102,99
3553,3554,P3554-9612-1,Yashvi Rastogi,1996-12-14,28,Male,A+,26.6,"H.No. 56, Bhandari Chowk",562002,Depression,119,62
3554,3555,P3555-8405-1,Jhanvi Choudhary,1984-05-30,41,Male,A+,27.6,"H.No. 005
Dave Chowk",560004,Diabetes,129,4
3555,3556,P3556-7802-1,Hridaan Goda,1978-02-02,47,Male,A+,23.1,"35
Dora Ganj",570007,Dementia,84,77
3556,3557,P3557-4711-1,Urvi Goel,1947-11-28,77,Male,A-,24.6,"H.No. 37
Konda Path",561004,Dementia,99,54
3557,3558,P3558-6905-2,Anika Sridhar,1969-05-22,56,Female,AB+,23.6,"29/079
Sani Road",561003,Depression,89,53
3558,3559,P3559-8301-1,Nitya Bhandari,1983-01-25,42,Male,O-,23.8,"H.No. 622, Deshmukh Zila",560104,Dementia,91,35
3559,3560,P3560-6802-2,Darshit Bhatnagar,1968-02-29,57,Female,A+,22.9,"H.No. 94
Char Street",570007,Healthy,82,77
3560,3561,P3561-7301-2,Bhamini Rastogi,1973-01-11,52,Female,O+,23.6,"61/16
Chaudhary Zila",572001,Hypertension,89,91
3561,3562,P3562-0404-1,Rohan Arya,2004-04-22,21,Male,O+,25.5,"H.No. 124
Rege Zila",561006,Dementia,108,56
3562,3563,P3563-5902-2,Nayantara Agrawal,1959-02-26,66,Female,B+,26.8,"H.No. 921
Bhatnagar Nagar",562006,Diabetes,121,66
3563,3564,P3564-9208-1,Yakshit Mann,1992-08-14,32,Male,O+,22.9,"H.No. 973, Arya Nagar",560108,Asthma,82,39
3564,3565,P3565-7311-1,Damini Goel,1973-11-17,51,Male,B+,23.5,"H.No. 50
Bedi Path",571001,Hypertension,88,81
3565,3566,P3566-4707-2,Vedika Virk,1947-07-06,78,Female,A+,25.1,"84
Lata Chowk",571010,Gout,104,90
3566,3567,P3567-8010-1,Hridaan Bedi,1980-10-28,44,Male,AB-,21.4,"H.No. 751
Boase Marg",561003,Healthy,67,53
3567,3568,P3568-4210-1,Riaan Arya,1942-10-11,82,Male,O+,23.2,"H.No. 91, Shroff Path",561006,Hypertension,85,56
3568,3569,P3569-5802-2,Mohanlal Savant,1958-02-26,67,Female,A-,24.8,"61, Ganguly Chowk",572009,Hypertension,101,99
3569,3570,P3570-8806-2,Pranay Venkatesh,1988-06-20,37,Female,B-,24.7,"H.No. 404
Sabharwal Street",560012,Osteoporosis,100,12
3570,3571,P3571-8405-1,Hazel Chadha,1984-05-26,41,Male,B+,24.2,"843
Bhatia Road",562010,Dementia,95,70
3571,3572,P3572-6505-2,Kavya Karan,1965-05-14,60,Female,O+,23.7,"90/298, Sarma Road",562010,Hypertension,90,70
3572,3573,P3573-5001-1,Kiara Banerjee,1950-01-05,75,Male,O+,24.3,"851
Baral Nagar",560202,Sleep Apnea,96,43
3573,3574,P3574-4507-2,Jivika Gade,1945-07-27,79,Female,B-,25.8,"00/512
Krishnan Marg",571010,Heart Disease,111,90
3574,3575,P3575-8507-1,Azad Joshi,1985-07-01,40,Male,O+,22.8,"31, Shenoy Road",572004,Hypertension,81,94
3575,3576,P3576-5310-1,Lagan Char,1953-10-06,71,Male,B-,22.7,"96/269, Grewal Ganj",560204,Depression,80,45
3576,3577,P3577-4406-1,Piya Kari,1944-06-26,81,Male,B-,24.8,"H.No. 775
Bhatia Circle",561001,Hypertension,101,51
3577,3578,P3578-9802-1,Hrishita Mannan,1998-02-03,27,Male,O+,24.7,"H.No. 151, Ram",560200,Dementia,100,41
3578,3579,P3579-8112-1,Nitya Srinivas,1981-12-04,43,Male,AB+,27.0,"13/69, Srinivas",571005,Hypertension,123,85
3579,3580,P3580-5807-1,Lakshit Baral,1958-07-20,66,Male,O+,26.4,"H.No. 221, Choudhary Road",571003,Healthy,117,83
3580,3581,P3581-6611-1,Jayesh Amble,1966-11-07,58,Male,B-,25.3,"H.No. 64
Sekhon Path",562006,Gout,106,66
3581,3582,P3582-7309-1,Diya Chaudhry,1973-09-08,51,Male,A+,25.0,"H.No. 688, Chandran Marg",560016,Osteoporosis,103,16
3582,3583,P3583-9707-1,Ishaan Wable,1997-07-25,27,Male,AB+,24.2,"87/63
Ranganathan Path",560209,Osteoporosis,95,50
3583,3584,P3584-8611-1,Lagan Choudhry,1986-11-26,38,Male,O+,24.1,"85/481
Gill Circle",560019,Hypertension,94,19
3584,3585,P3585-7208-1,Riaan Chhabra,1972-08-10,52,Male,A+,26.3,"391, Keer Ganj",571006,Sleep Apnea,116,86
3585,3586,P3586-0312-1,Kanav Khatri,2003-12-08,21,Male,O+,23.4,"H.No. 807, Rajagopal Path",560204,Hypertension,87,45
3586,3587,P3587-7102-2,Baiju Bhargava,1971-02-25,54,Female,O+,24.6,"H.No. 497
Gokhale Ganj",560028,Heart Disease,99,28
3587,3588,P3588-6609-1,Samarth Keer,1966-09-10,58,Male,A+,24.4,"H.No. 496, Grewal Street",560207,Hypertension,97,48
3588,3589,P3589-7502-2,Ivana De,1975-02-26,50,Female,B-,23.8,"12, Mander Marg",570003,Sleep Apnea,91,73
3589,3590,P3590-6708-2,Ranbir Ravel,1967-08-31,57,Female,AB+,22.5,"21, Kala Road",560013,Epilepsy,78,13
3590,3591,P3591-7604-2,Ayesha Grover,1976-04-09,49,Female,AB-,25.7,"H.No. 05
Yadav",561001,Epilepsy,110,51
3591,3592,P3592-5604-1,Divyansh Ramesh,1956-04-25,69,Male,O+,25.0,"H.No. 016, Hans Ganj",561002,Asthma,103,52
3592,3593,P3593-9704-1,Jayesh Kuruvilla,1997-04-16,28,Male,O+,23.3,"08/44
Kothari Zila",572007,Sleep Apnea,86,97
3593,3594,P3594-7207-2,Hrishita Bakshi,1972-07-26,52,Female,O+,22.6,"47/88, Gara Zila",570002,Heart Disease,79,72
3594,3595,P3595-4808-2,Hiran Contractor,1948-08-02,76,Female,O+,21.4,"H.No. 687, Krishnamurthy Marg",560021,Asthma,67,21
3595,3596,P3596-7206-1,Hazel Kuruvilla,1972-06-11,53,Male,B-,25.1,"H.No. 67
Sridhar Path",561005,Osteoporosis,104,55
3596,3597,P3597-8409-2,Ishaan Behl,1984-09-03,40,Female,A-,24.4,"H.No. 29
Batta Marg",560102,Asthma,97,33
3597,3598,P3598-8306-2,Zara Raj,1983-06-17,42,Female,O-,23.0,"906, Hora Ganj",562002,Dementia,83,62
3598,3599,P3599-6911-2,Emir Som,1969-11-06,55,Female,O+,21.6,"37, Sethi Zila",560015,Sleep Apnea,69,15
3599,3600,P3600-4806-2,Indrajit Shan,1948-06-28,77,Female,AB+,26.4,"08
Trivedi Marg",572007,Asthma,117,97
3600,3601,P3601-4401-1,Ryan Bobal,1944-01-26,81,Male,O-,27.4,"90, Krishna Zila",570004,Hypertension,127,74
3601,3602,P3602-6903-1,Nirvaan Balakrishnan,1969-03-16,56,Male,B+,24.7,"42/79, Subramanian Zila",560008,Dementia,100,8
3602,3603,P3603-6308-1,Heer Barad,1963-08-02,61,Male,B+,23.9,"79/086
Deo Ganj",560209,Dementia,92,50
3603,3604,P3604-5303-2,Kavya Subramanian,1953-03-21,72,Female,B+,23.8,"H.No. 52, Chaudhuri Chowk",560027,Sleep Apnea,91,27
3604,3605,P3605-7212-2,Purab Tak,1972-12-14,52,Female,O-,22.5,"H.No. 78
Cherian Path",570006,Hypertension,78,76
3605,3606,P3606-6502-1,Mannat Barman,1965-02-23,60,Male,AB+,25.4,"77/40, Rajagopal Path",560007,Depression,107,7
3606,3607,P3607-9304-1,Ehsaan Suri,1993-04-09,32,Male,A+,25.4,"H.No. 889, Sheth",560104,Asthma,107,35
3607,3608,P3608-0006-2,Kismat Balasubramanian,2000-06-10,25,Female,A-,22.9,"98/008, Jayaraman Path",560005,Asthma,82,5
3608,3609,P3609-4203-1,Saira Chad,1942-03-24,83,Male,A+,25.0,"13/59
Handa Chowk",570005,Dementia,103,75
3609,3610,P3610-8512-1,Madhav Goel,1985-12-30,39,Male,B+,23.2,"22
Sridhar Path",560020,Depression,85,20
3610,3611,P3611-6707-1,Jivika Dua,1967-07-08,58,Male,A-,21.2,"777
Barman Zila",571007,Asthma,65,87
3611,3612,P3612-5201-2,Ahana  Sama,1952-01-10,73,Female,A+,27.3,"78/317, Chandra Path",571001,Gout,126,81
3612,3613,P3613-5808-2,Seher Subramaniam,1958-08-05,66,Female,A+,26.4,"614, Joshi Nagar",561001,Osteoporosis,117,51
3613,3614,P3614-8411-1,Manjari Thakkar,1984-11-04,40,Male,O+,24.6,"96/34
Mall Ganj",560206,Epilepsy,99,47
3614,3615,P3615-9410-2,Ayesha Som,1994-10-26,30,Female,O+,24.4,"64/511, Krishnan Zila",560028,Sleep Apnea,97,28
3615,3616,P3616-5203-1,Himmat Boase,1952-03-23,73,Male,O+,23.2,"H.No. 965
Sarna Marg",560028,Sleep Apnea,85,28
3616,3617,P3617-6404-2,Mehul Kashyap,1964-04-18,61,Female,O+,23.2,"H.No. 473, Aggarwal Nagar",561007,Heart Disease,85,57
3617,3618,P3618-5111-1,Vaibhav Handa,1951-11-30,73,Male,A-,22.7,"H.No. 94, Madan Street",572008,Depression,80,98
3618,3619,P3619-6405-2,Darshit Tata,1964-05-12,61,Female,O+,24.9,"470, Som Ganj",560009,Gout,102,9
3619,3620,P3620-8006-2,Jayan D’Alia,1980-06-27,45,Female,B+,22.3,"H.No. 38
Dugar Ganj",562006,Heart Disease,76,66
3620,3621,P3621-4606-2,Diya Luthra,1946-06-26,79,Female,A+,24.5,"41/739
Kunda Path",572003,Sleep Apnea,98,93
3621,3622,P3622-9712-1,Shayak Vig,1997-12-30,27,Male,O+,25.9,"420
Anand Ganj",562002,Osteoporosis,112,62
3622,3623,P3623-4511-1,Misha Kannan,1945-11-20,79,Male,A+,24.5,"H.No. 59, Chowdhury Nagar",572005,Epilepsy,98,95
3623,3624,P3624-7902-1,Tanya Sathe,1979-02-25,46,Male,AB+,22.7,"H.No. 860
Amble Chowk",560208,Sleep Apnea,80,49
3624,3625,P3625-5405-1,Parinaaz Loyal,1954-05-11,71,Male,O+,24.8,"69/808, Shere Ganj",560012,Gout,101,12
3625,3626,P3626-6401-2,Lakshit Kala,1964-01-07,61,Female,A+,24.1,"15/527
Rastogi Circle",561002,Dementia,94,52
3626,3627,P3627-7005-2,Samarth Mallick,1970-05-04,55,Female,O+,20.5,"547, Swaminathan Marg",572005,Sleep Apnea,58,95
3627,3628,P3628-9110-2,Biju Baria,1991-10-31,33,Female,A+,22.6,"30/944
Sama Marg",560021,Depression,79,21
3628,3629,P3629-9702-2,Myra Handa,1997-02-11,28,Female,AB+,24.3,"673, Dhawan",560202,Heart Disease,96,43
3629,3630,P3630-4809-2,Mehul Kanda,1948-09-18,76,Female,A+,20.1,"89
Wagle Circle",571008,Healthy,54,88
3630,3631,P3631-9810-1,Zara Bera,1998-10-18,26,Male,A+,23.2,"20, Garg Circle",560102,Asthma,85,33
3631,3632,P3632-8111-1,Prerak Tak,1981-11-29,43,Male,A+,23.9,"18/273, Rege Zila",560022,Heart Disease,92,22
3632,3633,P3633-4602-2,Ivana Shroff,1946-02-14,79,Female,A+,19.4,"91/02, Ramachandran Circle",572003,Sleep Apnea,47,93
3633,3634,P3634-7003-1,Jayesh Comar,1970-03-14,55,Male,O+,22.8,"H.No. 520, Kurian Nagar",560008,Osteoporosis,81,8
3634,3635,P3635-6010-1,Hrishita Karpe,1960-10-05,64,Male,A-,22.4,"261
Dar",560009,Epilepsy,77,9
3635,3636,P3636-8206-2,Yashvi Deshmukh,1982-06-06,43,Female,O+,20.0,"H.No. 473
Kapur",560004,Gout,53,4
3636,3637,P3637-4804-2,Hazel Toor,1948-04-22,77,Female,O+,23.6,"22/46, Bora",560205,Sleep Apnea,89,46
3637,3638,P3638-9604-2,Mamooty Shah,1996-04-04,29,Female,B-,23.9,"87, Shan",561009,Hypertension,92,59
3638,3639,P3639-6610-1,Saksham Jha,1966-10-28,58,Male,B-,24.4,"H.No. 03
Srinivas",570006,Healthy,97,76
3639,3640,P3640-8609-2,Raunak Korpal,1986-09-04,38,Female,B-,22.3,"41/65
Gill Zila",570003,Heart Disease,76,73
3640,3641,P3641-4303-2,Abram Loyal,1943-03-19,82,Female,O+,24.3,"99/136
Dara",560011,Sleep Apnea,96,11
3641,3642,P3642-8009-2,Jayan Choudhury,1980-09-17,44,Female,O+,25.1,"55, Chad Road",560209,Hypertension,104,50
3642,3643,P3643-9106-1,Sahil Salvi,1991-06-27,34,Male,O+,25.1,"18/04
Batra Zila",560002,Sleep Apnea,104,2
3643,3644,P3644-0505-1,Ela Lal,2005-05-27,20,Male,O+,21.1,"07/56, Khatri Road",572010,Dementia,64,100
3644,3645,P3645-8810-1,Ojas Garde,1988-10-01,36,Male,A+,22.9,"54/743, Dalal Chowk",570007,Osteoporosis,82,77
3645,3646,P3646-7810-1,Aarna Kanda,1978-10-04,46,Male,O-,24.7,"H.No. 570
Shroff Circle",560202,Epilepsy,100,43
3646,3647,P3647-5712-2,Riya Khurana,1957-12-15,67,Female,O+,23.9,"H.No. 48, Dey Zila",560010,Dementia,92,10
3647,3648,P3648-7102-2,Miraan Setty,1971-02-11,54,Female,B+,26.4,"07/070
Sawhney Zila",561007,Asthma,117,57
3648,3649,P3649-8704-1,Charvi Krishnan,1987-04-21,38,Male,A+,27.1,"H.No. 64
Jhaveri Path",562004,Osteoporosis,124,64
3649,3650,P3650-5103-2,Miraya Rana,1951-03-20,74,Female,O+,26.2,"821
Sinha Ganj",561009,Depression,115,59
3650,3651,P3651-6808-1,Khushi Chana,1968-08-09,56,Male,A+,28.4,"76
Randhawa Marg",570003,Epilepsy,137,73
3651,3652,P3652-6803-1,Gokul Toor,1968-03-21,57,Male,O-,21.2,"27
Kar",560200,Hypertension,65,41
3652,3653,P3653-8804-2,Mohanlal Wali,1988-04-30,37,Female,B+,21.3,"752, Anne Road",572006,Dementia,66,96
3653,3654,P3654-6901-1,Farhan Kade,1969-01-03,56,Male,A+,23.6,"29, Lata Ganj",560207,Healthy,89,48
3654,3655,P3655-9203-2,Aniruddh Chana,1992-03-05,33,Female,B-,26.2,"36/663
Garde Chowk",560202,Epilepsy,115,43
3655,3656,P3656-5407-2,Renee Lalla,1954-07-21,70,Female,A+,25.7,"H.No. 396, Bhalla Street",560206,Sleep Apnea,110,47
3656,3657,P3657-4009-1,Lavanya Bobal,1940-09-15,84,Male,A+,24.8,"325, Batta Zila",572008,Sleep Apnea,101,98
3657,3658,P3658-0209-1,Abram Krishnan,2002-09-06,22,Male,O+,25.3,"070
Deshmukh Marg",562008,Depression,106,68
3658,3659,P3659-7808-1,Ivan Cheema,1978-08-21,46,Male,A+,22.1,"H.No. 594, Bhat",570008,Osteoporosis,74,78
3659,3660,P3660-6103-2,Vaibhav Lad,1961-03-09,64,Female,A+,25.0,"94
Bhagat Nagar",560100,Asthma,103,31
3660,3661,P3661-5209-2,Rasha Kumer,1952-09-14,72,Female,O+,25.9,"61/384, Dubey Road",572003,Hypertension,112,93
3661,3662,P3662-6203-2,Vivaan Bakshi,1962-03-27,63,Female,B+,24.5,"27
Ranganathan",560012,Healthy,98,12
3662,3663,P3663-7208-1,Jivin Gandhi,1972-08-26,52,Male,B+,23.9,"90
Dugal Path",560016,Osteoporosis,92,16
3663,3664,P3664-8005-2,Yakshit Andra,1980-05-24,45,Female,O+,22.7,"88, Chatterjee",560008,Diabetes,80,8
3664,3665,P3665-6609-2,Gokul Kalla,1966-09-15,58,Female,A+,22.9,"38/718, Kashyap Marg",570002,Diabetes,82,72
3665,3666,P3666-6110-1,Vardaniya Vasa,1961-10-08,63,Male,O+,24.7,"19/38
Vaidya Zila",560104,Hypertension,100,35
3666,3667,P3667-8312-2,Sara Hans,1983-12-06,41,Female,A+,22.7,"68/631
Warrior Street",561005,Epilepsy,80,55
3667,3668,P3668-4301-1,Lakshay Lad,1943-01-16,82,Male,AB+,27.1,"H.No. 44
Manne Path",561005,Epilepsy,124,55
3668,3669,P3669-7311-2,Nakul Dass,1973-11-23,51,Female,AB+,23.4,"061, Chawla Path",560004,Asthma,87,4
3669,3670,P3670-9908-1,Yuvraj  Tata,1999-08-07,25,Male,A+,20.8,"67/76
Sinha Nagar",561005,Heart Disease,61,55
3670,3671,P3671-7506-1,Tushar Kurian,1975-06-23,50,Male,O+,23.0,"72, Sibal Zila",560025,Asthma,83,25
3671,3672,P3672-6311-1,Mamooty Bhasin,1963-11-28,61,Male,B+,27.1,"H.No. 945, Ranganathan Marg",572005,Dementia,124,95
3672,3673,P3673-6508-2,Shalv Vyas,1965-08-19,59,Female,B+,20.6,"H.No. 325, Dani Zila",560025,Depression,59,25
3673,3674,P3674-8507-2,Pari Dayal,1985-07-14,39,Female,O-,26.0,"62/96
Ramanathan Zila",562009,Gout,113,69
3674,3675,P3675-8003-2,Sumer Subramanian,1980-03-06,45,Female,B+,25.4,"67, Comar Road",571006,Heart Disease,107,86
3675,3676,P3676-9803-2,Badal Ratta,1998-03-03,27,Female,O+,23.2,"03
Koshy Road",560029,Sleep Apnea,85,29
3676,3677,P3677-9211-2,Zain Sharma,1992-11-05,32,Female,B-,22.1,"73/05, Mammen Road",560025,Epilepsy,74,25
3677,3678,P3678-4508-1,Alisha Khosla,1945-08-31,79,Male,O+,26.3,"H.No. 11
Guha Zila",560206,Gout,116,47
3678,3679,P3679-7002-1,Manikya Kant,1970-02-01,55,Male,O+,27.0,"96
Ahuja Street",560007,Gout,123,7
3679,3680,P3680-5707-2,Indranil Kashyap,1957-07-09,68,Female,B+,25.8,"768
Roy",560009,Healthy,111,9
3680,3681,P3681-8607-1,Vidur Kata,1986-07-30,38,Male,O+,24.8,"91/093
Sridhar Zila",561005,Healthy,101,55
3681,3682,P3682-4309-2,Hazel Chad,1943-09-05,81,Female,B+,23.6,"14/379, Din Circle",560201,Heart Disease,89,42
3682,3683,P3683-9008-2,Saira Buch,1990-08-17,34,Female,O+,20.7,"H.No. 93, Bhatt Marg",560029,Diabetes,60,29
3683,3684,P3684-7211-2,Yakshit Srivastava,1972-11-24,52,Female,A+,25.5,"46/417, Krishna Road",560109,Osteoporosis,108,40
3684,3685,P3685-5608-2,Vidur Chaudhry,1956-08-26,68,Female,O+,24.0,"63/431
Gaba Road",561008,Heart Disease,93,58
3685,3686,P3686-0004-2,Mohanlal Bobal,2000-04-11,25,Female,A-,23.2,"96, Dey Zila",572010,Heart Disease,85,100
3686,3687,P3687-9508-2,Mehul Karan,1995-08-23,29,Female,B-,21.2,"68/653, Kurian Zila",571004,Dementia,65,84
3687,3688,P3688-5004-2,Arhaan Biswas,1950-04-23,75,Female,O+,22.3,"13/48
Kala Road",560101,Diabetes,76,32
3688,3689,P3689-5709-1,Romil Wable,1957-09-20,67,Male,O+,25.6,"145, Jha",560007,Hypertension,109,7
3689,3690,P3690-7001-1,Jayant Sangha,1970-01-30,55,Male,A+,26.9,"H.No. 649
Bhasin Marg",560208,Dementia,122,49
3690,3691,P3691-5102-1,Lakshay Brar,1951-02-13,74,Male,O+,26.7,"H.No. 103, Kulkarni Zila",571007,Diabetes,120,87
3691,3692,P3692-7012-1,Yashvi Char,1970-12-19,54,Male,B-,25.6,"H.No. 409, Ray Chowk",560100,Dementia,109,31
3692,3693,P3693-9205-2,Jiya Gola,1992-05-01,33,Female,A+,25.8,"690
Krishnamurthy Path",561002,Gout,111,52
3693,3694,P3694-7707-1,Dharmajan Raj,1977-07-09,48,Male,B-,25.6,"H.No. 605
Chada Road",572006,Heart Disease,109,96
3694,3695,P3695-8105-2,Rati Kala,1981-05-07,44,Female,AB+,24.8,"93/71
Bhalla",570010,Dementia,101,80
3695,3696,P3696-6610-2,Anahi Walla,1966-10-10,58,Female,A+,21.3,"931, Dhar Nagar",562002,Epilepsy,66,62
3696,3697,P3697-4502-2,Tara Ganguly,1945-02-07,80,Female,O+,23.7,"H.No. 228, Raman Street",561007,Gout,90,57
3697,3698,P3698-0305-1,Rania Sarraf,2003-05-27,22,Male,A+,27.7,"97/52, Karan Chowk",562007,Depression,130,67
3698,3699,P3699-9801-2,Zain Hegde,1998-01-19,27,Female,B+,22.2,"60/492
Chada Marg",571010,Sleep Apnea,75,90
3699,3700,P3700-5807-1,Umang Bera,1958-07-25,66,Male,O+,25.9,"H.No. 961, Kannan Ganj",560020,Depression,112,20
3700,3701,P3701-7302-1,Lavanya Kashyap,1973-02-14,52,Male,O+,24.2,"H.No. 66
Sama Circle",571009,Diabetes,95,89
3701,3702,P3702-7308-2,Shray Shenoy,1973-08-17,51,Female,A+,24.2,"42/667, Iyengar Circle",571010,Healthy,95,90
3702,3703,P3703-5107-1,Riya Kara,1951-07-29,73,Male,A-,24.4,"59/900, Sheth Circle",560108,Healthy,97,39
3703,3704,P3704-6702-1,Miraya Amble,1967-02-17,58,Male,A+,22.7,"05/843
Keer Ganj",561005,Diabetes,80,55
3704,3705,P3705-9208-2,Jayan Tata,1992-08-13,32,Female,O+,22.1,"H.No. 66
Cherian Chowk",571006,Depression,74,86
3705,3706,P3706-6203-1,Anahi Dara,1962-03-27,63,Male,O+,22.0,"H.No. 831
Sant",572003,Asthma,73,93
3706,3707,P3707-4501-2,Kanav Hans,1945-01-02,80,Female,A+,26.6,"56/083, Chaudhary Road",572008,Depression,119,98
3707,3708,P3708-7104-1,Biju Chaudhry,1971-04-12,54,Male,B+,23.5,"H.No. 69, Sharma Nagar",571007,Diabetes,88,87
3708,3709,P3709-6208-2,Himmat Ganesan,1962-08-24,62,Female,B-,23.2,"09/58
Lall Street",561005,Heart Disease,85,55
3709,3710,P3710-8811-1,Aaryahi Goel,1988-11-21,36,Male,AB+,27.9,"H.No. 06, Banerjee Nagar",571002,Asthma,132,82
3710,3711,P3711-0008-1,Aarav Kaur,2000-08-15,24,Male,O+,21.4,"09/97, Ravel Path",561008,Asthma,67,58
3711,3712,P3712-7304-1,Anahi Chandran,1973-04-06,52,Male,B+,29.0,"55/707, Dhingra Chowk",571005,Dementia,143,85
3712,3713,P3713-7010-1,Pihu Krishnamurthy,1970-10-20,54,Male,O+,24.8,"H.No. 95
Kari Marg",571003,Healthy,101,83
3713,3714,P3714-6804-1,Lagan Balan,1968-04-24,57,Male,A+,28.0,"H.No. 61, Tella Marg",560020,Healthy,133,20
3714,3715,P3715-0307-2,Mehul Dave,2003-07-10,21,Female,B+,25.0,"91/609
Kurian Nagar",560109,Heart Disease,103,40
3715,3716,P3716-0407-1,Tanya Grewal,2004-07-14,20,Male,O+,24.1,"50/585
Ramakrishnan Road",570003,Hypertension,94,73
3716,3717,P3717-6205-2,Himmat Sengupta,1962-05-11,63,Female,O-,23.1,"640
Bhatti Marg",571010,Diabetes,84,90
3717,3718,P3718-8505-1,Arnav Khatri,1985-05-10,40,Male,O+,24.9,"02
Sule Marg",560202,Osteoporosis,102,43
3718,3719,P3719-4403-2,Riaan Hans,1944-03-30,81,Female,B+,25.4,"46/73, Ganesan Path",560203,Asthma,107,44
3719,3720,P3720-8305-1,Yuvraj  Boase,1983-05-17,42,Male,B+,22.5,"H.No. 746
Sura Road",572003,Asthma,78,93
3720,3721,P3721-8912-1,Keya Raval,1989-12-02,35,Male,A+,21.9,"60/24
Sood Marg",560016,Diabetes,72,16
3721,3722,P3722-6703-1,Ahana  Sharaf,1967-03-12,58,Male,O+,24.2,"H.No. 270, Deep Path",560024,Epilepsy,95,24
3722,3723,P3723-6206-2,Ranbir Krishnamurthy,1962-06-08,63,Female,B+,22.6,"47/72
Doctor Road",570007,Epilepsy,79,77
3723,3724,P3724-4811-1,Vanya Swamy,1948-11-18,76,Male,O+,25.0,"07
Anne Chowk",562007,Heart Disease,103,67
3724,3725,P3725-9001-1,Amani Ray,1990-01-26,35,Male,B+,21.3,"H.No. 65, Date Zila",562005,Asthma,66,65
3725,3726,P3726-4312-2,Kanav Kaur,1943-12-10,81,Female,O+,25.9,"88, Kata Chowk",560200,Healthy,112,41
3726,3727,P3727-0303-2,Shalv Chadha,2003-03-30,22,Female,O+,23.3,"77, Raj Marg",572001,Sleep Apnea,86,91
3727,3728,P3728-0204-1,Raunak Bandi,2002-04-29,23,Male,O+,25.0,"42
Sampath Nagar",572008,Sleep Apnea,103,98
3728,3729,P3729-6011-2,Manikya Chaudhary,1960-11-05,64,Female,O-,23.0,"H.No. 19
Lanka",561006,Heart Disease,83,56
3729,3730,P3730-8308-2,Renee Agarwal,1983-08-09,41,Female,O-,28.1,"H.No. 18, Bhattacharyya Road",560011,Dementia,134,11
3730,3731,P3731-8604-2,Emir D’Alia,1986-04-07,39,Female,B+,25.3,"309, Goda",561005,Gout,106,55
3731,3732,P3732-5707-1,Ranbir Lalla,1957-07-15,68,Male,AB+,19.9,"45/35, Chakrabarti Path",560203,Osteoporosis,52,44
3732,3733,P3733-9611-2,Jayant Kalla,1996-11-20,28,Female,B+,22.5,"40/46, Batta Marg",560004,Asthma,78,4
3733,3734,P3734-7607-1,Saksham Sen,1976-07-20,48,Male,A+,23.4,"H.No. 54
Borah Circle",570010,Hypertension,87,80
3734,3735,P3735-9409-1,Miraan Seth,1994-09-09,30,Male,B+,25.0,"H.No. 01
Chauhan Road",560209,Sleep Apnea,103,50
3735,3736,P3736-7007-2,Fateh Dhingra,1970-07-05,55,Female,B+,23.8,"H.No. 04, Bumb Circle",562004,Hypertension,91,64
3736,3737,P3737-4206-2,Mannat Tripathi,1942-06-24,83,Female,A+,20.8,"80/499, Swamy Road",560107,Sleep Apnea,61,38
3737,3738,P3738-9612-1,Jiya Shah,1996-12-09,28,Male,O+,21.3,"H.No. 99, Trivedi Marg",562007,Sleep Apnea,66,67
3738,3739,P3739-4712-1,Kanav Sinha,1947-12-27,77,Male,B+,25.1,"25
Sami",560105,Healthy,104,36
3739,3740,P3740-4412-1,Raunak Ramaswamy,1944-12-13,80,Male,A+,25.7,"836
Srinivas Road",572002,Depression,110,92
3740,3741,P3741-5803-2,Himmat Chand,1958-03-27,67,Female,AB+,21.1,"H.No. 181, Varty Zila",562002,Hypertension,64,62
3741,3742,P3742-4004-2,Jayan Lanka,1940-04-17,85,Female,B+,22.7,"74/48, Dash Nagar",560206,Sleep Apnea,80,47
3742,3743,P3743-5303-1,Krish Kalita,1953-03-30,72,Male,B+,27.3,"43
Sahota Circle",560028,Gout,126,28
3743,3744,P3744-5809-1,Diya Bhargava,1958-09-25,66,Male,O+,22.6,"80/397, Dasgupta Nagar",560209,Epilepsy,79,50
3744,3745,P3745-8710-1,Parinaaz Borah,1987-10-24,37,Male,O-,24.6,"H.No. 68
Gulati Road",570001,Asthma,99,71
3745,3746,P3746-4908-2,Sara Devan,1949-08-15,75,Female,O+,22.5,"516, Rajagopal Road",572010,Asthma,78,100
3746,3747,P3747-5402-2,Oorja Hegde,1954-02-03,71,Female,AB-,28.9,"H.No. 56
Dua Road",561009,Sleep Apnea,142,59
3747,3748,P3748-7206-1,Ayesha Gokhale,1972-06-30,53,Male,B+,24.0,"84/272, Dora Road",560209,Dementia,93,50
3748,3749,P3749-0004-1,Myra Dhawan,2000-04-16,25,Male,O+,23.7,"884, Vora Circle",571001,Heart Disease,90,81
3749,3750,P3750-5712-1,Priyansh Randhawa,1957-12-25,67,Male,O+,23.8,"H.No. 990, Lall Nagar",572009,Asthma,91,99
3750,3751,P3751-7502-1,Ojas Yadav,1975-02-23,50,Male,A-,28.7,"340
Johal Street",562004,Gout,140,64
3751,3752,P3752-9406-2,Ritvik Badal,1994-06-19,31,Female,AB+,23.2,"167, Keer",561007,Healthy,85,57
3752,3753,P3753-6009-2,Zara Saxena,1960-09-03,64,Female,A+,25.0,"H.No. 892
Soman Chowk",572002,Asthma,103,92
3753,3754,P3754-8708-1,Rati Hans,1987-08-03,37,Male,O-,24.0,"H.No. 841
Shere Path",570008,Osteoporosis,93,78
3754,3755,P3755-4007-1,Oorja Kala,1940-07-30,84,Male,A+,26.2,"H.No. 49, Ray",571003,Heart Disease,115,83
3755,3756,P3756-0103-2,Riaan Chandra,2001-03-12,24,Female,O+,25.9,"H.No. 93
Balakrishnan Road",562003,Dementia,112,63
3756,3757,P3757-6908-2,Heer Raja,1969-08-13,55,Female,A-,24.9,"41/937, Borde Ganj",561003,Dementia,102,53
3757,3758,P3758-6005-1,Himmat Subramanian,1960-05-09,65,Male,O-,22.7,"118
Rao Circle",560026,Heart Disease,80,26
3758,3759,P3759-9207-2,Vihaan Jaggi,1992-07-05,33,Female,A+,24.5,"50/035, Chhabra Marg",571010,Depression,98,90
3759,3760,P3760-0207-1,Vritika Bora,2002-07-21,22,Male,A+,22.4,"H.No. 94
Jayaraman Chowk",560003,Osteoporosis,77,3
3760,3761,P3761-7711-2,Zoya Upadhyay,1977-11-02,47,Female,O+,22.7,"H.No. 462
Bhakta",561006,Diabetes,80,56
3761,3762,P3762-9407-2,Divij Dhaliwal,1994-07-18,30,Female,O+,22.4,"H.No. 806, Kapadia Chowk",560030,Sleep Apnea,77,30
3762,3763,P3763-6904-1,Inaaya  Sundaram,1969-04-02,56,Male,O+,25.8,"05/137, Rege",570001,Hypertension,111,71
3763,3764,P3764-6304-2,Arhaan Hora,1963-04-17,62,Female,AB+,23.8,"51/713
Chadha Road",571001,Asthma,91,81
3764,3765,P3765-5403-1,Anay Randhawa,1954-03-29,71,Male,B+,24.7,"H.No. 655, Mangat Road",571006,Dementia,100,86
3765,3766,P3766-4604-2,Anvi Bhagat,1946-04-03,79,Female,B-,24.8,"72/25, Sharma Path",560201,Depression,101,42
3766,3767,P3767-0507-2,Parinaaz Sachdev,2005-07-04,20,Female,O+,22.0,"99/080
Ram Path",560204,Depression,73,45
3767,3768,P3768-7001-2,Renee Dalal,1970-01-04,55,Female,O+,23.7,"H.No. 245
Bhalla",560025,Diabetes,90,25
3768,3769,P3769-4708-1,Dhruv Das,1947-08-14,77,Male,AB+,22.1,"57/71
Kohli Marg",560020,Hypertension,74,20
3769,3770,P3770-6203-2,Vaibhav Sharaf,1962-03-10,63,Female,O+,23.1,"H.No. 49
Lata Ganj",561001,Heart Disease,84,51
3770,3771,P3771-7103-1,Kashvi De,1971-03-08,54,Male,A+,24.1,"615, Rajagopal",560106,Sleep Apnea,94,37
3771,3772,P3772-4208-1,Vedika Vala,1942-08-06,82,Male,O+,25.2,"51/40, Balakrishnan Path",571009,Depression,105,89
3772,3773,P3773-0506-2,Vidur Mandal,2005-06-20,20,Female,A-,23.8,"H.No. 635, Zacharia Zila",560203,Heart Disease,91,44
3773,3774,P3774-9509-2,Tejas Mannan,1995-09-12,29,Female,B+,26.6,"H.No. 42
Bumb Road",561003,Healthy,119,53
3774,3775,P3775-0511-1,Prerak Chanda,2005-11-03,19,Male,O+,24.3,"H.No. 514, Sood Street",560016,Gout,96,16
3775,3776,P3776-6308-1,Alia Bhavsar,1963-08-22,61,Male,O+,24.7,"H.No. 601
Chaudhry Road",562006,Dementia,100,66
3776,3777,P3777-5903-1,Nirvi Rajagopalan,1959-03-03,66,Male,B-,24.1,"24/81
Malhotra Chowk",560021,Sleep Apnea,94,21
3777,3778,P3778-6401-2,Eshani Gupta,1964-01-26,61,Female,O+,23.2,"81/91
Roy Street",560028,Epilepsy,85,28
3778,3779,P3779-5301-1,Umang Bedi,1953-01-11,72,Male,O-,26.4,"41/015
Yohannan Circle",572010,Depression,117,100
3779,3780,P3780-5804-1,Eva Mand,1958-04-14,67,Male,O+,22.3,"76/69, Toor Nagar",572003,Gout,76,93
3780,3781,P3781-5206-1,Zoya Ray,1952-06-17,73,Male,B+,24.1,"52
Sharaf Road",570004,Dementia,94,74
3781,3782,P3782-5007-1,Shaan Bobal,1950-07-26,74,Male,B+,21.4,"H.No. 04, Soni Road",560003,Depression,67,3
3782,3783,P3783-8402-2,Shlok Deshmukh,1984-02-21,41,Female,A+,25.2,"09/95
Chaudry Circle",560003,Epilepsy,105,3
3783,3784,P3784-6010-1,Nayantara Thakur,1960-10-01,64,Male,A+,25.0,"H.No. 829, Datta Chowk",560008,Osteoporosis,103,8
3784,3785,P3785-9707-1,Tejas Bandi,1997-07-24,27,Male,A-,25.4,"17/93
Ravel Circle",571006,Asthma,107,86
3785,3786,P3786-0405-2,Umang Ramesh,2004-05-09,21,Female,AB-,28.4,"45/111
Balay Road",560005,Heart Disease,137,5
3786,3787,P3787-8002-2,Madhup Balay,1980-02-20,45,Female,B+,25.4,"701
Bora Marg",560207,Diabetes,107,48
3787,3788,P3788-5701-2,Hazel Anand,1957-01-05,68,Female,B+,21.5,"589
Hans Ganj",562003,Sleep Apnea,68,63
3788,3789,P3789-7106-2,Priyansh Jain,1971-06-03,54,Female,B+,24.3,"H.No. 89, Bhatnagar Circle",560012,Healthy,96,12
3789,3790,P3790-7107-2,Saksham Shenoy,1971-07-28,53,Female,O+,28.0,"25
Mani Chowk",560103,Gout,133,34
3790,3791,P3791-7104-1,Tara Chaudhry,1971-04-20,54,Male,O+,24.1,"839, Sani Nagar",570010,Heart Disease,94,80
3791,3792,P3792-5910-2,Madhav Hari,1959-10-17,65,Female,A+,21.9,"16/71, Sura Chowk",560005,Gout,72,5
3792,3793,P3793-7506-1,Onkar Sehgal,1975-06-19,50,Male,B+,23.4,"000
Sunder Chowk",562001,Hypertension,87,61
3793,3794,P3794-5610-1,Renee Dewan,1956-10-12,68,Male,O+,24.1,"H.No. 91
Vohra Path",561002,Epilepsy,94,52
3794,3795,P3795-5502-1,Aradhya Deol,1955-02-11,70,Male,B+,27.6,"93/71, Shetty Chowk",560016,Healthy,129,16
3795,3796,P3796-0307-2,Suhana Swamy,2003-07-04,22,Female,O+,23.6,"72, Khanna Circle",560205,Depression,89,46
3796,3797,P3797-7711-2,Kismat Sandhu,1977-11-15,47,Female,O+,28.7,"07/19
Bhatia Marg",571009,Heart Disease,140,89
3797,3798,P3798-5510-2,Nitya Mani,1955-10-12,69,Female,O+,26.2,"H.No. 118
Kurian Path",560026,Epilepsy,115,26
3798,3799,P3799-8301-2,Khushi Arya,1983-01-19,42,Female,O-,22.5,"H.No. 109
Loyal Marg",570004,Gout,78,74
3799,3800,P3800-8703-1,Ira Bassi,1987-03-29,38,Male,B+,22.3,"23
Handa Ganj",570010,Diabetes,76,80
3800,3801,P3801-5209-1,Ishaan Batra,1952-09-02,72,Male,O+,27.0,"H.No. 02, Yogi Street",560024,Healthy,123,24
3801,3802,P3802-7412-1,Shray Sankar,1974-12-28,50,Male,A-,24.6,"H.No. 429, Jain Street",561010,Dementia,99,60
3802,3803,P3803-4808-1,Uthkarsh Loyal,1948-08-02,76,Male,AB+,25.0,"876
Vig Nagar",560022,Heart Disease,103,22
3803,3804,P3804-6807-2,Zeeshan Sangha,1968-07-26,56,Female,O+,22.0,"14/16, Gola Nagar",560202,Diabetes,73,43
3804,3805,P3805-0504-1,Tara Dora,2005-04-06,20,Male,A+,26.0,"H.No. 69
Iyengar Street",571007,Gout,113,87
3805,3806,P3806-7811-1,Kashvi Shanker,1978-11-02,46,Male,O+,23.5,"H.No. 98, Khare",560014,Depression,88,14
3806,3807,P3807-8209-2,Dhanush Comar,1982-09-02,42,Female,A+,27.6,"04
Lall Street",560202,Asthma,129,43
3807,3808,P3808-5810-2,Bhavin Ray,1958-10-31,66,Female,O-,17.6,"389, Badal Path",561010,Sleep Apnea,29,60
3808,3809,P3809-8210-2,Ryan Yogi,1982-10-09,42,Female,O+,24.5,"86/53, Kuruvilla Ganj",560022,Sleep Apnea,98,22
3809,3810,P3810-6004-1,Baiju Khanna,1960-04-03,65,Male,O+,27.3,"806
Sandhu",560107,Asthma,126,38
3810,3811,P3811-9509-1,Ivan Bail,1995-09-16,29,Male,AB-,22.0,"38/504
Tak Circle",560029,Dementia,73,29
3811,3812,P3812-6602-1,Anvi Ravi,1966-02-06,59,Male,A+,20.5,"711
Bose Circle",560019,Diabetes,58,19
3812,3813,P3813-7504-2,Tanya Banerjee,1975-04-27,50,Female,O+,25.4,"955, Sundaram Circle",560101,Hypertension,107,32
3813,3814,P3814-8702-2,Nitara Srinivasan,1987-02-22,38,Female,AB+,22.2,"50, Sem Circle",570008,Healthy,75,78
3814,3815,P3815-9910-1,Ehsaan Seth,1999-10-10,25,Male,B-,21.9,"73/692
Upadhyay Street",560013,Healthy,72,13
3815,3816,P3816-8807-2,Adah Reddy,1988-07-27,36,Female,O+,26.5,"H.No. 18, Varughese Marg",560004,Gout,118,4
3816,3817,P3817-8303-1,Kartik Sathe,1983-03-21,42,Male,B+,26.5,"83/785, Raman Street",560109,Hypertension,118,40
3817,3818,P3818-6810-1,Elakshi Sha,1968-10-11,56,Male,A+,24.5,"68/30
Mangal Circle",571008,Asthma,98,88
3818,3819,P3819-6307-2,Piya Tara,1963-07-08,62,Female,B+,24.5,"79/50
Lad Road",560202,Hypertension,98,43
3819,3820,P3820-7101-2,Manjari Varty,1971-01-16,54,Female,O+,25.3,"068
Varghese Marg",560022,Sleep Apnea,106,22
3820,3821,P3821-0105-2,Mannat Lata,2001-05-17,24,Female,O+,26.5,"H.No. 118
Kari",560029,Dementia,118,29
3821,3822,P3822-5405-1,Ranbir Brahmbhatt,1954-05-28,71,Male,A+,21.9,"44/94
Sachdev Path",572004,Osteoporosis,72,94
3822,3823,P3823-4006-1,Aaina Subramaniam,1940-06-26,85,Male,B+,30.4,"H.No. 45, Bassi Zila",560201,Epilepsy,157,42
3823,3824,P3824-9006-2,Vaibhav Arya,1990-06-24,35,Female,A-,23.4,"061
Bobal Chowk",572003,Healthy,87,93
3824,3825,P3825-0002-2,Zoya Mander,2000-02-12,25,Female,O+,26.1,"61/66, Sarin Circle",560024,Healthy,114,24
3825,3826,P3826-8303-2,Myra Dass,1983-03-16,42,Female,O+,25.3,"55/08, Mann Ganj",561004,Epilepsy,106,54
3826,3827,P3827-7902-2,Kabir Chakraborty,1979-02-19,46,Female,AB+,24.5,"547
Krish Zila",560006,Depression,98,6
3827,3828,P3828-5511-2,Tanya Madan,1955-11-16,69,Female,A+,23.3,"H.No. 55, Sahni Nagar",571010,Gout,86,90
3828,3829,P3829-9602-2,Khushi Dhar,1996-02-20,29,Female,O+,22.8,"30
Basu Zila",562005,Heart Disease,81,65
3829,3830,P3830-9806-1,Indrans Verma,1998-06-02,27,Male,O-,22.2,"H.No. 49, Vaidya Path",570001,Dementia,75,71
3830,3831,P3831-8005-1,Zara Bhatnagar,1980-05-20,45,Male,O+,24.7,"77, Maharaj Marg",562002,Osteoporosis,100,62
3831,3832,P3832-7606-2,Kismat Vora,1976-06-23,49,Female,B+,22.9,"56/99, Chandran Zila",572010,Asthma,82,100
3832,3833,P3833-6207-2,Samiha Saran,1962-07-24,62,Female,O+,27.2,"85/44
Madan Ganj",562009,Osteoporosis,125,69
3833,3834,P3834-9708-2,Anya Chowdhury,1997-08-03,27,Female,O+,27.8,"H.No. 440
Datta Zila",560105,Epilepsy,131,36
3834,3835,P3835-8506-2,Rati Vaidya,1985-06-09,40,Female,O-,28.5,"591, Dara Marg",560019,Healthy,138,19
3835,3836,P3836-7301-1,Heer Karpe,1973-01-20,52,Male,O+,22.6,"45/216
Zachariah Marg",560002,Heart Disease,79,2
3836,3837,P3837-6706-2,Tushar Kohli,1967-06-18,58,Female,AB-,24.5,"54, Sandhu Street",571008,Asthma,98,88
3837,3838,P3838-5911-1,Hiran Dash,1959-11-16,65,Male,O+,24.0,"36, Upadhyay Path",560025,Diabetes,93,25
3838,3839,P3839-0310-1,Yakshit Kashyap,2003-10-15,21,Male,B+,24.2,"507, Cherian Nagar",571001,Sleep Apnea,95,81
3839,3840,P3840-6111-1,Arhaan Choudhry,1961-11-06,63,Male,O+,24.7,"18/32
Bains Marg",560201,Depression,100,42
3840,3841,P3841-8105-2,Indrans Agate,1981-05-20,44,Female,O+,22.6,"767, Bhasin Street",560017,Diabetes,79,17
3841,3842,P3842-5411-1,Nirvi Lala,1954-11-18,70,Male,AB+,21.3,"H.No. 33, Warrior Street",560020,Depression,66,20
3842,3843,P3843-7710-1,Kabir Bhatti,1977-10-14,47,Male,A-,20.2,"13/99, Bhasin Marg",572009,Asthma,55,99
3843,3844,P3844-0304-1,Azad Dayal,2003-04-19,22,Male,B+,25.8,"22, Madan Road",560027,Healthy,111,27
3844,3845,P3845-0006-1,Armaan Manne,2000-06-17,25,Male,B-,26.2,"28
Kuruvilla Nagar",570006,Dementia,115,76
3845,3846,P3846-8309-1,Oorja Shroff,1983-09-28,41,Male,O+,26.3,"24/138, Kala Road",560207,Sleep Apnea,116,48
3846,3847,P3847-8301-1,Diya Keer,1983-01-21,42,Male,A+,23.0,"45/27, Majumdar Road",560206,Epilepsy,83,47
3847,3848,P3848-8411-2,Nayantara Banik,1984-11-22,40,Female,AB+,24.2,"36/61, Tella Marg",570009,Gout,95,79
3848,3849,P3849-5307-1,Myra Uppal,1953-07-21,71,Male,B-,24.6,"78, Vohra Path",560029,Asthma,99,29
3849,3850,P3850-4212-2,Vanya Lad,1942-12-04,82,Female,O+,25.6,"698
Tak Ganj",560011,Hypertension,109,11
3850,3851,P3851-6902-1,Vedika Doctor,1969-02-11,56,Male,O-,21.1,"57
Kala Zila",571004,Sleep Apnea,64,84
3851,3852,P3852-8407-1,Eshani Konda,1984-07-13,40,Male,A+,21.9,"H.No. 88, Keer Zila",571005,Asthma,72,85
3852,3853,P3853-9008-2,Ahana  Kapoor,1990-08-08,34,Female,B+,25.4,"H.No. 070
Choudhary Street",560008,Healthy,107,8
3853,3854,P3854-6509-2,Yuvaan Viswanathan,1965-09-21,59,Female,O+,18.7,"122
Shan Zila",572002,Heart Disease,40,92
3854,3855,P3855-8311-2,Ehsaan Venkatesh,1983-11-05,41,Female,O+,27.2,"H.No. 78
Gara Path",561005,Osteoporosis,125,55
3855,3856,P3856-4202-2,Khushi Balakrishnan,1942-02-21,83,Female,B+,25.9,"55, Bath Zila",570006,Healthy,112,76
3856,3857,P3857-6101-2,Nirvi Vig,1961-01-05,64,Female,A+,24.5,"32
Sagar Ganj",571010,Healthy,98,90
3857,3858,P3858-4202-1,Samarth Lal,1942-02-16,83,Male,O-,24.5,"H.No. 850
Seth Zila",560014,Gout,98,14
3858,3859,P3859-8004-1,Kashvi De,1980-04-21,45,Male,A+,25.1,"49/912, Swamy Road",562006,Epilepsy,104,66
3859,3860,P3860-6501-1,Vidur Dada,1965-01-26,60,Male,O+,24.0,"45/56, Tripathi Circle",562001,Osteoporosis,93,61
3860,3861,P3861-8810-2,Ishita Sridhar,1988-10-02,36,Female,B+,22.5,"H.No. 15, Sen Circle",562008,Dementia,78,68
3861,3862,P3862-7112-2,Diya Dayal,1971-12-18,53,Female,B+,23.0,"54/65, Sheth Ganj",561006,Hypertension,83,56
3862,3863,P3863-5311-2,Arhaan Warrior,1953-11-15,71,Female,A+,24.7,"H.No. 83
Acharya Marg",562009,Epilepsy,100,69
3863,3864,P3864-5501-1,Alisha Ganesh,1955-01-03,70,Male,B+,22.5,"H.No. 65
Bhattacharyya Marg",572009,Asthma,78,99
3864,3865,P3865-6112-1,Vaibhav Kant,1961-12-07,63,Male,B-,24.3,"19, Arora",560023,Asthma,96,23
3865,3866,P3866-6608-1,Divit Chopra,1966-08-17,58,Male,O+,24.5,"05
Loyal Path",572007,Asthma,98,97
3866,3867,P3867-6506-1,Nirvaan Sahni,1965-06-02,60,Male,O+,26.0,"H.No. 852, Shetty Street",572002,Sleep Apnea,113,92
3867,3868,P3868-7112-2,Indrajit Mander,1971-12-31,53,Female,O+,23.3,"26
Ghosh Street",572006,Sleep Apnea,86,96
3868,3869,P3869-6809-1,Lakshay Sawhney,1968-09-16,56,Male,O+,26.5,"H.No. 296, Dugal Chowk",561008,Depression,118,58
3869,3870,P3870-5207-2,Kaira Sangha,1952-07-20,72,Female,B+,29.5,"H.No. 01
Venkatesh Path",562008,Asthma,148,68
3870,3871,P3871-4811-2,Ira Golla,1948-11-01,76,Female,O+,24.3,"956
Guha Nagar",560030,Sleep Apnea,96,30
3871,3872,P3872-9704-2,Tanya Ramanathan,1997-04-18,28,Female,A+,25.1,"066
Bhalla Circle",572003,Epilepsy,104,93
3872,3873,P3873-7502-1,Hiran Dixit,1975-02-12,50,Male,AB-,22.1,"61/584, Kale",562005,Gout,74,65
3873,3874,P3874-6206-1,Aaryahi Tiwari,1962-06-06,63,Male,AB-,26.0,"H.No. 892
Bedi Chowk",570010,Dementia,113,80
3874,3875,P3875-6608-1,Anaya Dua,1966-08-22,58,Male,O+,23.4,"56/240, Boase Street",572003,Asthma,87,93
3875,3876,P3876-9302-2,Hazel Chaudhary,1993-02-03,32,Female,A+,25.9,"H.No. 84
Agate Marg",562009,Asthma,112,69
3876,3877,P3877-8310-2,Samar Sarma,1983-10-01,41,Female,O+,23.0,"344, Mani Ganj",571008,Diabetes,83,88
3877,3878,P3878-7411-2,Rati Arora,1974-11-11,50,Female,A+,25.0,"H.No. 21
Gour Zila",562010,Dementia,103,70
3878,3879,P3879-4101-2,Zeeshan Comar,1941-01-07,84,Female,O+,24.7,"34/05, Kapadia Street",560207,Heart Disease,100,48
3879,3880,P3880-0510-1,Aaryahi Choudhry,2005-10-13,19,Male,O+,27.7,"68/262
Gopal Road",560014,Depression,130,14
3880,3881,P3881-5808-1,Nishith Bhat,1958-08-23,66,Male,A+,25.5,"08
Raval Path",570005,Epilepsy,108,75
3881,3882,P3882-7509-2,Amira Khalsa,1975-09-12,49,Female,B+,26.3,"34/800, Barman Chowk",571001,Diabetes,116,81
3882,3883,P3883-0309-2,Aarna Kamdar,2003-09-20,21,Female,B+,20.1,"57/79, Banik Street",562002,Osteoporosis,54,62
3883,3884,P3884-4001-1,Diya Bir,1940-01-08,85,Male,O-,25.8,"H.No. 465
Mann Road",561002,Depression,111,52
3884,3885,P3885-7512-1,Vritika Rajagopalan,1975-12-02,49,Male,O-,26.6,"H.No. 812
De Marg",560025,Sleep Apnea,119,25
3885,3886,P3886-5111-2,Hridaan Chopra,1951-11-22,73,Female,AB+,27.0,"01/33, Ram Zila",570009,Depression,123,79
3886,3887,P3887-7510-1,Veer Kulkarni,1975-10-18,49,Male,A+,22.4,"H.No. 88
Lall Circle",560209,Hypertension,77,50
3887,3888,P3888-8903-1,Rohan Upadhyay,1989-03-30,36,Male,O+,24.1,"99/600
Vohra",560021,Depression,94,21
3888,3889,P3889-6509-1,Gokul Shroff,1965-09-05,59,Male,AB-,26.2,"49/81, Choudhry Zila",560013,Gout,115,13
3889,3890,P3890-5309-2,Zoya Reddy,1953-09-13,71,Female,A+,27.2,"35, Raja",560030,Dementia,125,30
3890,3891,P3891-4211-2,Mannat Chawla,1942-11-09,82,Female,AB+,23.9,"716
Dyal Circle",560015,Depression,92,15
3891,3892,P3892-6108-2,Mehul Arya,1961-08-21,63,Female,O-,26.4,"090
Kale Road",560010,Hypertension,117,10
3892,3893,P3893-8608-1,Parinaaz Chandra,1986-08-17,38,Male,B+,23.9,"H.No. 14, Ganguly",561001,Dementia,92,51
3893,3894,P3894-6309-1,Vardaniya Sidhu,1963-09-12,61,Male,O-,24.0,"39, Chauhan Chowk",561010,Healthy,93,60
3894,3895,P3895-9708-2,Hazel Varghese,1997-08-18,27,Female,B+,18.2,"42
Kulkarni Zila",560107,Asthma,35,38
3895,3896,P3896-7405-1,Baiju Sodhi,1974-05-06,51,Male,A+,24.1,"H.No. 308
Dhawan Marg",562007,Epilepsy,94,67
3896,3897,P3897-7202-2,Mishti Sen,1972-02-16,53,Female,A+,19.7,"28
Dhaliwal Street",561003,Osteoporosis,50,53
3897,3898,P3898-0304-1,Nishith Sabharwal,2003-04-20,22,Male,A+,23.7,"76/150, Sarma Road",560014,Sleep Apnea,90,14
3898,3899,P3899-9506-2,Saksham Dada,1995-06-26,30,Female,O+,21.2,"200, Atwal Circle",571003,Epilepsy,65,83
3899,3900,P3900-5006-1,Anahita Krish,1950-06-24,75,Male,O+,20.6,"109
Raval",562006,Hypertension,59,66
3900,3901,P3901-5209-1,Dishani Hari,1952-09-15,72,Male,O-,24.3,"H.No. 376, Sood Zila",561001,Dementia,96,51
3901,3902,P3902-4606-2,Dhruv Mannan,1946-06-11,79,Female,O+,20.5,"39/465
Hayer Street",562008,Epilepsy,58,68
3902,3903,P3903-0104-2,Shamik Bandi,2001-04-25,24,Female,B-,23.9,"43
Sinha Road",570006,Hypertension,92,76
3903,3904,P3904-0202-2,Damini Dube,2002-02-18,23,Female,B+,21.6,"34/61
Raju Ganj",562006,Sleep Apnea,69,66
3904,3905,P3905-4201-2,Ishaan Kadakia,1942-01-05,83,Female,O+,23.7,"69
Rajan Nagar",571003,Gout,90,83
3905,3906,P3906-8706-2,Hiran Sahota,1987-06-21,38,Female,O+,26.3,"H.No. 438, Sekhon Ganj",560012,Dementia,116,12
3906,3907,P3907-0012-1,Lakshay Vala,2000-12-25,24,Male,B+,23.0,"H.No. 92
Suri Road",560028,Diabetes,83,28
3907,3908,P3908-6505-1,Alisha Acharya,1965-05-26,60,Male,O+,26.7,"H.No. 549
Gupta Ganj",560020,Depression,120,20
3908,3909,P3909-9711-1,Divij Kala,1997-11-28,27,Male,O-,25.3,"014, Dhaliwal Circle",560001,Sleep Apnea,106,1
3909,3910,P3910-7102-2,Romil Chaudhary,1971-02-10,54,Female,O+,26.7,"770
Acharya Path",562001,Gout,120,61
3910,3911,P3911-4810-2,Aarna Kant,1948-10-26,76,Female,A-,25.3,"46
Bumb Street",560027,Dementia,106,27
3911,3912,P3912-4908-1,Sahil Mander,1949-08-20,75,Male,O-,23.7,"33/182, Bains Ganj",572005,Dementia,90,95
3912,3913,P3913-4608-2,Lavanya Chauhan,1946-08-15,78,Female,B+,25.7,"99/824, Sachdeva Road",572001,Epilepsy,110,91
3913,3914,P3914-4607-2,Ishita Comar,1946-07-03,79,Female,B+,25.8,"02/87
Chaudhari Path",560203,Healthy,111,44
3914,3915,P3915-0005-1,Ehsaan Sastry,2000-05-06,25,Male,B+,26.9,"H.No. 472
Kalita Ganj",560107,Heart Disease,122,38
3915,3916,P3916-9011-2,Aarav Deshmukh,1990-11-16,34,Female,A+,24.9,"79, Verma Marg",560009,Asthma,102,9
3916,3917,P3917-0109-1,Manjari Deshpande,2001-09-05,23,Male,O-,23.6,"H.No. 219, Bala Path",570005,Gout,89,75
3917,3918,P3918-6404-1,Alia Dugar,1964-04-22,61,Male,O+,26.1,"H.No. 24
Dave Path",561004,Depression,114,54
3918,3919,P3919-8710-1,Myra Kakar,1987-10-15,37,Male,B-,25.1,"H.No. 67, Bajwa Street",570008,Depression,104,78
3919,3920,P3920-7101-1,Shalv Srinivasan,1971-01-24,54,Male,O-,20.6,"H.No. 986, Devan Chowk",560107,Diabetes,59,38
3920,3921,P3921-8203-2,Renee Sharma,1982-03-16,43,Female,O+,24.4,"H.No. 649, Vala",560007,Gout,97,7
3921,3922,P3922-7606-1,Eshani Korpal,1976-06-06,49,Male,O+,21.2,"69, Goel Circle",560009,Sleep Apnea,65,9
3922,3923,P3923-4412-1,Neysa Bakshi,1944-12-08,80,Male,O+,24.3,"21/09, Brar Nagar",561003,Sleep Apnea,96,53
3923,3924,P3924-5310-1,Mamooty Edwin,1953-10-10,71,Male,O+,26.0,"H.No. 57, Sekhon Circle",560202,Dementia,113,43
3924,3925,P3925-9910-2,Vihaan Chada,1999-10-12,25,Female,A+,23.9,"01, Comar Street",560010,Healthy,92,10
3925,3926,P3926-0112-1,Anay Sridhar,2001-12-03,23,Male,O-,24.4,"03/072, Loke Chowk",571010,Heart Disease,97,90
3926,3927,P3927-4403-2,Mohanlal Keer,1944-03-13,81,Female,B+,21.9,"H.No. 29
Ganesan Road",562003,Dementia,72,63
3927,3928,P3928-4612-1,Mishti Majumdar,1946-12-20,78,Male,O+,24.8,"H.No. 756
Sankar Path",560209,Sleep Apnea,101,50
3928,3929,P3929-7501-1,Mehul Ramanathan,1975-01-28,50,Male,A+,25.5,"92/852
Sama Road",572005,Osteoporosis,108,95
3929,3930,P3930-4409-2,Zoya Sha,1944-09-27,80,Female,O+,24.2,"13
Chowdhury Circle",560027,Heart Disease,95,27
3930,3931,P3931-4903-1,Bhavin Sen,1949-03-31,76,Male,B-,25.0,"22, Shukla",560100,Dementia,103,31
3931,3932,P3932-7408-2,Ranbir Zacharia,1974-08-03,50,Female,O-,24.0,"88/42
De Road",560209,Osteoporosis,93,50
3932,3933,P3933-8305-2,Arhaan Dhingra,1983-05-12,42,Female,B+,23.8,"H.No. 521
Dutt Path",570003,Epilepsy,91,73
3933,3934,P3934-5301-2,Fateh Wadhwa,1953-01-02,72,Female,O+,25.1,"32/28
Ramachandran Marg",572006,Hypertension,104,96
3934,3935,P3935-7104-2,Saira Bhatt,1971-04-19,54,Female,A-,24.3,"H.No. 679, Chaudhary",561004,Diabetes,96,54
3935,3936,P3936-9602-2,Prerak Varughese,1996-02-25,29,Female,O+,25.0,"71/65, Zachariah Path",570010,Sleep Apnea,103,80
3936,3937,P3937-6004-2,Aarush Dua,1960-04-12,65,Female,AB+,21.3,"H.No. 86, Srivastava Path",560016,Diabetes,66,16
3937,3938,P3938-0005-2,Stuvan Bahri,2000-05-18,25,Female,B+,22.8,"H.No. 34, Krishnan Chowk",560028,Heart Disease,81,28
3938,3939,P3939-6411-2,Jayesh Setty,1964-11-08,60,Female,B+,24.4,"49
Dara Street",572009,Hypertension,97,99
3939,3940,P3940-5501-1,Bhavin Dhaliwal,1955-01-09,70,Male,B+,19.8,"011, Din Path",561006,Diabetes,51,56
3940,3941,P3941-6107-1,Miraya Thakur,1961-07-09,64,Male,B+,25.6,"H.No. 32
Srivastava Ganj",560014,Depression,109,14
3941,3942,P3942-5205-2,Shamik Ravel,1952-05-12,73,Female,O+,23.1,"64, Gill Nagar",561008,Depression,84,58
3942,3943,P3943-8812-1,Nayantara Brar,1988-12-12,36,Male,O-,29.1,"35/183, Chad",572005,Osteoporosis,144,95
3943,3944,P3944-0012-1,Stuvan Solanki,2000-12-10,24,Male,O+,22.1,"75/54, Kamdar",562005,Heart Disease,74,65
3944,3945,P3945-5111-1,Miraya Bobal,1951-11-14,73,Male,B+,23.1,"17/51, Sridhar Marg",570003,Healthy,84,73
3945,3946,P3946-6909-1,Saanvi Kalita,1969-09-04,55,Male,O+,26.0,"65/117, Khare Road",560205,Osteoporosis,113,46
3946,3947,P3947-5409-1,Vedika Sachdeva,1954-09-25,70,Male,AB+,23.1,"H.No. 53, Bhatnagar Zila",571007,Heart Disease,84,87
3947,3948,P3948-8410-2,Hansh Balakrishnan,1984-10-06,40,Female,A+,20.8,"73/865, Magar",560023,Healthy,61,23
3948,3949,P3949-5301-1,Anya Chaudhari,1953-01-03,72,Male,O+,23.6,"34/60, Vig Chowk",560206,Healthy,89,47
3949,3950,P3950-0408-1,Ivana Sachar,2004-08-09,20,Male,AB+,22.8,"H.No. 94
Vyas Path",560200,Diabetes,81,41
3950,3951,P3951-0105-1,Jiya Kashyap,2001-05-25,24,Male,O+,22.0,"H.No. 351, Kalita",560026,Hypertension,73,26
3951,3952,P3952-6304-1,Vihaan Raman,1963-04-21,62,Male,A-,22.2,"21/14, Wason Circle",560008,Gout,75,8
3952,3953,P3953-5804-2,Miraan Batta,1958-04-01,67,Female,B+,21.0,"16/088
Divan Street",560014,Asthma,63,14
3953,3954,P3954-8808-2,Yuvraj  Yadav,1988-08-28,36,Female,O+,24.7,"H.No. 070, Keer Road",560024,Dementia,100,24
3954,3955,P3955-8705-1,Dhanuk Agate,1987-05-19,38,Male,A+,25.9,"56/64, Basu Street",572002,Hypertension,112,92
3955,3956,P3956-0204-2,Sara Ravi,2002-04-11,23,Female,O+,25.6,"78, Toor Road",572003,Sleep Apnea,109,93
3956,3957,P3957-6711-2,Myra Saini,1967-11-19,57,Female,O+,21.1,"H.No. 72
Kala Chowk",572007,Sleep Apnea,64,97
3957,3958,P3958-0209-2,Arnav Kumar,2002-09-06,22,Female,B+,22.1,"H.No. 34, Subramanian Nagar",560001,Heart Disease,74,1
3958,3959,P3959-6304-2,Jivin Datta,1963-04-20,62,Female,O+,25.0,"58/837, Krishnamurthy Circle",560003,Heart Disease,103,3
3959,3960,P3960-8811-2,Prerak Butala,1988-11-03,36,Female,B-,25.2,"73, Sehgal Path",560030,Gout,105,30
3960,3961,P3961-9301-2,Fateh Singh,1993-01-15,32,Female,O+,24.4,"96/843
Dhillon Circle",561005,Healthy,97,55
3961,3962,P3962-5912-2,Advik Hora,1959-12-03,65,Female,AB+,25.1,"H.No. 63
Jaggi Path",562010,Heart Disease,104,70
3962,3963,P3963-0011-2,Mishti Sunder,2000-11-09,24,Female,B-,26.9,"12/18
Chaudhari Nagar",560019,Depression,122,19
3963,3964,P3964-8802-1,Sana Maharaj,1988-02-11,37,Male,O+,21.1,"H.No. 18, Sant Street",560017,Osteoporosis,64,17
3964,3965,P3965-5502-2,Lakshit Dhaliwal,1955-02-22,70,Female,O-,25.2,"H.No. 33, Srinivasan Street",560006,Sleep Apnea,105,6
3965,3966,P3966-5302-2,Bhamini Walla,1953-02-26,72,Female,B+,25.3,"62/892, Bhatti Chowk",572004,Depression,106,94
3966,3967,P3967-9904-1,Shaan Sami,1999-04-06,26,Male,AB-,24.9,"H.No. 360
Anand Path",571001,Epilepsy,102,81
3967,3968,P3968-7308-1,Diya Kara,1973-08-23,51,Male,A-,18.6,"27/446, Borah Street",560010,Gout,39,10
3968,3969,P3969-7607-2,Kiaan Tak,1976-07-04,49,Female,O+,20.6,"519, Sarkar Path",571007,Sleep Apnea,59,87
3969,3970,P3970-9605-1,Badal Grewal,1996-05-11,29,Male,B-,22.7,"72, Chandra Zila",560108,Diabetes,80,39
3970,3971,P3971-8105-1,Advika Borah,1981-05-10,44,Male,B+,18.8,"H.No. 91, Kar Zila",560028,Healthy,41,28
3971,3972,P3972-4610-2,Divit Yadav,1946-10-21,78,Female,O+,26.5,"H.No. 44
Din Street",560011,Asthma,118,11
3972,3973,P3973-4907-2,Vidur Rattan,1949-07-27,75,Female,A+,20.7,"17/65
Edwin Nagar",560100,Dementia,60,31
3973,3974,P3974-8302-1,Rasha Lad,1983-02-14,42,Male,AB+,25.5,"H.No. 61
Chaudhary Ganj",562002,Sleep Apnea,108,62
3974,3975,P3975-8704-1,Shray Hari,1987-04-11,38,Male,O+,23.0,"32
Andra Ganj",560017,Diabetes,83,17
3975,3976,P3976-8709-2,Jayant Chand,1987-09-21,37,Female,O-,24.5,"H.No. 091, Hayer Circle",560006,Osteoporosis,98,6
3976,3977,P3977-9909-2,Mahika Lalla,1999-09-06,25,Female,A+,21.9,"H.No. 034
Grover Nagar",561009,Epilepsy,72,59
3977,3978,P3978-6811-1,Tiya Rajagopalan,1968-11-30,56,Male,B+,25.9,"32/48, Chokshi Road",561001,Asthma,112,51
3978,3979,P3979-8210-2,Mamooty Rao,1982-10-06,42,Female,O+,21.6,"94/20, Koshy Circle",571007,Healthy,69,87
3979,3980,P3980-7710-1,Kiaan Mannan,1977-10-23,47,Male,AB+,23.5,"H.No. 25
Raval Circle",560014,Dementia,88,14
3980,3981,P3981-8612-2,Parinaaz Choudhury,1986-12-22,38,Female,O+,19.2,"H.No. 20, Devan Path",570004,Epilepsy,45,74
3981,3982,P3982-0110-2,Aarna Comar,2001-10-05,23,Female,O+,26.0,"710, Sidhu Ganj",560105,Sleep Apnea,113,36
3982,3983,P3983-4810-2,Nayantara Arora,1948-10-13,76,Female,A+,22.2,"62/00, Arya Path",570005,Healthy,75,75
3983,3984,P3984-6005-1,Hazel Johal,1960-05-05,65,Male,O-,22.1,"15/626, Doctor",561008,Sleep Apnea,74,58
3984,3985,P3985-8412-1,Samarth Virk,1984-12-08,40,Male,A-,21.4,"H.No. 22, Jhaveri Nagar",562009,Sleep Apnea,67,69
3985,3986,P3986-4103-1,Anahita Samra,1941-03-09,84,Male,B+,21.8,"630
Subramanian Circle",570002,Diabetes,71,72
3986,3987,P3987-9704-2,Madhup Vasa,1997-04-28,28,Female,B+,27.3,"486
Mannan Path",562007,Healthy,126,67
3987,3988,P3988-6507-1,Amira Thaman,1965-07-04,60,Male,A-,21.9,"708, Mani Road",560100,Osteoporosis,72,31
3988,3989,P3989-0210-2,Urvi Rama,2002-10-27,22,Female,A+,25.0,"H.No. 309
Goel Road",562001,Epilepsy,103,61
3989,3990,P3990-0312-2,Nitara Loyal,2003-12-05,21,Female,O+,24.6,"35/46, Bhasin",562002,Gout,99,62
3990,3991,P3991-6204-1,Kavya Jani,1962-04-03,63,Male,AB+,18.4,"74/58, Chana Nagar",561007,Sleep Apnea,37,57
3991,3992,P3992-8501-1,Mehul Kakar,1985-01-21,40,Male,B-,22.1,"86/565
Thakur Ganj",572005,Asthma,74,95
3992,3993,P3993-0203-2,Navya Sundaram,2002-03-20,23,Female,B+,20.9,"92
Konda Zila",560004,Asthma,62,4
3993,3994,P3994-6407-2,Ivan Sule,1964-07-05,61,Female,O+,25.1,"H.No. 784
Lala Chowk",560209,Osteoporosis,104,50
3994,3995,P3995-7110-2,Indrans Ahuja,1971-10-03,53,Female,O+,26.8,"H.No. 54
Srinivasan Street",561010,Healthy,121,60
3995,3996,P3996-4507-1,Divit Konda,1945-07-21,80,Male,A+,27.2,"273
Mahajan Circle",562005,Asthma,125,65
3996,3997,P3997-9611-2,Himmat Sharaf,1996-11-13,28,Female,AB+,25.1,"20
Contractor Road",571002,Osteoporosis,104,82
3997,3998,P3998-6712-2,Elakshi Rastogi,1967-12-08,57,Female,O-,25.2,"12/567, Bansal Marg",560024,Depression,105,24
3998,3999,P3999-4708-1,Zara Saxena,1947-08-04,77,Male,O-,22.4,"00
Deep Zila",570008,Sleep Apnea,77,78
3999,4000,P4000-9101-2,Indrajit Konda,1991-01-07,34,Female,A+,24.0,"276, Sura Street",560103,Depression,93,34
4000,4001,P4001-8405-1,Sara Taneja,1984-05-15,41,Male,AB-,19.9,"150, Gaba Circle",562010,Sleep Apnea,52,70
4001,4002,P4002-7109-1,Tarini Ganesan,1971-09-13,53,Male,O+,23.4,"H.No. 01
Tank Chowk",560205,Depression,87,46
4002,4003,P4003-7703-1,Alisha Halder,1977-03-04,48,Male,B+,23.8,"41/91, Srinivasan Ganj",560028,Diabetes,91,28
4003,4004,P4004-4305-1,Divyansh Sidhu,1943-05-01,82,Male,A+,25.9,"H.No. 58
Sinha Zila",562003,Osteoporosis,112,63
4004,4005,P4005-0409-1,Akarsh Agate,2004-09-20,20,Male,O-,21.1,"H.No. 92
Karpe Ganj",560027,Sleep Apnea,64,27
4005,4006,P4006-9708-1,Advik Chopra,1997-08-25,27,Male,AB-,22.1,"33
Dyal Circle",560209,Healthy,74,50
4006,4007,P4007-0105-2,Nishith Sridhar,2001-05-27,24,Female,B-,25.4,"26/598, Sundaram Street",571001,Gout,107,81
4007,4008,P4008-7801-2,Indrans Krish,1978-01-25,47,Female,B+,23.7,"H.No. 76
Kaur Zila",562010,Dementia,90,70
4008,4009,P4009-7401-1,Farhan Barman,1974-01-21,51,Male,O+,24.2,"H.No. 084
Sama Ganj",560020,Heart Disease,95,20
4009,4010,P4010-4007-2,Hansh Lall,1940-07-09,85,Female,A+,24.4,"103, Sanghvi Street",560009,Heart Disease,97,9
4010,4011,P4011-8007-1,Sana Bawa,1980-07-28,44,Male,O+,23.2,"20, Ramesh",560209,Hypertension,85,50
4011,4012,P4012-5301-2,Prisha Krishnan,1953-01-01,72,Female,O+,24.5,"36/848, Subramanian Path",560024,Depression,98,24
4012,4013,P4013-5909-2,Parinaaz Bava,1959-09-30,65,Female,A+,22.5,"397
Chad",560016,Healthy,78,16
4013,4014,P4014-4107-2,Biju Sengupta,1941-07-05,84,Female,AB+,24.7,"H.No. 211, Ray Ganj",571008,Depression,100,88
4014,4015,P4015-5109-1,Khushi Karpe,1951-09-24,73,Male,O-,22.2,"10/618, Tailor Zila",560208,Asthma,75,49
4015,4016,P4016-9307-1,Piya Chada,1993-07-06,32,Male,O+,24.9,"710, Mammen Road",560205,Gout,102,46
4016,4017,P4017-0308-1,Samiha Sastry,2003-08-12,21,Male,O+,23.5,"H.No. 195, Subramaniam",560201,Diabetes,88,42
4017,4018,P4018-4305-1,Shayak Sarin,1943-05-31,82,Male,A+,23.0,"H.No. 88
Issac Marg",570002,Gout,83,72
4018,4019,P4019-5109-2,Khushi Buch,1951-09-01,73,Female,B+,22.2,"579, Khurana Ganj",561007,Healthy,75,57
4019,4020,P4020-9509-2,Manjari Malhotra,1995-09-06,29,Female,A+,24.9,"H.No. 511, Sawhney Road",560106,Epilepsy,102,37
4020,4021,P4021-6105-1,Dhanuk Shenoy,1961-05-21,64,Male,B+,22.8,"H.No. 106, Dewan Nagar",560005,Gout,81,5
4021,4022,P4022-8701-2,Siya Ramachandran,1987-01-06,38,Female,O+,22.2,"75/342, Mani Path",572008,Gout,75,98
4022,4023,P4023-9301-1,Dhanuk D’Alia,1993-01-07,32,Male,A+,24.2,"98, Bhardwaj Chowk",560005,Heart Disease,95,5
4023,4024,P4024-0506-2,Abram Kar,2005-06-06,20,Female,B-,25.5,"39/57
Kade Circle",571005,Epilepsy,108,85
4024,4025,P4025-5705-1,Hridaan Halder,1957-05-01,68,Male,B+,27.2,"875
Trivedi Nagar",560006,Sleep Apnea,125,6
4025,4026,P4026-7110-1,Badal Lalla,1971-10-14,53,Male,AB+,22.8,"778
Sood Marg",560028,Hypertension,81,28
4026,4027,P4027-5201-2,Shray Raju,1952-01-03,73,Female,O+,25.4,"H.No. 31, Varghese Street",561008,Heart Disease,107,58
4027,4028,P4028-8806-2,Purab Saraf,1988-06-30,37,Female,O-,26.3,"93/16
Comar Chowk",560207,Healthy,116,48
4028,4029,P4029-9808-1,Jhanvi Cheema,1998-08-15,26,Male,O-,24.4,"28
Saraf Street",572001,Healthy,97,91
4029,4030,P4030-7410-2,Darshit Bose,1974-10-23,50,Female,O+,21.8,"H.No. 98, Din Circle",570008,Dementia,71,78
4030,4031,P4031-6911-2,Tejas Kohli,1969-11-09,55,Female,O+,24.2,"23/40, Vohra Chowk",561001,Epilepsy,95,51
4031,4032,P4032-9911-2,Jayesh Johal,1999-11-16,25,Female,O+,21.5,"305
Acharya Marg",560102,Diabetes,68,33
4032,4033,P4033-9407-1,Darshit Chadha,1994-07-30,30,Male,A+,24.1,"87
Raj Road",561005,Heart Disease,94,55
4033,4034,P4034-0307-1,Aaina Sarin,2003-07-03,22,Male,O+,24.7,"21
Shenoy Chowk",560026,Sleep Apnea,100,26
4034,4035,P4035-8710-2,Indranil De,1987-10-14,37,Female,AB+,22.9,"59
Madan Street",560108,Epilepsy,82,39
4035,4036,P4036-9802-2,Jayant Gandhi,1998-02-07,27,Female,O+,21.8,"68/050, Bahl",560025,Hypertension,71,25
4036,4037,P4037-8807-2,Kartik Rege,1988-07-15,36,Female,O+,22.8,"629, Handa",561003,Healthy,81,53
4037,4038,P4038-7903-1,Fateh Dubey,1979-03-25,46,Male,O+,25.2,"826
Chacko Marg",570008,Sleep Apnea,105,78
4038,4039,P4039-0208-2,Damini Balay,2002-08-08,22,Female,A-,23.9,"547, Kumer Road",560205,Depression,92,46
4039,4040,P4040-7607-1,Keya Karpe,1976-07-24,48,Male,B+,23.5,"03/911, Anand Nagar",560013,Osteoporosis,88,13
4040,4041,P4041-7102-1,Kashvi Basak,1971-02-19,54,Male,O-,21.2,"044, Bath Ganj",560103,Dementia,65,34
4041,4042,P4042-4204-1,Indranil Dhingra,1942-04-23,83,Male,O+,17.6,"85, Badami Chowk",560003,Epilepsy,29,3
4042,4043,P4043-8405-2,Aarav Randhawa,1984-05-02,41,Female,AB+,26.1,"H.No. 270, Kari Zila",560016,Hypertension,114,16
4043,4044,P4044-9107-2,Nitya Sastry,1991-07-06,34,Female,B+,23.4,"47/118
Korpal Zila",560002,Heart Disease,87,2
4044,4045,P4045-7409-2,Nitara Tata,1974-09-08,50,Female,O-,23.5,"84/596, Sastry Marg",571002,Diabetes,88,82
4045,4046,P4046-4403-1,Mannat Raja,1944-03-29,81,Male,AB-,21.2,"50/17, Dash Chowk",572010,Osteoporosis,65,100
4046,4047,P4047-0004-2,Neelofar Brar,2000-04-01,25,Female,A+,26.6,"H.No. 95, Warrior Chowk",561004,Osteoporosis,119,54
4047,4048,P4048-5707-2,Kashvi Bawa,1957-07-20,67,Female,A+,18.5,"173, Rajan",572004,Heart Disease,38,94
4048,4049,P4049-7905-1,Jiya Chacko,1979-05-09,46,Male,O+,27.5,"90/784, Mani Path",560107,Osteoporosis,128,38
4049,4050,P4050-5105-1,Ojas Lall,1951-05-06,74,Male,O+,25.2,"91/405, Kumer Chowk",561007,Healthy,105,57
4050,4051,P4051-5007-2,Dishani Sodhi,1950-07-13,75,Female,A+,25.4,"H.No. 578
Kulkarni Street",572001,Asthma,107,91
4051,4052,P4052-4309-2,Prisha Bava,1943-09-27,81,Female,O+,22.2,"42/497, Saxena Zila",561001,Epilepsy,75,51
4052,4053,P4053-7510-1,Sahil Gandhi,1975-10-25,49,Male,O+,18.0,"88/97
Sethi Zila",560008,Dementia,33,8
4053,4054,P4054-6606-2,Vaibhav Deshmukh,1966-06-03,59,Female,A+,25.6,"945, Tandon Path",560103,Diabetes,109,34
4054,4055,P4055-0508-1,Krish Borah,2005-08-01,19,Male,AB+,26.1,"H.No. 06
Master Street",560209,Sleep Apnea,114,50
4055,4056,P4056-9103-2,Ivan Gandhi,1991-03-15,34,Female,O+,22.5,"H.No. 312
Salvi Marg",560202,Healthy,78,43
4056,4057,P4057-9801-1,Tejas Viswanathan,1998-01-08,27,Male,B+,23.1,"H.No. 02
Mangal Path",560001,Depression,84,1
4057,4058,P4058-4901-2,Shlok Lalla,1949-01-24,76,Female,O+,24.0,"H.No. 32
Badami Ganj",571009,Osteoporosis,93,89
4058,4059,P4059-9811-2,Hrishita Golla,1998-11-14,26,Female,B+,28.3,"29
Ghosh Zila",560013,Osteoporosis,136,13
4059,4060,P4060-4009-2,Shayak Sachdeva,1940-09-14,84,Female,A+,23.1,"07
Sachar Ganj",560004,Hypertension,84,4
4060,4061,P4061-5910-2,Veer Devan,1959-10-05,65,Female,B-,20.5,"61/383, Balay Chowk",560019,Hypertension,58,19
4061,4062,P4062-5211-1,Devansh Anand,1952-11-12,72,Male,AB-,21.3,"55/52, Ranganathan Road",572004,Healthy,66,94
4062,4063,P4063-4610-2,Jayan Sarkar,1946-10-28,78,Female,O+,25.5,"H.No. 514, Gopal Nagar",561009,Sleep Apnea,108,59
4063,4064,P4064-8904-2,Zaina Sehgal,1989-04-07,36,Female,B+,24.6,"658, Anand Circle",570003,Sleep Apnea,99,73
4064,4065,P4065-6810-2,Nehmat Jhaveri,1968-10-11,56,Female,A+,24.3,"H.No. 47
Rama Road",560029,Depression,96,29
4065,4066,P4066-6110-2,Gokul Seth,1961-10-25,63,Female,O+,25.0,"H.No. 506, Wason Road",561002,Osteoporosis,103,52
4066,4067,P4067-4710-1,Neysa Chadha,1947-10-16,77,Male,B+,24.8,"61, Bajaj Path",572002,Healthy,101,92
4067,4068,P4068-5012-1,Alisha Majumdar,1950-12-26,74,Male,O+,22.3,"30, Bhatt Street",572006,Sleep Apnea,76,96
4068,4069,P4069-6412-2,Prisha Kunda,1964-12-25,60,Female,A-,25.8,"H.No. 159, Rout Circle",561005,Asthma,111,55
4069,4070,P4070-0304-2,Vihaan Samra,2003-04-12,22,Female,O+,20.4,"76/66
Wadhwa Road",562008,Hypertension,57,68
4070,4071,P4071-4708-2,Indranil Zacharia,1947-08-08,77,Female,B-,25.2,"23
Krishnamurthy Path",560027,Osteoporosis,105,27
4071,4072,P4072-6212-1,Aradhya Anand,1962-12-05,62,Male,O+,23.2,"28, Keer Nagar",570003,Healthy,85,73
4072,4073,P4073-9406-2,Yuvaan Randhawa,1994-06-08,31,Female,A+,24.5,"H.No. 681, Khurana Road",560027,Hypertension,98,27
4073,4074,P4074-6008-2,Ritvik Gara,1960-08-30,64,Female,O+,22.1,"23, Sura Nagar",571003,Asthma,74,83
4074,4075,P4075-8305-2,Ehsaan Hegde,1983-05-17,42,Female,A+,23.8,"80/190
Deep Path",560006,Osteoporosis,91,6
4075,4076,P4076-4103-1,Bhamini Raman,1941-03-29,84,Male,B+,24.5,"58/280, Ganesh",560001,Diabetes,98,1
4076,4077,P4077-5605-1,Shaan Ramanathan,1956-05-18,69,Male,B+,22.1,"H.No. 61
Kohli Nagar",560014,Gout,74,14
4077,4078,P4078-7202-1,Ahana  Andra,1972-02-23,53,Male,O+,21.2,"97
Dalal Road",572008,Diabetes,65,98
4078,4079,P4079-8407-1,Sumer Bhasin,1984-07-28,40,Male,A+,23.6,"H.No. 61
Chokshi Street",560024,Diabetes,89,24
4079,4080,P4080-9610-1,Riya Sridhar,1996-10-24,28,Male,AB+,23.4,"165
Zacharia Path",561003,Hypertension,87,53
4080,4081,P4081-5208-1,Hunar Sant,1952-08-25,72,Male,A+,26.1,"254
Biswas Chowk",560101,Hypertension,114,32
4081,4082,P4082-8705-1,Ahana  Sunder,1987-05-04,38,Male,O+,22.7,"89
Kala Marg",561003,Diabetes,80,53
4082,4083,P4083-5705-1,Raghav Bal,1957-05-15,68,Male,A+,22.7,"91/740
Ramesh",560206,Asthma,80,47
4083,4084,P4084-7311-2,Aarav Gade,1973-11-07,51,Female,A-,23.3,"H.No. 21
Chauhan Circle",560107,Osteoporosis,86,38
4084,4085,P4085-8906-1,Darshit Choudhry,1989-06-06,36,Male,O+,25.5,"848, Mandal Marg",560206,Hypertension,108,47
4085,4086,P4086-4809-1,Shaan Shere,1948-09-13,76,Male,O+,24.3,"07/376
Saran Marg",572010,Hypertension,96,100
4086,4087,P4087-9107-1,Rohan Ramachandran,1991-07-07,34,Male,O+,25.2,"H.No. 311
Ganesh",560002,Diabetes,105,2
4087,4088,P4088-6002-1,Aarna Banerjee,1960-02-01,65,Male,AB+,24.7,"19
Sankaran Chowk",560029,Asthma,100,29
4088,4089,P4089-8008-2,Pihu Balakrishnan,1980-08-01,44,Female,O+,23.8,"23, Khare Road",560030,Healthy,91,30
4089,4090,P4090-7403-1,Umang Deshpande,1974-03-28,51,Male,O+,22.3,"05/65, Ratti Road",570007,Asthma,76,77
4090,4091,P4091-5205-1,Lavanya Doctor,1952-05-10,73,Male,A+,24.4,"93/12
Kant Circle",560008,Heart Disease,97,8
4091,4092,P4092-5705-2,Mahika Sagar,1957-05-03,68,Female,A+,21.2,"84/073, Shah Circle",560002,Dementia,65,2
4092,4093,P4093-6711-2,Anya Mallick,1967-11-04,57,Female,A+,24.2,"21, Dar Chowk",560026,Hypertension,95,26
4093,4094,P4094-6411-1,Arhaan Bhardwaj,1964-11-28,60,Male,O+,27.6,"H.No. 29
Vala Ganj",571009,Hypertension,129,89
4094,4095,P4095-9809-1,Aayush Dhingra,1998-09-17,26,Male,O+,25.7,"H.No. 72
Karan",571004,Osteoporosis,110,84
4095,4096,P4096-7311-2,Arhaan Agate,1973-11-08,51,Female,A+,29.5,"11/651
Wable",560030,Gout,148,30
4096,4097,P4097-4303-2,Ranbir Iyengar,1943-03-09,82,Female,O-,26.4,"31, Andra",562010,Asthma,117,70
4097,4098,P4098-9401-2,Aayush Kata,1994-01-16,31,Female,O-,20.9,"54/562
Raja Marg",560202,Diabetes,62,43
4098,4099,P4099-4602-1,Samaira Singh,1946-02-19,79,Male,O+,23.7,"79, Sarma Ganj",560107,Healthy,90,38
4099,4100,P4100-5210-1,Oorja Sunder,1952-10-26,72,Male,O+,21.2,"82/191, Tripathi Zila",560007,Asthma,65,7
4100,4101,P4101-8504-1,Samaira Manne,1985-04-26,40,Male,A-,25.7,"84, Brar",572004,Diabetes,110,94
4101,4102,P4102-6107-1,Samar Zacharia,1961-07-07,64,Male,AB+,25.3,"91/44
Banerjee Chowk",560100,Gout,106,31
4102,4103,P4103-8112-1,Kashvi Bumb,1981-12-01,43,Male,B+,25.5,"792, Dua Ganj",560011,Depression,108,11
4103,4104,P4104-8902-1,Jivika Majumdar,1989-02-18,36,Male,B-,22.4,"57/942
Sunder Nagar",560208,Healthy,77,49
4104,4105,P4105-4005-2,Sumer Dhingra,1940-05-27,85,Female,AB+,25.2,"39/678
Korpal",562007,Healthy,105,67
4105,4106,P4106-8711-2,Darshit Dhawan,1987-11-27,37,Female,A-,21.9,"25, Ganesh Ganj",561009,Osteoporosis,72,59
4106,4107,P4107-9107-2,Mahika Venkataraman,1991-07-16,33,Female,B+,28.5,"98/12, Sharaf Road",572004,Epilepsy,138,94
4107,4108,P4108-6108-2,Hazel Barad,1961-08-22,63,Female,O+,28.1,"H.No. 526
Dora Circle",560100,Sleep Apnea,134,31
4108,4109,P4109-5604-2,Siya Batra,1956-04-29,69,Female,O+,24.9,"66/839
Wason Circle",560012,Healthy,102,12
4109,4110,P4110-4208-2,Urvi Swaminathan,1942-08-12,82,Female,O+,22.6,"H.No. 62, Divan Circle",560016,Epilepsy,79,16
4110,4111,P4111-9709-2,Amira Malhotra,1997-09-09,27,Female,B-,22.6,"H.No. 800
Bhasin Street",560208,Depression,79,49
4111,4112,P4112-5404-2,Ranbir Krishna,1954-04-30,71,Female,B+,24.8,"10/789, Gandhi Nagar",560007,Epilepsy,101,7
4112,4113,P4113-6311-2,Tanya Shanker,1963-11-15,61,Female,AB+,24.6,"H.No. 57, Tella Chowk",560202,Dementia,99,43
4113,4114,P4114-9410-2,Aradhya Lala,1994-10-21,30,Female,AB-,25.3,"94/201
Ramaswamy",570009,Sleep Apnea,106,79
4114,4115,P4115-5702-2,Hazel Rana,1957-02-23,68,Female,B+,25.1,"638
Chatterjee Nagar",572009,Depression,104,99
4115,4116,P4116-6906-2,Tarini Swamy,1969-06-04,56,Female,O+,22.2,"H.No. 52, Jaggi",560029,Sleep Apnea,75,29
4116,4117,P4117-9001-1,Nishith Dara,1990-01-06,35,Male,O+,25.0,"58
Luthra Chowk",560025,Depression,103,25
4117,4118,P4118-7206-2,Kartik Kaul,1972-06-02,53,Female,A+,23.6,"H.No. 28
Cheema Ganj",560019,Diabetes,89,19
4118,4119,P4119-0208-2,Sara Edwin,2002-08-10,22,Female,A+,20.1,"H.No. 542
Kakar Road",560003,Heart Disease,54,3
4119,4120,P4120-8603-2,Romil Gera,1986-03-08,39,Female,B+,23.1,"H.No. 89, Behl Chowk",562007,Osteoporosis,84,67
4120,4121,P4121-4411-2,Shaan Sastry,1944-11-23,80,Female,A-,22.7,"H.No. 21, Kannan Path",560025,Sleep Apnea,80,25
4121,4122,P4122-5410-2,Taran Venkatesh,1954-10-01,70,Female,B-,21.4,"96/325
Choudhury Zila",570010,Depression,67,80
4122,4123,P4123-5204-1,Lavanya Chaudhry,1952-04-30,73,Male,AB+,23.9,"56/706
Yogi Road",561003,Sleep Apnea,92,53
4123,4124,P4124-0108-2,Ehsaan Subramaniam,2001-08-09,23,Female,O-,23.4,"39/316
Venkatesh Circle",561009,Hypertension,87,59
4124,4125,P4125-6507-1,Kavya Sem,1965-07-25,59,Male,B+,26.6,"71
Bhattacharyya Nagar",561009,Gout,119,59
4125,4126,P4126-7606-2,Yuvraj  Rajagopalan,1976-06-05,49,Female,O+,23.9,"66/493
Dayal Chowk",562008,Gout,92,68
4126,4127,P4127-5602-1,Mishti Wable,1956-02-15,69,Male,O+,25.1,"H.No. 89, Ratta Nagar",571007,Asthma,104,87
4127,4128,P4128-7307-2,Jayesh Raj,1973-07-10,52,Female,O+,24.6,"H.No. 87, Malhotra Road",572010,Sleep Apnea,99,100
4128,4129,P4129-5806-1,Indranil Sastry,1958-06-11,67,Male,A+,24.9,"84/62
Tiwari Zila",561007,Heart Disease,102,57
4129,4130,P4130-5410-2,Urvi Mani,1954-10-29,70,Female,O-,21.4,"73/863
Anne Road",572001,Sleep Apnea,67,91
4130,4131,P4131-5703-2,Vivaan Garg,1957-03-10,68,Female,O+,21.0,"H.No. 28
Issac",572010,Heart Disease,63,100
4131,4132,P4132-6604-1,Uthkarsh Sankaran,1966-04-21,59,Male,O+,27.9,"97
Borah Path",560015,Gout,132,15
4132,4133,P4133-9710-2,Vritika Bath,1997-10-22,27,Female,AB+,24.9,"88/208
Rajagopalan Street",560008,Gout,102,8
4133,4134,P4134-8305-1,Divit Kohli,1983-05-29,42,Male,A+,25.4,"34/41, Raj Marg",560030,Depression,107,30
4134,4135,P4135-7505-1,Dhanuk Sekhon,1975-05-31,50,Male,O-,20.7,"150
Brar Road",572001,Healthy,60,91
4135,4136,P4136-4603-1,Samar Bains,1946-03-22,79,Male,O+,23.3,"H.No. 65, Bhat Circle",560013,Asthma,86,13
4136,4137,P4137-8011-1,Lavanya Bali,1980-11-15,44,Male,O+,23.3,"05/902
Shenoy Path",561005,Heart Disease,86,55
4137,4138,P4138-8002-2,Shanaya Seshadri,1980-02-08,45,Female,B+,24.1,"H.No. 057, Chandra Street",560206,Asthma,94,47
4138,4139,P4139-4501-2,Vihaan Dixit,1945-01-04,80,Female,O-,23.4,"53, Chauhan Nagar",562007,Healthy,87,67
4139,4140,P4140-5407-1,Arhaan Khosla,1954-07-19,71,Male,O+,23.4,"11/947, Sarkar Chowk",560202,Asthma,87,43
4140,4141,P4141-4804-1,Hansh Gade,1948-04-30,77,Male,O+,25.3,"67, Dani Chowk",560016,Depression,106,16
4141,4142,P4142-4909-1,Armaan Biswas,1949-09-16,75,Male,O+,21.8,"37/76
Chatterjee Circle",560028,Healthy,71,28
4142,4143,P4143-5306-1,Shray Agrawal,1953-06-07,72,Male,B+,22.3,"011, Kale Zila",560020,Dementia,76,20
4143,4144,P4144-0010-2,Divyansh Garg,2000-10-02,24,Female,O+,21.7,"H.No. 362, Sahni Marg",560200,Depression,70,41
4144,4145,P4145-4409-2,Oorja Doctor,1944-09-03,80,Female,O+,22.5,"H.No. 18
Divan Chowk",561002,Heart Disease,78,52
4145,4146,P4146-9002-1,Nishith Taneja,1990-02-22,35,Male,B-,23.6,"21/060
Venkatesh Nagar",571006,Epilepsy,89,86
4146,4147,P4147-4407-1,Seher Chand,1944-07-26,80,Male,B+,21.3,"02/81
Hans",572006,Hypertension,66,96
4147,4148,P4148-7109-2,Riya Sheth,1971-09-21,53,Female,O-,23.8,"34
Jain Zila",560109,Gout,91,40
4148,4149,P4149-7805-2,Onkar Mallick,1978-05-05,47,Female,O+,22.8,"938
Desai Ganj",562001,Healthy,81,61
4149,4150,P4150-5112-2,Anya Hayer,1951-12-24,73,Female,B-,25.5,"H.No. 90, Sengupta Ganj",570001,Asthma,108,71
4150,4151,P4151-9509-1,Hrishita Gulati,1995-09-05,29,Male,O-,27.4,"97/63
Soman Ganj",560108,Sleep Apnea,127,39
4151,4152,P4152-0010-2,Vidur Kibe,2000-10-22,24,Female,A+,23.9,"H.No. 225
Kaur Zila",562009,Diabetes,92,69
4152,4153,P4153-8805-2,Tejas Kuruvilla,1988-05-15,37,Female,AB+,26.1,"807, Srivastava Ganj",560103,Epilepsy,114,34
4153,4154,P4154-0503-1,Neelofar Mani,2005-03-30,20,Male,B+,23.4,"H.No. 684
Dugar Ganj",562009,Diabetes,87,69
4154,4155,P4155-4902-1,Hridaan Thaman,1949-02-24,76,Male,B+,27.4,"08/826
Aggarwal Nagar",570004,Osteoporosis,127,74
4155,4156,P4156-5503-1,Veer Gill,1955-03-22,70,Male,B-,22.0,"16/709
Vohra Nagar",570004,Osteoporosis,73,74
4156,4157,P4157-5712-2,Tarini Mangat,1957-12-18,67,Female,O-,26.1,"239
Dua Zila",571002,Sleep Apnea,114,82
4157,4158,P4158-8911-1,Samiha Shere,1989-11-05,35,Male,O+,25.3,"H.No. 07, Sawhney Chowk",571004,Dementia,106,84
4158,4159,P4159-6704-1,Drishya Balakrishnan,1967-04-17,58,Male,O+,26.7,"H.No. 609
Singh Marg",562001,Diabetes,120,61
4159,4160,P4160-0203-2,Yakshit Khare,2002-03-29,23,Female,O+,27.6,"42/901
Chadha Street",560002,Dementia,129,2
4160,4161,P4161-7506-1,Parinaaz Dhingra,1975-06-12,50,Male,B-,23.7,"247, Dubey Nagar",560105,Gout,90,36
4161,4162,P4162-6603-1,Uthkarsh Sampath,1966-03-14,59,Male,A+,20.2,"896
Dixit Marg",562006,Depression,55,66
4162,4163,P4163-9511-1,Vritika Guha,1995-11-28,29,Male,O+,23.0,"82
Guha Ganj",571002,Sleep Apnea,83,82
4163,4164,P4164-0102-1,Indrans Chakrabarti,2001-02-23,24,Male,A+,21.4,"313
De Road",560203,Gout,67,44
4164,4165,P4165-8902-2,Zaina Sama,1989-02-06,36,Female,AB+,27.3,"11/650, Wadhwa Circle",560001,Epilepsy,126,1
4165,4166,P4166-5410-2,Fateh Ganguly,1954-10-12,70,Female,B+,24.3,"H.No. 10
Lala Zila",571010,Hypertension,96,90
4166,4167,P4167-0201-2,Biju Mangat,2002-01-26,23,Female,O-,24.8,"01/94, Sawhney Road",561007,Gout,101,57
4167,4168,P4168-6104-2,Lakshit Desai,1961-04-19,64,Female,B+,23.8,"H.No. 843
Chander Zila",572001,Osteoporosis,91,91
4168,4169,P4169-5208-2,Kismat Kalita,1952-08-04,72,Female,O+,22.0,"H.No. 820
Raj Circle",571004,Heart Disease,73,84
4169,4170,P4170-5311-1,Veer Kala,1953-11-11,71,Male,O+,22.4,"324
Krishna Nagar",560001,Dementia,77,1
4170,4171,P4171-4007-1,Nitara Bath,1940-07-31,84,Male,B+,24.5,"85/700
Aggarwal Ganj",561007,Epilepsy,98,57
4171,4172,P4172-4405-1,Hazel Bhargava,1944-05-12,81,Male,B+,24.5,"25, Chana Nagar",562008,Sleep Apnea,98,68
4172,4173,P4173-4403-1,Eshani Sibal,1944-03-03,81,Male,O-,23.6,"79/415, Magar Circle",571003,Diabetes,89,83
4173,4174,P4174-6902-1,Anahi Mannan,1969-02-04,56,Male,A+,22.8,"H.No. 15
Golla Road",561006,Sleep Apnea,81,56
4174,4175,P4175-6903-2,Yuvraj  Yadav,1969-03-22,56,Female,A+,24.4,"H.No. 67
Sekhon Chowk",560209,Depression,97,50
4175,4176,P4176-4708-1,Reyansh Sastry,1947-08-13,77,Male,O+,25.1,"75/495, Sen Circle",560105,Gout,104,36
4176,4177,P4177-7009-1,Hridaan Arya,1970-09-27,54,Male,A-,22.0,"H.No. 629, Aggarwal Path",560109,Gout,73,40
4177,4178,P4178-4411-1,Yuvaan Chander,1944-11-13,80,Male,A+,25.2,"58/94
Mahajan",570010,Diabetes,105,80
4178,4179,P4179-5204-1,Indranil Varkey,1952-04-12,73,Male,AB+,23.8,"H.No. 063, Soni Chowk",572005,Osteoporosis,91,95
4179,4180,P4180-6107-2,Ayesha Tailor,1961-07-21,63,Female,B-,24.7,"H.No. 87
Bhagat Path",560109,Gout,100,40
4180,4181,P4181-8101-2,Bhamini Arya,1981-01-23,44,Female,AB-,18.1,"19, Magar Road",560016,Sleep Apnea,34,16
4181,4182,P4182-9010-2,Siya Jha,1990-10-15,34,Female,AB-,28.7,"121, Thaker Ganj",561005,Hypertension,140,55
4182,4183,P4183-4511-1,Kimaya Chhabra,1945-11-13,79,Male,A-,23.8,"90, Sankar Zila",561008,Dementia,91,58
4183,4184,P4184-5502-1,Nayantara Kapur,1955-02-06,70,Male,AB+,23.4,"H.No. 30
Bava Zila",560200,Heart Disease,87,41
4184,4185,P4185-5801-1,Abram Apte,1958-01-08,67,Male,AB+,25.9,"82/91
Desai Ganj",560017,Dementia,112,17
4185,4186,P4186-5011-2,Himmat Kade,1950-11-16,74,Female,A+,22.4,"49/03, Chauhan Circle",560006,Gout,77,6
4186,4187,P4187-6203-1,Reyansh Subramanian,1962-03-27,63,Male,B+,22.9,"H.No. 03, Kala Path",560024,Asthma,82,24
4187,4188,P4188-9503-1,Gokul Dua,1995-03-05,30,Male,O+,25.2,"17/42
Sangha Chowk",570006,Osteoporosis,105,76
4188,4189,P4189-9504-1,Farhan Dass,1995-04-10,30,Male,O+,22.3,"61/950
Joshi Circle",561002,Epilepsy,76,52
4189,4190,P4190-5710-1,Anahita Chauhan,1957-10-14,67,Male,O+,23.8,"12/003, Kar Nagar",561002,Heart Disease,91,52
4190,4191,P4191-9208-1,Dhanush Sandal,1992-08-17,32,Male,B+,24.0,"20/35, Chakrabarti Road",560006,Hypertension,93,6
4191,4192,P4192-7408-1,Ira Grover,1974-08-11,50,Male,O+,27.3,"H.No. 505, Sunder Street",570007,Dementia,126,77
4192,4193,P4193-0504-2,Kavya Vohra,2005-04-09,20,Female,AB+,21.6,"61/39, Hegde Marg",570005,Asthma,69,75
4193,4194,P4194-9807-2,Advik Talwar,1998-07-12,26,Female,AB+,23.1,"H.No. 33, Shukla Marg",560208,Hypertension,84,49
4194,4195,P4195-6308-2,Ranbir Soman,1963-08-13,61,Female,O+,23.4,"23, Uppal",560101,Asthma,87,32
4195,4196,P4196-0011-1,Heer Ghosh,2000-11-09,24,Male,A+,23.0,"H.No. 383
Saini Nagar",562005,Gout,83,65
4196,4197,P4197-8507-1,Myra Chaudhari,1985-07-12,39,Male,O+,22.6,"57/83, Sami Nagar",560013,Hypertension,79,13
4197,4198,P4198-8802-1,Drishya Walla,1988-02-09,37,Male,O+,25.0,"H.No. 80, Kakar Ganj",570006,Gout,103,76
4198,4199,P4199-6807-2,Damini Gour,1968-07-05,57,Female,O+,24.6,"02/694
Savant Chowk",560011,Hypertension,99,11
4199,4200,P4200-4706-2,Akarsh Bhasin,1947-06-11,78,Female,B+,25.4,"39
Barman Road",560004,Depression,107,4
4200,4201,P4201-9210-1,Tanya Datta,1992-10-08,32,Male,A-,25.7,"16/29, Yohannan Ganj",561006,Dementia,110,56
4201,4202,P4202-7206-1,Lavanya Vala,1972-06-23,53,Male,AB+,21.2,"80, Golla Road",560106,Sleep Apnea,65,37
4202,4203,P4203-4010-2,Kashvi Konda,1940-10-23,84,Female,A-,25.3,"30, Bhatnagar Path",561008,Heart Disease,106,58
4203,4204,P4204-4709-1,Ryan Dugal,1947-09-15,77,Male,B+,22.8,"22/153
Suresh Ganj",561003,Asthma,81,53
4204,4205,P4205-8104-2,Lavanya Shan,1981-04-14,44,Female,O-,21.1,"008
Bobal",571001,Hypertension,64,81
4205,4206,P4206-7708-2,Kiaan Char,1977-08-20,47,Female,O-,25.9,"33/01
Atwal Chowk",571001,Hypertension,112,81
4206,4207,P4207-0304-1,Keya Bahl,2003-04-19,22,Male,O-,23.7,"62/10, Sami Nagar",572008,Diabetes,90,98
4207,4208,P4208-4203-1,Vardaniya Kari,1942-03-04,83,Male,O+,26.2,"45/51, Chowdhury Path",570001,Hypertension,115,71
4208,4209,P4209-7009-1,Shamik Shan,1970-09-27,54,Male,B+,25.4,"48/106, Basu Zila",560205,Gout,107,46
4209,4210,P4210-7212-1,Hrishita Hans,1972-12-17,52,Male,O+,20.4,"H.No. 64, Mander Ganj",560207,Hypertension,57,48
4210,4211,P4211-4003-2,Lavanya Dutt,1940-03-15,85,Female,O+,25.3,"92
Kannan Zila",572007,Hypertension,106,97
4211,4212,P4212-8405-1,Riya Kata,1984-05-01,41,Male,O+,24.7,"94
Jani",571003,Osteoporosis,100,83
4212,4213,P4213-9704-1,Tanya Kapoor,1997-04-11,28,Male,O+,26.1,"H.No. 80, Bassi Path",561005,Gout,114,55
4213,4214,P4214-7901-2,Elakshi Dewan,1979-01-16,46,Female,B+,23.5,"40/405
Kashyap Path",572010,Sleep Apnea,88,100
4214,4215,P4215-0009-1,Indrans Maharaj,2000-09-18,24,Male,O+,27.3,"40/800
Dua Road",560014,Depression,126,14
4215,4216,P4216-5307-2,Uthkarsh Kohli,1953-07-29,71,Female,A+,24.7,"80/75
Sule Street",560101,Sleep Apnea,100,32
4216,4217,P4217-6406-2,Abram Rao,1964-06-04,61,Female,A+,21.7,"18/815
Sura Circle",560030,Heart Disease,70,30
4217,4218,P4218-4901-2,Nayantara Madan,1949-01-23,76,Female,O+,21.5,"H.No. 240, Sastry Circle",560011,Asthma,68,11
4218,4219,P4219-8409-2,Mannat Mangal,1984-09-02,40,Female,A+,25.2,"801
Suresh Circle",571008,Depression,105,88
4219,4220,P4220-7906-1,Chirag Madan,1979-06-10,46,Male,B+,23.5,"19/99, Chana Circle",571008,Healthy,88,88
4220,4221,P4221-9512-2,Sahil Sampath,1995-12-03,29,Female,A+,23.1,"56/637, Raval",570004,Sleep Apnea,84,74
4221,4222,P4222-9401-2,Jayan Kurian,1994-01-10,31,Female,O+,23.2,"659
Mangal Circle",561004,Heart Disease,85,54
4222,4223,P4223-7110-2,Shamik Thaker,1971-10-16,53,Female,B+,28.3,"H.No. 94, Bora Nagar",562002,Epilepsy,136,62
4223,4224,P4224-8001-1,Kiara Arora,1980-01-08,45,Male,O+,23.9,"00, Srivastava",570007,Diabetes,92,77
4224,4225,P4225-5307-2,Pari Saxena,1953-07-12,72,Female,B+,24.7,"489
Sachdev Nagar",560008,Depression,100,8
4225,4226,P4226-9912-1,Taimur Sengupta,1999-12-12,25,Male,A-,27.5,"H.No. 67, Gopal Nagar",562006,Heart Disease,128,66
4226,4227,P4227-9408-1,Damini Gaba,1994-08-10,30,Male,AB-,23.4,"H.No. 071
Kohli Zila",570008,Healthy,87,78
4227,4228,P4228-6305-2,Divij De,1963-05-22,62,Female,B+,27.0,"26/544
Bansal Marg",570009,Asthma,123,79
4228,4229,P4229-9109-2,Drishya Dube,1991-09-04,33,Female,A+,24.3,"04/410, Gour Road",560007,Asthma,96,7
4229,4230,P4230-4512-2,Urvi Deep,1945-12-11,79,Female,B+,23.1,"H.No. 74
Sampath Marg",571010,Heart Disease,84,90
4230,4231,P4231-6903-1,Seher Balan,1969-03-19,56,Male,B+,21.3,"915
Bali Chowk",560206,Hypertension,66,47
4231,4232,P4232-6102-1,Madhav Mahajan,1961-02-15,64,Male,A+,23.9,"24, Batta Ganj",570007,Hypertension,92,77
4232,4233,P4233-5707-1,Samiha Shroff,1957-07-17,68,Male,O-,23.0,"H.No. 59
Goda Nagar",560002,Diabetes,83,2
4233,4234,P4234-5506-1,Himmat Bhat,1955-06-22,70,Male,AB+,25.1,"H.No. 22
Shroff Circle",562001,Epilepsy,104,61
4234,4235,P4235-4601-1,Veer Karpe,1946-01-14,79,Male,O+,22.9,"40, Desai Zila",560209,Asthma,82,50
4235,4236,P4236-7606-1,Adah Vaidya,1976-06-11,49,Male,A+,25.7,"H.No. 210
Guha Street",572010,Hypertension,110,100
4236,4237,P4237-9007-1,Ahana  Krishnan,1990-07-24,34,Male,B+,21.6,"21/17, Wagle Zila",560015,Sleep Apnea,69,15
4237,4238,P4238-9905-2,Jivika Mall,1999-05-03,26,Female,AB+,17.9,"83/174
Bhatnagar Street",572008,Sleep Apnea,32,98
4238,4239,P4239-8812-1,Indrajit Zacharia,1988-12-07,36,Male,A+,23.7,"84/73, Swaminathan Chowk",572010,Diabetes,90,100
4239,4240,P4240-5102-1,Purab Mahajan,1951-02-23,74,Male,A-,22.9,"61/51
Bhattacharyya Chowk",570003,Asthma,82,73
4240,4241,P4241-4503-1,Mamooty Raj,1945-03-07,80,Male,B+,24.4,"71/056, Kumer Chowk",562002,Heart Disease,97,62
4241,4242,P4242-0312-2,Hrishita Batta,2003-12-03,21,Female,O+,22.9,"86/11
Subramaniam Road",571004,Gout,82,84
4242,4243,P4243-4402-2,Aarush Sagar,1944-02-07,81,Female,A+,21.6,"99/942, Vaidya Marg",562004,Diabetes,69,64
4243,4244,P4244-5604-2,Veer Saini,1956-04-10,69,Female,B-,26.7,"90/65, Shetty Marg",560203,Hypertension,120,44
4244,4245,P4245-9805-2,Aaina Bahri,1998-05-29,27,Female,AB+,25.1,"40/52
Bahl Chowk",572002,Gout,104,92
4245,4246,P4246-8907-2,Siya Sawhney,1989-07-24,35,Female,O+,24.9,"H.No. 55
Goda",561004,Diabetes,102,54
4246,4247,P4247-9708-1,Kanav Dhillon,1997-08-25,27,Male,A+,24.7,"65/34, Garde Road",561007,Depression,100,57
4247,4248,P4248-6002-1,Sara Deshpande,1960-02-13,65,Male,O+,26.4,"22/657, Walia Circle",560202,Asthma,117,43
4248,4249,P4249-8512-1,Adah Kota,1985-12-24,39,Male,AB+,21.4,"53
Varty Marg",560014,Heart Disease,67,14
4249,4250,P4250-6201-2,Ishita Anne,1962-01-24,63,Female,O-,24.5,"53, Ahuja Nagar",562003,Epilepsy,98,63
4250,4251,P4251-6201-1,Ela Sem,1962-01-06,63,Male,O+,25.0,"H.No. 02, Kumer Chowk",562004,Hypertension,103,64
4251,4252,P4252-4601-2,Nehmat Kaul,1946-01-02,79,Female,O+,24.6,"702, Ben Ganj",570007,Epilepsy,99,77
4252,4253,P4253-6610-1,Rati Bahl,1966-10-21,58,Male,O+,26.6,"H.No. 72, Ratti Zila",560001,Dementia,119,1
4253,4254,P4254-0203-1,Mohanlal Saha,2002-03-02,23,Male,B+,24.5,"56
Kari Ganj",571003,Healthy,98,83
4254,4255,P4255-5303-2,Madhup Tata,1953-03-01,72,Female,B-,24.1,"93/66
Rana Road",562008,Diabetes,94,68
4255,4256,P4256-9606-2,Pihu Vora,1996-06-11,29,Female,O+,21.9,"795
Chacko Chowk",560001,Diabetes,72,1
4256,4257,P4257-9303-2,Rasha Jha,1993-03-23,32,Female,O+,25.0,"H.No. 009, Butala Zila",570006,Healthy,103,76
4257,4258,P4258-9806-2,Nirvi Sachdeva,1998-06-18,27,Female,B-,21.4,"927
Dass Nagar",560012,Dementia,67,12
4258,4259,P4259-0409-1,Charvi Dua,2004-09-24,20,Male,B-,21.7,"468
Aurora Ganj",560201,Dementia,70,42
4259,4260,P4260-9305-1,Tara Krish,1993-05-20,32,Male,O+,20.6,"207, Bhatt Path",560016,Asthma,59,16
4260,4261,P4261-6202-1,Kiara Vora,1962-02-24,63,Male,B-,22.3,"837
Shukla Street",560015,Depression,76,15
4261,4262,P4262-6807-2,Uthkarsh Mangal,1968-07-22,56,Female,B+,23.8,"501, Kalita Road",560014,Heart Disease,91,14
4262,4263,P4263-4803-1,Dhanush Halder,1948-03-02,77,Male,B+,26.1,"06
Sagar Ganj",560021,Depression,114,21
4263,4264,P4264-7507-2,Arhaan Rout,1975-07-20,49,Female,O+,26.9,"H.No. 25, Joshi Circle",570008,Osteoporosis,122,78
4264,4265,P4265-9808-1,Sumer Khalsa,1998-08-13,26,Male,O+,28.8,"H.No. 791, Bala Ganj",571003,Heart Disease,141,83
4265,4266,P4266-4004-2,Ishaan Sandal,1940-04-17,85,Female,A+,21.0,"04/671, Lall Ganj",572010,Diabetes,63,100
4266,4267,P4267-9204-1,Advik Thaman,1992-04-08,33,Male,A+,24.0,"751
Keer Marg",560022,Sleep Apnea,93,22
4267,4268,P4268-9911-2,Baiju Sarma,1999-11-28,25,Female,O+,25.2,"69/84
Jayaraman Marg",560029,Dementia,105,29
4268,4269,P4269-4405-2,Ojas Babu,1944-05-22,81,Female,B+,21.6,"437, Sawhney Ganj",562008,Hypertension,69,68
4269,4270,P4270-9601-1,Ivana Balasubramanian,1996-01-24,29,Male,A+,22.8,"78/238
Sachdeva Ganj",572008,Heart Disease,81,98
4270,4271,P4271-8912-2,Vaibhav Ghose,1989-12-18,35,Female,O+,22.3,"49/75
Bobal Circle",572006,Sleep Apnea,76,96
4271,4272,P4272-4810-2,Aaina Chander,1948-10-13,76,Female,B+,23.3,"H.No. 150
Ranganathan Circle",562002,Heart Disease,86,62
4272,4273,P4273-5611-2,Advik Hari,1956-11-26,68,Female,A+,26.5,"91
Boase Chowk",572008,Heart Disease,118,98
4273,4274,P4274-6508-2,Miraan Deol,1965-08-13,59,Female,O+,25.9,"01/87
Sangha Zila",560024,Hypertension,112,24
4274,4275,P4275-0312-1,Saanvi Swamy,2003-12-23,21,Male,A-,25.4,"64
Mangal Ganj",571008,Heart Disease,107,88
4275,4276,P4276-6805-1,Arhaan Vohra,1968-05-09,57,Male,B+,19.4,"077
Yadav Road",560024,Depression,47,24
4276,4277,P4277-6211-2,Kismat Sodhi,1962-11-05,62,Female,A+,21.5,"56/35
Boase Marg",560014,Depression,68,14
4277,4278,P4278-0407-2,Keya Varma,2004-07-20,20,Female,O+,24.8,"63/416, Boase Zila",560207,Heart Disease,101,48
4278,4279,P4279-7708-2,Dishani Lad,1977-08-18,47,Female,O+,21.1,"042
Manda",572009,Dementia,64,99
4279,4280,P4280-4408-1,Sara Wali,1944-08-21,80,Male,O+,19.5,"46/21
Hari Zila",560109,Hypertension,48,40
4280,4281,P4281-4908-1,Saira Ben,1949-08-25,75,Male,A+,25.3,"H.No. 06
Sibal Zila",560019,Diabetes,106,19
4281,4282,P4282-9007-1,Charvi Agate,1990-07-23,34,Male,A-,21.8,"22, Dayal Chowk",572008,Heart Disease,71,98
4282,4283,P4283-9711-2,Trisha Chaudhary,1997-11-30,27,Female,O+,23.5,"57/71
Wable Nagar",572005,Osteoporosis,88,95
4283,4284,P4284-6910-2,Shalv Dube,1969-10-12,55,Female,O+,25.8,"H.No. 005
Kanda Road",560007,Dementia,111,7
4284,4285,P4285-8501-2,Biju Anne,1985-01-09,40,Female,B+,26.1,"48/64
Dalal Ganj",572003,Diabetes,114,93
4285,4286,P4286-8608-2,Vivaan Chowdhury,1986-08-06,38,Female,B-,24.7,"H.No. 10
Bandi Nagar",560017,Diabetes,100,17
4286,4287,P4287-9603-1,Akarsh Rama,1996-03-03,29,Male,O-,26.3,"88, Sunder Ganj",562010,Gout,116,70
4287,4288,P4288-0305-2,Kiara Chana,2003-05-21,22,Female,O+,21.9,"H.No. 512
Thaker Marg",570004,Diabetes,72,74
4288,4289,P4289-8708-2,Mamooty Ben,1987-08-30,37,Female,O+,25.0,"H.No. 84
Chhabra",561008,Sleep Apnea,103,58
4289,4290,P4290-8301-2,Amani Kohli,1983-01-05,42,Female,B+,21.2,"081, Barad Zila",572001,Heart Disease,65,91
4290,4291,P4291-6301-1,Heer Datta,1963-01-05,62,Male,B-,21.1,"567
Sura Zila",560102,Gout,64,33
4291,4292,P4292-6908-2,Eshani Bala,1969-08-07,55,Female,O-,23.7,"02/96
Chatterjee Marg",560026,Gout,90,26
4292,4293,P4293-8405-1,Dhruv Sampath,1984-05-19,41,Male,O+,25.1,"H.No. 80
Rana Chowk",570009,Sleep Apnea,104,79
4293,4294,P4294-6401-1,Navya Chandran,1964-01-15,61,Male,O+,21.6,"73/09
Boase Chowk",572009,Dementia,69,99
4294,4295,P4295-5401-2,Nitya Yogi,1954-01-24,71,Female,O+,25.9,"261
Ghose Marg",570001,Epilepsy,112,71
4295,4296,P4296-5707-2,Kismat Rastogi,1957-07-22,67,Female,AB+,22.8,"49, Dewan Marg",560106,Diabetes,81,37
4296,4297,P4297-8403-2,Navya Chanda,1984-03-01,41,Female,O-,26.7,"25/33
Dyal Nagar",560025,Gout,120,25
4297,4298,P4298-8112-1,Lakshay Seshadri,1981-12-24,43,Male,O+,26.4,"H.No. 53, Yadav Path",572008,Depression,117,98
4298,4299,P4299-0208-1,Miraan Sur,2002-08-31,22,Male,O+,22.0,"13
Chatterjee Circle",560206,Osteoporosis,73,47
4299,4300,P4300-0401-2,Sumer Boase,2004-01-28,21,Female,A+,25.2,"27/02, Sama Chowk",560004,Osteoporosis,105,4
4300,4301,P4301-5103-2,Nehmat Raja,1951-03-28,74,Female,A+,24.3,"H.No. 47
Grewal Street",560020,Gout,96,20
4301,4302,P4302-7101-2,Ahana  Thaman,1971-01-10,54,Female,AB+,24.5,"79
Taneja Zila",572008,Dementia,98,98
4302,4303,P4303-4910-2,Dhanush Devi,1949-10-14,75,Female,B+,21.7,"36, Ahluwalia Chowk",561009,Depression,70,59
4303,4304,P4304-9908-2,Tushar Hayer,1999-08-31,25,Female,B+,26.0,"H.No. 550, Guha Chowk",562002,Dementia,113,62
4304,4305,P4305-6111-1,Madhup Ramesh,1961-11-04,63,Male,O+,22.6,"66/42
Bir Chowk",561004,Diabetes,79,54
4305,4306,P4306-6512-1,Kabir Ganesan,1965-12-07,59,Male,O+,21.5,"H.No. 264
Arora",560004,Heart Disease,68,4
4306,4307,P4307-9207-2,Rati Jhaveri,1992-07-04,33,Female,B+,21.5,"59/06
Bajaj Circle",560020,Depression,68,20
4307,4308,P4308-7012-2,Onkar Bhalla,1970-12-03,54,Female,A-,22.5,"55
Saxena Marg",571001,Osteoporosis,78,81
4308,4309,P4309-4605-1,Arnav Sha,1946-05-21,79,Male,A+,22.4,"77/247
Borde Circle",570009,Sleep Apnea,77,79
4309,4310,P4310-9504-1,Armaan Walla,1995-04-25,30,Male,O+,24.4,"270
Mani Circle",560007,Gout,97,7
4310,4311,P4311-0012-2,Samarth Dugar,2000-12-23,24,Female,O+,19.7,"H.No. 88
Balasubramanian",571002,Sleep Apnea,50,82
4311,4312,P4312-7410-1,Piya Bath,1974-10-12,50,Male,B+,24.2,"37/86, Iyengar Circle",560020,Osteoporosis,95,20
4312,4313,P4313-6511-1,Anya Magar,1965-11-25,59,Male,B-,22.2,"917, Som Chowk",560023,Diabetes,75,23
4313,4314,P4314-4807-1,Mehul Dara,1948-07-08,77,Male,AB+,23.8,"27/34
Dey Nagar",571002,Diabetes,91,82
4314,4315,P4315-8209-2,Jayant Bhargava,1982-09-06,42,Female,A-,21.5,"083
Khare Nagar",571002,Asthma,68,82
4315,4316,P4316-7706-1,Gatik Borde,1977-06-25,48,Male,O+,25.0,"H.No. 124
Wagle Road",562006,Epilepsy,103,66
4316,4317,P4317-7009-2,Samarth Ramanathan,1970-09-03,54,Female,A+,24.4,"939, Dewan",560012,Diabetes,97,12
4317,4318,P4318-8507-2,Adah Vora,1985-07-27,39,Female,A+,24.6,"55/962, Date Road",560007,Depression,99,7
4318,4319,P4319-9208-1,Siya Tank,1992-08-04,32,Male,B+,27.4,"31/10
Sarkar",560005,Sleep Apnea,127,5
4319,4320,P4320-5104-2,Mohanlal Bhakta,1951-04-30,74,Female,A-,25.2,"69/57
Varty Ganj",572004,Osteoporosis,105,94
4320,4321,P4321-6912-1,Aayush Kumar,1969-12-23,55,Male,O+,26.5,"84/718
Raval Street",572008,Sleep Apnea,118,98
4321,4322,P4322-4307-2,Pranay Roy,1943-07-28,81,Female,O+,21.7,"H.No. 055
Shenoy Path",562008,Diabetes,70,68
4322,4323,P4323-0307-1,Madhav Ganguly,2003-07-22,21,Male,AB+,20.4,"H.No. 09
Sant Ganj",560209,Epilepsy,57,50
4323,4324,P4324-6709-1,Yuvraj  Raja,1967-09-12,57,Male,O+,24.5,"H.No. 55, Dutta Chowk",572010,Asthma,98,100
4324,4325,P4325-6702-1,Ivan Gopal,1967-02-28,58,Male,O+,21.6,"H.No. 253, Sule",560201,Depression,69,42
4325,4326,P4326-7112-2,Inaaya  Solanki,1971-12-14,53,Female,O-,24.1,"828, Dara Street",560028,Heart Disease,94,28
4326,4327,P4327-8406-1,Hiran Thaker,1984-06-10,41,Male,O+,20.9,"17/76
Chahal Path",560007,Asthma,62,7
4327,4328,P4328-8911-1,Advik Dyal,1989-11-03,35,Male,O+,22.4,"H.No. 339, Saraf Ganj",562010,Epilepsy,77,70
4328,4329,P4329-7703-1,Divij Vyas,1977-03-28,48,Male,O+,25.5,"H.No. 64
Ravel Road",562008,Diabetes,108,68
4329,4330,P4330-6201-1,Amani Gopal,1962-01-12,63,Male,AB+,21.2,"H.No. 893
Chander Ganj",560014,Sleep Apnea,65,14
4330,4331,P4331-6710-2,Yasmin Sandhu,1967-10-15,57,Female,AB+,25.8,"H.No. 953
Korpal Circle",571009,Asthma,111,89
4331,4332,P4332-4904-2,Ela Chhabra,1949-04-19,76,Female,A-,24.2,"H.No. 352
Biswas Nagar",560019,Depression,95,19
4332,4333,P4333-8008-2,Emir Ranganathan,1980-08-01,44,Female,O+,21.8,"H.No. 636, Dey",560207,Healthy,71,48
4333,4334,P4334-5811-2,Raunak Gola,1958-11-30,66,Female,A-,24.8,"H.No. 54
Brahmbhatt Chowk",570003,Osteoporosis,101,73
4334,4335,P4335-4709-2,Hunar Khosla,1947-09-13,77,Female,B+,21.2,"94/17
Kota Marg",560011,Depression,65,11
4335,4336,P4336-8803-1,Jayant Majumdar,1988-03-21,37,Male,O+,22.9,"06/50
Kumar Street",560011,Diabetes,82,11
4336,4337,P4337-8108-2,Shray Divan,1981-08-01,43,Female,A+,24.8,"54, Warrior Ganj",560201,Healthy,101,42
4337,4338,P4338-5502-2,Gatik Varma,1955-02-07,70,Female,B+,23.2,"25
Chaudhuri Zila",571008,Osteoporosis,85,88
4338,4339,P4339-0401-2,Zara Kannan,2004-01-21,21,Female,O-,24.7,"831
Soni Ganj",560101,Heart Disease,100,32
4339,4340,P4340-4507-2,Advika Ghosh,1945-07-27,79,Female,AB+,24.5,"30
Sule Marg",560100,Epilepsy,98,31
4340,4341,P4341-6403-2,Drishya Venkataraman,1964-03-23,61,Female,O+,27.5,"H.No. 795
Badami Nagar",571005,Diabetes,128,85
4341,4342,P4342-7302-2,Anika Halder,1973-02-07,52,Female,B-,26.5,"83, Kaur Road",560109,Heart Disease,118,40
4342,4343,P4343-6805-2,Armaan Brar,1968-05-19,57,Female,O+,22.3,"06/576, Ranganathan Path",560013,Diabetes,76,13
4343,4344,P4344-7803-2,Navya Bedi,1978-03-28,47,Female,O-,27.1,"88, Devi",572001,Sleep Apnea,124,91
4344,4345,P4345-5107-2,Lakshay Reddy,1951-07-31,73,Female,O+,25.3,"29/07, Rattan Ganj",560026,Depression,106,26
4345,4346,P4346-8805-1,Nakul Sane,1988-05-02,37,Male,O+,21.8,"H.No. 806, Kapoor Street",560001,Depression,71,1
4346,4347,P4347-7509-1,Zaina Dewan,1975-09-14,49,Male,O+,23.0,"88/713
Sachdeva Ganj",562003,Gout,83,63
4347,4348,P4348-9910-2,Aniruddh Sanghvi,1999-10-20,25,Female,B+,24.6,"817
Varma Ganj",560013,Epilepsy,99,13
4348,4349,P4349-9209-2,Shanaya Sharaf,1992-09-07,32,Female,O+,25.2,"H.No. 422
Soni Street",572004,Healthy,105,94
4349,4350,P4350-8211-2,Saira Hans,1982-11-14,42,Female,O+,26.3,"20/125, Gill",560207,Sleep Apnea,116,48
4350,4351,P4351-4112-2,Amira Sachar,1941-12-20,83,Female,O+,23.5,"41/29
Kala Chowk",560205,Healthy,88,46
4351,4352,P4352-6304-1,Mannat Wali,1963-04-06,62,Male,B+,22.5,"84/68, Brar Circle",560109,Epilepsy,78,40
4352,4353,P4353-8409-1,Vedika Badami,1984-09-06,40,Male,A+,25.0,"H.No. 537, Bhargava",560106,Depression,103,37
4353,4354,P4354-5311-2,Taimur Korpal,1953-11-22,71,Female,A-,27.7,"H.No. 09
Srinivasan Ganj",570010,Healthy,130,80
4354,4355,P4355-4304-2,Himmat Wable,1943-04-18,82,Female,AB+,24.6,"H.No. 14, Khosla Circle",560009,Sleep Apnea,99,9
4355,4356,P4356-0304-1,Jhanvi Gopal,2003-04-23,22,Male,B-,23.7,"H.No. 37, Divan Path",570002,Dementia,90,72
4356,4357,P4357-6002-1,Purab Walla,1960-02-07,65,Male,B+,22.6,"92/69, Chad Street",561003,Healthy,79,53
4357,4358,P4358-4410-2,Prerak Karpe,1944-10-22,80,Female,AB+,25.0,"09
Gupta Marg",560205,Sleep Apnea,103,46
4358,4359,P4359-0402-2,Samarth Barad,2004-02-03,21,Female,AB+,27.6,"H.No. 175, Balan Path",560206,Gout,129,47
4359,4360,P4360-5409-2,Divij Kibe,1954-09-12,70,Female,O+,23.9,"17
Taneja Chowk",562005,Osteoporosis,92,65
4360,4361,P4361-5710-2,Nirvaan Bhasin,1957-10-24,67,Female,A+,23.0,"H.No. 216, Halder Path",572009,Healthy,83,99
4361,4362,P4362-7705-1,Ishita Gopal,1977-05-15,48,Male,A+,24.4,"38/05
Gera Marg",572008,Healthy,97,98
4362,4363,P4363-9407-2,Veer Saini,1994-07-17,30,Female,O+,24.1,"95
Raval Circle",560200,Heart Disease,94,41
4363,4364,P4364-9306-2,Yuvraj  Chanda,1993-06-07,32,Female,A+,21.3,"60/069, Kala Marg",571006,Osteoporosis,66,86
4364,4365,P4365-6506-1,Tiya Ganguly,1965-06-28,60,Male,AB+,20.7,"H.No. 945, Balakrishnan Marg",572009,Asthma,60,99
4365,4366,P4366-8204-1,Seher Bhalla,1982-04-26,43,Male,AB+,20.0,"H.No. 31, Khurana Street",560022,Hypertension,53,22
4366,4367,P4367-6812-2,Anaya Sawhney,1968-12-28,56,Female,AB-,23.3,"H.No. 32
Ram Road",560016,Gout,86,16
4367,4368,P4368-6011-1,Lakshay Magar,1960-11-29,64,Male,AB+,26.3,"224, Kadakia Road",560208,Gout,116,49
4368,4369,P4369-9502-1,Adah Wali,1995-02-27,30,Male,A+,23.6,"18/693
Gaba Chowk",560205,Heart Disease,89,46
4369,4370,P4370-0002-1,Pihu Borra,2000-02-01,25,Male,O+,22.9,"H.No. 36, Viswanathan",570006,Dementia,82,76
4370,4371,P4371-9507-2,Ehsaan Walia,1995-07-30,29,Female,A+,21.4,"79/61
Dhillon Chowk",560107,Hypertension,67,38
4371,4372,P4372-8206-1,Ivana Saini,1982-06-25,43,Male,A+,27.0,"H.No. 63, Kibe Road",562002,Diabetes,123,62
4372,4373,P4373-7411-2,Aarna Balasubramanian,1974-11-09,50,Female,A+,23.1,"25/74
Mahajan Circle",560004,Gout,84,4
4373,4374,P4374-5602-2,Inaaya  Thaman,1956-02-20,69,Female,B-,25.9,"H.No. 610, Dewan Path",560018,Osteoporosis,112,18
4374,4375,P4375-6402-1,Tanya Dewan,1964-02-12,61,Male,A+,23.0,"04/750, Kale Path",572006,Epilepsy,83,96
4375,4376,P4376-5911-2,Nitara Toor,1959-11-23,65,Female,AB+,24.9,"47
Suresh",561008,Asthma,102,58
4376,4377,P4377-8604-2,Pranay Chhabra,1986-04-19,39,Female,O-,25.4,"H.No. 40
Sidhu Chowk",560205,Hypertension,107,46
4377,4378,P4378-4209-2,Vaibhav Chowdhury,1942-09-04,82,Female,B+,25.7,"41/11
Ratta Road",560027,Epilepsy,110,27
4378,4379,P4379-6006-2,Nitara Ganguly,1960-06-10,65,Female,A-,23.6,"60/82, Dave",561005,Asthma,89,55
4379,4380,P4380-4109-2,Ivan Dugal,1941-09-09,83,Female,A+,23.8,"08/66, Loyal Road",561004,Healthy,91,54
4380,4381,P4381-6406-2,Samiha Cheema,1964-06-26,61,Female,B-,23.8,"62/65
Srinivasan Path",560001,Dementia,91,1
4381,4382,P4382-4509-2,Sumer Tak,1945-09-21,79,Female,AB+,22.6,"59/151, Contractor Path",560021,Epilepsy,79,21
4382,4383,P4383-7004-2,Abram Sathe,1970-04-15,55,Female,B-,23.6,"59/59
Chad Circle",571009,Epilepsy,89,89
4383,4384,P4384-8806-1,Ritvik Aggarwal,1988-06-30,37,Male,O-,21.4,"775
Bir Circle",560020,Asthma,67,20
4384,4385,P4385-8707-1,Zara Som,1987-07-28,37,Male,O+,23.8,"H.No. 10
Walia Path",560001,Gout,91,1
4385,4386,P4386-7106-2,Jhanvi Ramaswamy,1971-06-30,54,Female,B-,25.0,"H.No. 576, Desai Ganj",561004,Gout,103,54
4386,4387,P4387-5710-2,Jhanvi Kade,1957-10-25,67,Female,B+,25.1,"H.No. 717, Keer Marg",560208,Depression,104,49
4387,4388,P4388-4703-2,Mishti Bora,1947-03-10,78,Female,A+,26.2,"H.No. 475, Bhagat Circle",572004,Asthma,115,94
4388,4389,P4389-0006-1,Anya Bhattacharyya,2000-06-08,25,Male,O+,24.3,"H.No. 957
Amble Nagar",571007,Hypertension,96,87
4389,4390,P4390-4904-1,Dhruv Khosla,1949-04-02,76,Male,O+,25.1,"58/406
Venkatesh Zila",560102,Healthy,104,33
4390,4391,P4391-9211-2,Shanaya Salvi,1992-11-13,32,Female,B+,22.1,"26/862, Gupta",560001,Dementia,74,1
4391,4392,P4392-7809-1,Sahil Mallick,1978-09-28,46,Male,O+,26.0,"419
Solanki Street",560030,Sleep Apnea,113,30
4392,4393,P4393-8201-2,Samaira Comar,1982-01-12,43,Female,O+,24.3,"30/442
Lall Street",570008,Dementia,96,78
4393,4394,P4394-9708-2,Kiaan Batta,1997-08-09,27,Female,AB+,24.0,"04/25, Datta Ganj",560009,Asthma,93,9
4394,4395,P4395-4406-1,Drishya Garg,1944-06-10,81,Male,A+,24.0,"H.No. 26, De Nagar",560024,Depression,93,24
4395,4396,P4396-5006-2,Aaina Sura,1950-06-10,75,Female,O+,22.0,"H.No. 231
Dugar Zila",572001,Sleep Apnea,73,91
4396,4397,P4397-5308-1,Anaya Bhavsar,1953-08-15,71,Male,O+,23.7,"04/000
Goyal Chowk",560206,Epilepsy,90,47
4397,4398,P4398-4504-2,Oorja Balasubramanian,1945-04-04,80,Female,B-,23.0,"57, Sarkar Zila",570002,Dementia,83,72
4398,4399,P4399-7606-2,Kismat Lala,1976-06-11,49,Female,O+,21.9,"H.No. 70, Chawla Road",560023,Osteoporosis,72,23
4399,4400,P4400-9808-1,Sumer Krishnamurthy,1998-08-16,26,Male,A-,21.9,"33
Deol Path",571003,Diabetes,72,83
4400,4401,P4401-6111-2,Jayesh Taneja,1961-11-14,63,Female,A+,25.1,"47/373
Chacko Road",560023,Asthma,104,23
4401,4402,P4402-9304-2,Aaryahi Khalsa,1993-04-04,32,Female,O+,22.7,"H.No. 36
Bhatt Street",560009,Diabetes,80,9
4402,4403,P4403-6406-1,Darshit Kade,1964-06-17,61,Male,B-,26.1,"36/25, Bhasin Ganj",560012,Heart Disease,114,12
4403,4404,P4404-7406-2,Elakshi Kaur,1974-06-14,51,Female,A+,24.7,"41/42
Trivedi Circle",562002,Gout,100,62
4404,4405,P4405-8704-2,Hazel Warrior,1987-04-08,38,Female,B+,25.9,"36/851
Ben Ganj",560202,Diabetes,112,43
4405,4406,P4406-4012-2,Yasmin Sant,1940-12-29,84,Female,O+,21.6,"H.No. 53
Manne Road",561005,Depression,69,55
4406,4407,P4407-0209-1,Biju Talwar,2002-09-25,22,Male,A+,22.9,"74/08, Amble Marg",571010,Sleep Apnea,82,90
4407,4408,P4408-5512-2,Chirag Sridhar,1955-12-30,69,Female,B+,21.3,"58/206, Bhalla Marg",560204,Epilepsy,66,45
4408,4409,P4409-9809-1,Hrishita Gour,1998-09-05,26,Male,A-,27.3,"H.No. 60
Bali Chowk",560027,Heart Disease,126,27
4409,4410,P4410-6407-2,Mamooty Char,1964-07-14,61,Female,B+,21.5,"60/092
Setty Nagar",562003,Heart Disease,68,63
4410,4411,P4411-5911-2,Kanav Kaul,1959-11-01,65,Female,O+,22.2,"676, Kalita Zila",560104,Diabetes,75,35
4411,4412,P4412-5605-2,Manikya Kaul,1956-05-01,69,Female,B+,26.6,"H.No. 43, Devan Road",560020,Sleep Apnea,119,20
4412,4413,P4413-5907-2,Priyansh Kala,1959-07-26,65,Female,O-,24.8,"H.No. 62, Ranganathan Marg",571005,Depression,101,85
4413,4414,P4414-0008-2,Yasmin Kar,2000-08-27,24,Female,O+,20.5,"19/142
Dalal Street",560206,Diabetes,58,47
4414,4415,P4415-4612-1,Chirag Raval,1946-12-21,78,Male,AB+,25.3,"05/66
Wagle Nagar",560022,Heart Disease,106,22
4415,4416,P4416-4805-2,Ela Grover,1948-05-26,77,Female,B+,24.9,"22/719
Hari Nagar",570003,Sleep Apnea,102,73
4416,4417,P4417-9910-2,Divij Garde,1999-10-05,25,Female,A+,23.9,"21
Kant Marg",560106,Dementia,92,37
4417,4418,P4418-4003-2,Lagan Jain,1940-03-05,85,Female,O+,25.2,"H.No. 982
Rau Street",560017,Osteoporosis,105,17
4418,4419,P4419-7007-1,Shayak Kapur,1970-07-13,55,Male,B+,24.8,"H.No. 444
Ghosh Circle",560007,Epilepsy,101,7
4419,4420,P4420-8312-2,Misha Mani,1983-12-25,41,Female,O+,22.6,"95/69, Goda Marg",562005,Asthma,79,65
4420,4421,P4421-4304-1,Pari Bhakta,1943-04-11,82,Male,O+,22.2,"75/58
Dave Road",560010,Dementia,75,10
4421,4422,P4422-7108-1,Tejas Brahmbhatt,1971-08-07,53,Male,B+,25.2,"H.No. 98, Sha Nagar",560029,Dementia,105,29
4422,4423,P4423-0305-2,Mahika Baral,2003-05-09,22,Female,B+,23.5,"47/21, Hayre Chowk",570008,Sleep Apnea,88,78
4423,4424,P4424-5701-2,Zaina Bajaj,1957-01-23,68,Female,O-,22.1,"60/40
Kapur",562006,Sleep Apnea,74,66
4424,4425,P4425-6907-2,Faiyaz Tak,1969-07-16,55,Female,B+,24.6,"06/258, Sachdev Circle",560004,Osteoporosis,99,4
4425,4426,P4426-9009-2,Emir Varkey,1990-09-24,34,Female,O+,22.7,"10/071
Kant Road",570008,Heart Disease,80,78
4426,4427,P4427-8307-1,Ira Gupta,1983-07-29,41,Male,A+,23.3,"802, Krish Road",560024,Healthy,86,24
4427,4428,P4428-5507-1,Dishani Doshi,1955-07-10,70,Male,AB+,23.4,"21/794, Dayal Chowk",561006,Sleep Apnea,87,56
4428,4429,P4429-8205-1,Jivin Saraf,1982-05-31,43,Male,B+,28.8,"09
Mann Road",560002,Hypertension,141,2
4429,4430,P4430-8804-1,Amani Swamy,1988-04-21,37,Male,A+,24.3,"347
Badal",560021,Gout,96,21
4430,4431,P4431-6206-1,Samiha Bose,1962-06-13,63,Male,O-,23.5,"H.No. 065
Bali Path",562001,Hypertension,88,61
4431,4432,P4432-0511-1,Taimur Taneja,2005-11-08,19,Male,O+,24.9,"897
Loke Circle",560001,Gout,102,1
4432,4433,P4433-5206-2,Hiran Kale,1952-06-06,73,Female,B+,21.9,"62, Comar Circle",560028,Epilepsy,72,28
4433,4434,P4434-8509-1,Ivan Sangha,1985-09-11,39,Male,O+,25.4,"H.No. 407
Gill Path",560024,Healthy,107,24
4434,4435,P4435-8603-2,Ritvik Sibal,1986-03-18,39,Female,O+,21.5,"35, Sahni Ganj",561007,Gout,68,57
4435,4436,P4436-8309-1,Mohanlal Swaminathan,1983-09-22,41,Male,B-,22.9,"65/43, Garde Chowk",560104,Dementia,82,35
4436,4437,P4437-7711-2,Anvi Sankaran,1977-11-14,47,Female,A+,18.6,"64/348
Bali Street",560203,Dementia,39,44
4437,4438,P4438-4810-2,Mishti Manne,1948-10-16,76,Female,B+,24.2,"94
Tandon Circle",562006,Asthma,95,66
4438,4439,P4439-5601-1,Hiran Gade,1956-01-03,69,Male,A+,22.4,"H.No. 24
Bawa Chowk",560009,Hypertension,77,9
4439,4440,P4440-6908-2,Saira Wable,1969-08-18,55,Female,B+,24.8,"H.No. 782
Rau Street",561010,Healthy,101,60
4440,4441,P4441-6608-2,Tejas Sagar,1966-08-12,58,Female,O+,25.2,"76/271, Kothari Nagar",560009,Depression,105,9
4441,4442,P4442-8107-2,Mohanlal Saxena,1981-07-28,43,Female,B+,23.1,"509, Kala Zila",560020,Heart Disease,84,20
4442,4443,P4443-5705-1,Vaibhav Dixit,1957-05-10,68,Male,A-,26.6,"82/49, Thakkar Chowk",571010,Diabetes,119,90
4443,4444,P4444-9209-1,Rati Deshmukh,1992-09-30,32,Male,O+,24.4,"86/16
Sankar Street",562001,Depression,97,61
4444,4445,P4445-6206-2,Jayan Guha,1962-06-24,63,Female,O-,24.8,"H.No. 729, Dani Path",560002,Epilepsy,101,2
4445,4446,P4446-8809-2,Ivan Talwar,1988-09-26,36,Female,O-,22.3,"95
Dewan Circle",560108,Epilepsy,76,39
4446,4447,P4447-5707-1,Yuvaan Banerjee,1957-07-06,68,Male,O+,22.4,"88/61
Sridhar Road",562004,Sleep Apnea,77,64
4447,4448,P4448-9110-2,Nitya Sabharwal,1991-10-16,33,Female,B-,22.0,"60/12
Dhar Street",560028,Osteoporosis,73,28
4448,4449,P4449-4007-2,Madhav Kumer,1940-07-21,85,Female,B+,25.1,"520
Chaudhari Road",560016,Hypertension,104,16
4449,4450,P4450-9404-1,Advik Hayre,1994-04-21,31,Male,O-,23.6,"739
Sengupta",560103,Hypertension,89,34
4450,4451,P4451-8705-1,Damini Bhandari,1987-05-07,38,Male,O+,23.0,"568
Gade Road",560010,Gout,83,10
4451,4452,P4452-7704-2,Saanvi Saraf,1977-04-14,48,Female,AB+,26.2,"36/663, Saran Marg",571010,Sleep Apnea,115,90
4452,4453,P4453-6909-2,Shray Badami,1969-09-05,55,Female,AB+,25.8,"57/247
Bajwa Zila",560004,Heart Disease,111,4
4453,4454,P4454-6807-2,Myra Chawla,1968-07-03,57,Female,O+,20.7,"94/160, Kashyap Chowk",570004,Hypertension,60,74
4454,4455,P4455-9501-2,Neysa Srivastava,1995-01-19,30,Female,O+,23.1,"22, Sharma Zila",561010,Hypertension,84,60
4455,4456,P4456-7609-2,Vivaan Thaman,1976-09-09,48,Female,O+,26.2,"424, Yohannan Zila",560207,Asthma,115,48
4456,4457,P4457-8907-1,Kiaan Rajan,1989-07-03,36,Male,O+,20.5,"H.No. 40, Ahuja Road",570005,Hypertension,58,75
4457,4458,P4458-0512-2,Drishya Bhatnagar,2005-12-21,19,Female,B-,21.6,"H.No. 85
Ahluwalia Marg",560207,Asthma,69,48
4458,4459,P4459-7411-2,Rati Subramanian,1974-11-07,50,Female,B-,20.3,"83
Gola Street",562007,Heart Disease,56,67
4459,4460,P4460-4104-2,Charvi Thaker,1941-04-01,84,Female,B+,26.5,"H.No. 55
Halder Ganj",562010,Dementia,118,70
4460,4461,P4461-6404-2,Ojas Dass,1964-04-28,61,Female,A+,25.7,"85/17
Sankar",560106,Dementia,110,37
4461,4462,P4462-8404-1,Rohan Amble,1984-04-11,41,Male,A+,20.5,"H.No. 96, Reddy Nagar",571007,Heart Disease,58,87
4462,4463,P4463-4706-1,Anvi Kamdar,1947-06-23,78,Male,AB+,22.9,"57/80
Tailor Chowk",560108,Sleep Apnea,82,39
4463,4464,P4464-8808-1,Alia Balakrishnan,1988-08-21,36,Male,A-,24.8,"92/396
Sethi Marg",562004,Depression,101,64
4464,4465,P4465-7203-1,Neelofar Balan,1972-03-09,53,Male,B-,26.3,"17
Rastogi Ganj",560015,Osteoporosis,116,15
4465,4466,P4466-7604-2,Anvi Rau,1976-04-29,49,Female,O-,24.2,"H.No. 41, Dasgupta Marg",560019,Asthma,95,19
4466,4467,P4467-8711-2,Hansh Suri,1987-11-27,37,Female,O-,20.6,"08/102, Andra",560107,Osteoporosis,59,38
4467,4468,P4468-5112-1,Yakshit Sagar,1951-12-15,73,Male,O+,24.6,"34/87, Sabharwal Street",560103,Osteoporosis,99,34
4468,4469,P4469-6907-2,Biju Madan,1969-07-03,56,Female,A+,25.3,"87/31, Wason Street",562006,Hypertension,106,66
4469,4470,P4470-5609-1,Kavya Ranganathan,1956-09-27,68,Male,O+,25.0,"H.No. 953
Sandal Zila",572001,Hypertension,103,91
4470,4471,P4471-4811-1,Renee Doctor,1948-11-03,76,Male,B+,22.8,"20/48
Dhaliwal Road",560204,Osteoporosis,81,45
4471,4472,P4472-5303-2,Saanvi Srinivasan,1953-03-24,72,Female,O+,25.7,"H.No. 49, Handa Path",560026,Gout,110,26
4472,4473,P4473-6602-2,Indrans Mahal,1966-02-13,59,Female,AB+,21.0,"06, Ghose Nagar",560018,Depression,63,18
4473,4474,P4474-9801-1,Yuvaan Dutta,1998-01-28,27,Male,O+,25.3,"282
Gera Road",560007,Heart Disease,106,7
4474,4475,P4475-4810-2,Riaan Madan,1948-10-23,76,Female,B+,22.6,"87/584
Gopal Zila",572007,Diabetes,79,97
4475,4476,P4476-0511-1,Kartik Ganguly,2005-11-05,19,Male,AB+,22.1,"H.No. 26
Madan Zila",560002,Diabetes,74,2
4476,4477,P4477-6207-1,Parinaaz Roy,1962-07-17,63,Male,O-,22.1,"75/08
Bhagat Chowk",560102,Depression,74,33
4477,4478,P4478-9608-1,Tara Ray,1996-08-13,28,Male,A+,27.3,"07
Vora Zila",560203,Epilepsy,126,44
4478,4479,P4479-7408-1,Ahana  Chandra,1974-08-10,50,Male,O+,23.6,"H.No. 559, Kothari Zila",560022,Dementia,89,22
4479,4480,P4480-6410-1,Pari Goda,1964-10-13,60,Male,B-,21.7,"H.No. 021
Chawla Zila",560201,Gout,70,42
4480,4481,P4481-6509-1,Arhaan Raju,1965-09-15,59,Male,AB+,22.7,"81, Hari Path",571009,Gout,80,89
4481,4482,P4482-7907-2,Stuvan Lanka,1979-07-06,46,Female,O+,24.3,"904, Guha Road",560201,Gout,96,42
4482,4483,P4483-8608-2,Kiara Verma,1986-08-13,38,Female,A+,21.9,"H.No. 80
Mammen Ganj",560017,Dementia,72,17
4483,4484,P4484-8610-1,Armaan Sheth,1986-10-11,38,Male,B+,28.0,"71/63
Saxena Zila",562004,Healthy,133,64
4484,4485,P4485-8107-2,Reyansh Rattan,1981-07-06,44,Female,AB+,24.6,"26
Apte Ganj",560108,Healthy,99,39
4485,4486,P4486-5410-1,Adira Chand,1954-10-02,70,Male,A-,23.0,"54/354
Rama Ganj",560009,Osteoporosis,83,9
4486,4487,P4487-5109-1,Jivin Mangat,1951-09-10,73,Male,AB+,22.1,"64/23, Bandi Road",570003,Gout,74,73
4487,4488,P4488-8304-2,Anahita Babu,1983-04-10,42,Female,O+,24.7,"05, Chad Road",560019,Depression,100,19
4488,4489,P4489-9602-1,Mamooty Krish,1996-02-15,29,Male,O+,25.3,"07/378, Bahri Zila",561008,Asthma,106,58
4489,4490,P4490-0506-1,Hazel Soman,2005-06-16,20,Male,O+,23.8,"77/737
Khare Road",560011,Hypertension,91,11
4490,4491,P4491-4910-1,Azad Dar,1949-10-06,75,Male,O+,24.1,"03
Bumb Chowk",570005,Gout,94,75
4491,4492,P4492-6005-1,Drishya Kadakia,1960-05-19,65,Male,O-,24.4,"113
Atwal Street",560025,Depression,97,25
4492,4493,P4493-7109-1,Jayant Dayal,1971-09-09,53,Male,AB+,22.6,"54/35
Chander Street",562007,Heart Disease,79,67
4493,4494,P4494-9204-1,Ojas Raja,1992-04-10,33,Male,A+,22.9,"04/014
Ganguly Path",560006,Heart Disease,82,6
4494,4495,P4495-4502-1,Tiya Bains,1945-02-14,80,Male,O+,21.2,"727, Bakshi Marg",560208,Asthma,65,49
4495,4496,P4496-7609-1,Madhup Vasa,1976-09-13,48,Male,B+,22.1,"H.No. 68
Ray Chowk",572008,Osteoporosis,74,98
4496,4497,P4497-5810-1,Advik Shetty,1958-10-17,66,Male,O-,25.3,"462, Walia Road",562002,Diabetes,106,62
4497,4498,P4498-8301-2,Nakul Sura,1983-01-15,42,Female,A-,23.8,"H.No. 01
Sinha Nagar",570010,Gout,91,80
4498,4499,P4499-8810-2,Vihaan Chaudhary,1988-10-10,36,Female,O+,24.3,"H.No. 066
Sangha Nagar",572010,Sleep Apnea,96,100
4499,4500,P4500-9507-2,Siya Kala,1995-07-23,29,Female,AB+,24.9,"H.No. 028, Acharya",560014,Hypertension,102,14
4500,4501,P4501-4804-1,Romil Bala,1948-04-30,77,Male,O-,26.6,"940
Warrior",560206,Healthy,119,47
4501,4502,P4502-4205-1,Baiju Banerjee,1942-05-10,83,Male,O+,23.2,"35
Contractor Path",561007,Depression,85,57
4502,4503,P4503-7909-2,Yakshit Sanghvi,1979-09-19,45,Female,O+,27.1,"36/05, Sarma Marg",571009,Epilepsy,124,89
4503,4504,P4504-0109-1,Mahika Kaul,2001-09-11,23,Male,B+,22.4,"95/26
Seth Chowk",560004,Sleep Apnea,77,4
4504,4505,P4505-9506-1,Arnav Raju,1995-06-19,30,Male,O+,21.1,"48/37
Trivedi Road",570008,Epilepsy,64,78
4505,4506,P4506-9608-1,Indranil Jayaraman,1996-08-17,28,Male,A+,23.0,"H.No. 352
Ray Ganj",571007,Osteoporosis,83,87
4506,4507,P4507-4910-1,Jivika Gara,1949-10-25,75,Male,B-,25.9,"H.No. 04
Dugal Ganj",570004,Heart Disease,112,74
4507,4508,P4508-9711-2,Himmat Savant,1997-11-03,27,Female,AB+,22.3,"800
Deo Zila",561006,Dementia,76,56
4508,4509,P4509-5609-2,Jayant Sami,1956-09-15,68,Female,O+,24.2,"07/89
Ram Marg",560200,Healthy,95,41
4509,4510,P4510-0509-1,Bhamini Bhatt,2005-09-26,19,Male,A+,24.4,"H.No. 06
Kohli Path",560205,Gout,97,46
4510,4511,P4511-5502-1,Samiha Sem,1955-02-09,70,Male,O+,26.4,"73, Gill Circle",562001,Osteoporosis,117,61
4511,4512,P4512-6405-1,Madhav Mall,1964-05-16,61,Male,A+,28.8,"50/500, Bhasin Path",560103,Osteoporosis,141,34
4512,4513,P4513-0502-1,Dishani Boase,2005-02-01,20,Male,O+,23.4,"H.No. 167, Srinivasan Path",561009,Dementia,87,59
4513,4514,P4514-4007-1,Elakshi Wali,1940-07-01,85,Male,O+,21.1,"33/70, Tandon",570007,Diabetes,64,77
4514,4515,P4515-6512-1,Veer Salvi,1965-12-14,59,Male,A-,21.5,"H.No. 009, Venkataraman Marg",560101,Asthma,68,32
4515,4516,P4516-5308-2,Uthkarsh Kaur,1953-08-28,71,Female,B+,25.8,"00
Aurora Zila",560027,Epilepsy,111,27
4516,4517,P4517-9005-2,Ayesha Chander,1990-05-16,35,Female,O+,26.6,"38/68, Gara Zila",560017,Sleep Apnea,119,17
4517,4518,P4518-4406-2,Tushar Srinivas,1944-06-17,81,Female,O+,22.1,"47, Handa Nagar",560023,Sleep Apnea,74,23
4518,4519,P4519-4009-1,Arnav Devan,1940-09-21,84,Male,A+,21.0,"250
Kala Road",560208,Epilepsy,63,49
4519,4520,P4520-8110-2,Vidur Bhat,1981-10-09,43,Female,B+,24.3,"94/733, Batta Street",560107,Healthy,96,38
4520,4521,P4521-7405-1,Pari Varkey,1974-05-02,51,Male,A+,27.0,"19/613, Kohli Path",560016,Hypertension,123,16
4521,4522,P4522-8810-1,Arhaan Behl,1988-10-12,36,Male,AB+,23.2,"H.No. 742
Mallick Chowk",560201,Asthma,85,42
4522,4523,P4523-0209-1,Riaan Srinivasan,2002-09-13,22,Male,A+,20.4,"H.No. 263
Kumer Zila",572001,Depression,57,91
4523,4524,P4524-6808-1,Vardaniya Sawhney,1968-08-21,56,Male,O-,22.1,"53
Agate Street",560023,Hypertension,74,23
4524,4525,P4525-9402-1,Aaryahi Raman,1994-02-12,31,Male,A+,27.4,"87, Subramaniam Street",570005,Asthma,127,75
4525,4526,P4526-6701-2,Samarth Chhabra,1967-01-09,58,Female,A+,25.8,"43/209
Sachdev Nagar",560107,Epilepsy,111,38
4526,4527,P4527-7509-2,Myra Ben,1975-09-08,49,Female,O+,26.5,"H.No. 021
Ram Zila",560008,Osteoporosis,118,8
4527,4528,P4528-4512-2,Kavya Loke,1945-12-14,79,Female,O-,25.6,"17
Kaur Marg",560007,Gout,109,7
4528,4529,P4529-7912-2,Samar Agarwal,1979-12-05,45,Female,B-,23.7,"19
Korpal Marg",571006,Diabetes,90,86
4529,4530,P4530-9108-2,Jayesh Sura,1991-08-10,33,Female,O+,21.7,"37, Tripathi Road",560004,Healthy,70,4
4530,4531,P4531-0108-1,Mohanlal Rattan,2001-08-23,23,Male,A+,24.1,"00/15, Wason Street",570002,Osteoporosis,94,72
4531,4532,P4532-0207-1,Nayantara Vora,2002-07-04,23,Male,B+,24.3,"852
Savant",560104,Depression,96,35
4532,4533,P4533-6606-2,Biju Kuruvilla,1966-06-19,59,Female,AB+,24.8,"H.No. 180
Datta Road",560204,Gout,101,45
4533,4534,P4534-8703-1,Anika De,1987-03-16,38,Male,O+,26.5,"62/671
Shanker Ganj",560100,Dementia,118,31
4534,4535,P4535-6405-2,Fateh Sarin,1964-05-11,61,Female,O+,24.8,"13/81, Bala",560010,Osteoporosis,101,10
4535,4536,P4536-4108-1,Mamooty Jayaraman,1941-08-05,83,Male,A+,22.4,"00/858, Kashyap Zila",570004,Dementia,77,74
4536,4537,P4537-0310-1,Baiju Thakur,2003-10-27,21,Male,B+,23.3,"24/443, Sanghvi Chowk",570001,Gout,86,71
4537,4538,P4538-6407-1,Rania Sachar,1964-07-24,60,Male,B+,23.6,"H.No. 68
Bala Chowk",562007,Sleep Apnea,89,67
4538,4539,P4539-7603-2,Riya Agarwal,1976-03-15,49,Female,B+,20.1,"179, Venkataraman Chowk",572008,Hypertension,54,98
4539,4540,P4540-4604-1,Saanvi Kapoor,1946-04-05,79,Male,A+,23.0,"256
Date Chowk",560011,Healthy,83,11
4540,4541,P4541-7209-1,Lakshay Edwin,1972-09-12,52,Male,AB+,23.0,"05, Dyal Nagar",560027,Osteoporosis,83,27
4541,4542,P4542-6511-1,Azad Korpal,1965-11-30,59,Male,A+,21.7,"53/83, Garde Chowk",561010,Healthy,70,60
4542,4543,P4543-9003-2,Nitya Bera,1990-03-30,35,Female,O-,23.8,"545
Chawla",560108,Dementia,91,39
4543,4544,P4544-0208-2,Akarsh Bhat,2002-08-07,22,Female,O-,26.6,"43, Dash Street",560024,Asthma,119,24
4544,4545,P4545-7702-2,Akarsh Chakraborty,1977-02-05,48,Female,O+,23.5,"H.No. 933
Brahmbhatt Zila",560015,Osteoporosis,88,15
4545,4546,P4546-7510-1,Adira Randhawa,1975-10-28,49,Male,O-,20.9,"48/370
Kapadia Zila",560207,Osteoporosis,62,48
4546,4547,P4547-9201-2,Seher Dora,1992-01-03,33,Female,B-,25.3,"278
Varma Marg",560017,Healthy,106,17
4547,4548,P4548-8309-2,Fateh Tank,1983-09-10,41,Female,AB+,28.4,"H.No. 095, Raj Chowk",560014,Epilepsy,137,14
4548,4549,P4549-9909-2,Kiaan Bhasin,1999-09-23,25,Female,O+,21.5,"H.No. 153
Dayal Chowk",560004,Gout,68,4
4549,4550,P4550-7110-2,Purab Seth,1971-10-20,53,Female,AB+,25.0,"H.No. 834, Singh Ganj",560024,Heart Disease,103,24
4550,4551,P4551-0203-2,Parinaaz Dhingra,2002-03-18,23,Female,O+,24.3,"75/34, Sur Ganj",570010,Asthma,96,80
4551,4552,P4552-6401-1,Bhamini Kashyap,1964-01-02,61,Male,A-,24.5,"17/06
Golla Path",562008,Heart Disease,98,68
4552,4553,P4553-9808-1,Neysa Majumdar,1998-08-06,26,Male,O+,23.9,"H.No. 567, Venkatesh Street",560011,Heart Disease,92,11
4553,4554,P4554-9706-1,Shayak Deep,1997-06-01,28,Male,AB+,26.8,"H.No. 288, Randhawa Street",560009,Depression,121,9
4554,4555,P4555-7006-1,Ela Raju,1970-06-05,55,Male,O+,22.2,"76, Gulati Zila",562004,Asthma,75,64
4555,4556,P4556-7310-2,Samar Lal,1973-10-01,51,Female,A+,21.8,"12, Chakraborty Ganj",560016,Asthma,71,16
4556,4557,P4557-8104-2,Ela Wali,1981-04-27,44,Female,O+,24.8,"714, Tak Nagar",570007,Osteoporosis,101,77
4557,4558,P4558-9407-1,Advik Verma,1994-07-22,30,Male,O+,22.9,"H.No. 20
Shan Marg",572008,Gout,82,98
4558,4559,P4559-7708-2,Lakshit Banik,1977-08-30,47,Female,AB+,26.3,"15/977
Keer Nagar",571005,Depression,116,85
4559,4560,P4560-5803-2,Hunar Walla,1958-03-05,67,Female,B+,19.1,"H.No. 153, Kalita Circle",560206,Healthy,44,47
4560,4561,P4561-8507-2,Vedika Bora,1985-07-12,39,Female,O+,23.0,"H.No. 517
Madan",560028,Sleep Apnea,83,28
4561,4562,P4562-9204-2,Suhana Sanghvi,1992-04-11,33,Female,O+,26.5,"544
Rege Marg",571006,Diabetes,118,86
4562,4563,P4563-7702-2,Saksham Rao,1977-02-25,48,Female,O-,24.9,"37, Deo Road",560208,Sleep Apnea,102,49
4563,4564,P4564-8810-2,Darshit Khare,1988-10-07,36,Female,O+,23.7,"63
Khurana Chowk",560012,Depression,90,12
4564,4565,P4565-7407-2,Jayan Dugal,1974-07-10,51,Female,O+,20.9,"40/75
Aurora Road",572008,Dementia,62,98
4565,4566,P4566-9212-1,Bhamini Lad,1992-12-06,32,Male,O+,24.2,"H.No. 928, Bumb Circle",571008,Epilepsy,95,88
4566,4567,P4567-6508-1,Shanaya Lall,1965-08-31,59,Male,A+,24.9,"232
Dugal Ganj",561009,Dementia,102,59
4567,4568,P4568-8710-2,Aarav Kata,1987-10-30,37,Female,O+,21.6,"H.No. 35
Gopal Marg",562010,Diabetes,69,70
4568,4569,P4569-7405-1,Armaan Goda,1974-05-26,51,Male,B+,27.5,"H.No. 662, Bail Marg",560020,Depression,128,20
4569,4570,P4570-7509-2,Kashvi Brahmbhatt,1975-09-23,49,Female,O+,26.1,"90/597, Goswami Road",560026,Sleep Apnea,114,26
4570,4571,P4571-0009-1,Prerak Mander,2000-09-12,24,Male,O-,22.9,"H.No. 753
Rao Path",572009,Asthma,82,99
4571,4572,P4572-5210-1,Hansh Keer,1952-10-16,72,Male,B-,22.3,"H.No. 016
Kadakia Chowk",561001,Epilepsy,76,51
4572,4573,P4573-8808-1,Manikya Kala,1988-08-08,36,Male,O+,22.3,"81/63
Sahni",572004,Heart Disease,76,94
4573,4574,P4574-4402-1,Mahika Tailor,1944-02-19,81,Male,B+,24.5,"300, Walia Road",560001,Osteoporosis,98,1
4574,4575,P4575-6004-2,Aniruddh Kothari,1960-04-29,65,Female,B-,25.9,"96, Chokshi",561004,Epilepsy,112,54
4575,4576,P4576-5601-1,Keya Bhattacharyya,1956-01-24,69,Male,O+,19.6,"56/658
Khalsa Street",560208,Gout,49,49
4576,4577,P4577-5308-1,Ira Tata,1953-08-06,71,Male,B-,22.2,"12/92, Dara Marg",570009,Epilepsy,75,79
4577,4578,P4578-7409-2,Bhamini Shroff,1974-09-15,50,Female,O+,25.3,"42
Sen Street",560100,Diabetes,106,31
4578,4579,P4579-8905-2,Vaibhav Amble,1989-05-17,36,Female,AB+,21.9,"39/771, Arya Road",561009,Epilepsy,72,59
4579,4580,P4580-4003-1,Ishaan Magar,1940-03-24,85,Male,AB+,24.0,"H.No. 55, Ratti Chowk",570008,Heart Disease,93,78
4580,4581,P4581-0308-2,Devansh Sarma,2003-08-29,21,Female,A+,24.5,"09, Ramachandran Zila",572001,Hypertension,98,91
4581,4582,P4582-8509-1,Tanya Din,1985-09-14,39,Male,A+,23.9,"40/84, Srinivas Road",560209,Asthma,92,50
4582,4583,P4583-8809-2,Zara Tandon,1988-09-06,36,Female,B+,24.9,"93/535
Sibal",560005,Asthma,102,5
4583,4584,P4584-5902-1,Tarini Chacko,1959-02-24,66,Male,O-,22.2,"22/737
Master Nagar",560109,Healthy,75,40
4584,4585,P4585-7504-1,Diya Yohannan,1975-04-14,50,Male,O+,27.1,"H.No. 334
Dash Path",570005,Healthy,124,75
4585,4586,P4586-9003-1,Vaibhav Chowdhury,1990-03-08,35,Male,A+,23.3,"47/562
Chauhan Circle",570009,Depression,86,79
4586,4587,P4587-4902-2,Gatik Madan,1949-02-15,76,Female,B-,26.9,"872, Dhawan Marg",560006,Epilepsy,122,6
4587,4588,P4588-5303-1,Pari Arora,1953-03-03,72,Male,B+,24.1,"82/01, Deep Street",560106,Gout,94,37
4588,4589,P4589-8703-1,Divit Bose,1987-03-17,38,Male,O-,23.5,"78/048, Sagar Zila",560105,Dementia,88,36
4589,4590,P4590-6908-2,Bhamini Sinha,1969-08-31,55,Female,B+,26.1,"52/55, Viswanathan Nagar",570003,Osteoporosis,114,73
4590,4591,P4591-8312-1,Shray Bhakta,1983-12-07,41,Male,AB+,23.3,"75
Loyal Marg",560028,Heart Disease,86,28
4591,4592,P4592-4003-2,Raghav Ranganathan,1940-03-23,85,Female,O+,23.7,"H.No. 11, Rau Ganj",560018,Healthy,90,18
4592,4593,P4593-9510-2,Alia Rajagopalan,1995-10-10,29,Female,O+,26.0,"H.No. 79
Madan Path",560019,Dementia,113,19
4593,4594,P4594-8508-2,Hrishita Dixit,1985-08-10,39,Female,AB+,26.3,"H.No. 23
Vohra Zila",562005,Sleep Apnea,116,65
4594,4595,P4595-6903-2,Siya Chatterjee,1969-03-09,56,Female,O+,17.7,"97/812, Sharma Marg",571007,Hypertension,30,87
4595,4596,P4596-0103-1,Anvi Andra,2001-03-04,24,Male,O+,22.8,"H.No. 23
Kata Circle",570003,Osteoporosis,81,73
4596,4597,P4597-0110-1,Dishani Comar,2001-10-21,23,Male,O-,21.9,"60/31
Lanka Road",560027,Epilepsy,72,27
4597,4598,P4598-9605-1,Zain Bala,1996-05-01,29,Male,AB+,23.2,"H.No. 78, Kota Zila",560024,Asthma,85,24
4598,4599,P4599-8506-1,Baiju Ahuja,1985-06-10,40,Male,O+,22.6,"84/90, Mand Ganj",560205,Sleep Apnea,79,46
4599,4600,P4600-6311-2,Nirvi Walia,1963-11-20,61,Female,O-,26.3,"H.No. 06
Kurian Circle",560011,Depression,116,11
4600,4601,P4601-6607-2,Indrajit Din,1966-07-17,58,Female,B+,23.0,"H.No. 109, Sekhon",570005,Sleep Apnea,83,75
4601,4602,P4602-6612-2,Renee Verma,1966-12-13,58,Female,B+,25.3,"24
Swaminathan Road",572010,Heart Disease,106,100
4602,4603,P4603-6305-1,Saksham Sachdeva,1963-05-26,62,Male,B+,21.2,"H.No. 791
Tata Nagar",571009,Asthma,65,89
4603,4604,P4604-8207-2,Nayantara Dar,1982-07-10,43,Female,B+,25.1,"H.No. 949
Khosla Path",570004,Epilepsy,104,74
4604,4605,P4605-0108-1,Seher Dash,2001-08-15,23,Male,O+,24.1,"H.No. 580
Deshpande",561003,Diabetes,94,53
4605,4606,P4606-5809-2,Ritvik Raman,1958-09-08,66,Female,B+,26.2,"H.No. 29
Sheth",570001,Depression,115,71
4606,4607,P4607-9201-1,Rohan Sagar,1992-01-27,33,Male,O-,23.4,"993
Khatri Path",561005,Diabetes,87,55
4607,4608,P4608-5802-2,Kartik Sahota,1958-02-18,67,Female,AB+,26.1,"H.No. 988
Kant",561005,Depression,114,55
4608,4609,P4609-6307-2,Shamik Bhatnagar,1963-07-18,61,Female,AB+,21.2,"61
Chhabra Street",560026,Heart Disease,65,26
4609,4610,P4610-7501-1,Manjari Saini,1975-01-28,50,Male,A+,22.7,"H.No. 52
Deep Ganj",572006,Healthy,80,96
4610,4611,P4611-7006-2,Saanvi Grover,1970-06-18,55,Female,O+,21.8,"60
Subramaniam Nagar",562002,Osteoporosis,71,62
4611,4612,P4612-5904-2,Ela Dutt,1959-04-03,66,Female,A+,26.6,"40/53
Khurana Ganj",560208,Osteoporosis,119,49
4612,4613,P4613-5408-1,Elakshi Kota,1954-08-10,70,Male,O+,21.4,"768, Manda Circle",562001,Asthma,67,61
4613,4614,P4614-4006-2,Rohan Garde,1940-06-11,85,Female,B+,25.1,"56, Arya Path",560202,Hypertension,104,43
4614,4615,P4615-7001-1,Vidur Rana,1970-01-10,55,Male,O+,22.5,"H.No. 421, Warrior Road",560015,Heart Disease,78,15
4615,4616,P4616-7405-2,Yakshit Raval,1974-05-23,51,Female,B+,23.8,"051, Shere Ganj",560109,Heart Disease,91,40
4616,4617,P4617-5409-2,Anahi Sidhu,1954-09-26,70,Female,O-,24.4,"H.No. 53, Bora Circle",560003,Hypertension,97,3
4617,4618,P4618-7807-1,Shalv Anne,1978-07-30,46,Male,O-,26.6,"H.No. 40
Bhasin Zila",561007,Epilepsy,119,57
4618,4619,P4619-5608-2,Alia Iyer,1956-08-20,68,Female,AB+,24.2,"02/27, Bhattacharyya Nagar",560100,Epilepsy,95,31
4619,4620,P4620-5901-2,Ojas Wali,1959-01-15,66,Female,A+,23.9,"591
Thakkar Nagar",560208,Gout,92,49
4620,4621,P4621-7207-1,Vivaan Dave,1972-07-02,53,Male,A-,24.4,"38, Saran Nagar",571005,Hypertension,97,85
4621,4622,P4622-9004-1,Lagan Sidhu,1990-04-19,35,Male,A+,24.2,"51/02
Dhawan Circle",560207,Dementia,95,48
4622,4623,P4623-5104-1,Shaan Loke,1951-04-06,74,Male,O+,26.6,"09/943, Kar Marg",571006,Depression,119,86
4623,4624,P4624-8011-1,Shaan Chaudhary,1980-11-28,44,Male,A-,22.3,"H.No. 580, Date Nagar",572008,Depression,76,98
4624,4625,P4625-6208-1,Samaira Khurana,1962-08-03,62,Male,B+,24.6,"76/622
Shankar Street",560008,Hypertension,99,8
4625,4626,P4626-5705-2,Aayush Biswas,1957-05-11,68,Female,B+,26.0,"H.No. 58
Dara Zila",560016,Hypertension,113,16
4626,4627,P4627-5701-1,Saksham Dugar,1957-01-11,68,Male,A+,27.1,"62/80
Walia Ganj",561002,Sleep Apnea,124,52
4627,4628,P4628-7504-1,Sumer Kapur,1975-04-24,50,Male,O+,22.1,"30/668, Barad Ganj",560205,Healthy,74,46
4628,4629,P4629-9009-2,Dishani Joshi,1990-09-03,34,Female,O+,24.7,"820, Saha Zila",562004,Depression,100,64
4629,4630,P4630-9705-2,Arnav Bhatt,1997-05-13,28,Female,O+,24.0,"46, Tailor Street",571005,Gout,93,85
4630,4631,P4631-6504-1,Diya Bobal,1965-04-27,60,Male,AB+,23.0,"27/131, Barman",570002,Depression,83,72
4631,4632,P4632-7904-1,Bhamini Balan,1979-04-02,46,Male,O+,22.0,"80/10, Ratti Path",560012,Epilepsy,73,12
4632,4633,P4633-6201-1,Parinaaz Wable,1962-01-11,63,Male,B+,26.5,"04
Arya Chowk",571001,Sleep Apnea,118,81
4633,4634,P4634-4412-2,Veer Zacharia,1944-12-28,80,Female,B+,25.2,"H.No. 954
Sane Ganj",560009,Heart Disease,105,9
4634,4635,P4635-6303-1,Akarsh Sinha,1963-03-08,62,Male,O+,26.5,"80/763
Korpal Nagar",560002,Epilepsy,118,2
4635,4636,P4636-4611-1,Jiya Walia,1946-11-11,78,Male,A+,22.4,"08/583, Bedi Ganj",560209,Diabetes,77,50
4636,4637,P4637-4112-2,Aarav Kapoor,1941-12-13,83,Female,A+,24.2,"H.No. 50, Saini Path",572006,Asthma,95,96
4637,4638,P4638-9903-2,Lakshit Batta,1999-03-01,26,Female,O+,23.1,"50/75
Hans Ganj",560107,Sleep Apnea,84,38
4638,4639,P4639-4609-1,Mahika Zacharia,1946-09-18,78,Male,O+,26.1,"H.No. 15, Anne Circle",560106,Dementia,114,37
4639,4640,P4640-7404-2,Kiaan Malhotra,1974-04-11,51,Female,B+,29.6,"86/985
Deshpande",560021,Depression,149,21
4640,4641,P4641-9004-2,Tushar Mandal,1990-04-17,35,Female,B-,21.7,"H.No. 32, Halder Zila",572009,Depression,70,99
4641,4642,P4642-5902-2,Hunar Tiwari,1959-02-18,66,Female,B+,22.7,"H.No. 38, Vora Street",561003,Hypertension,80,53
4642,4643,P4643-0401-2,Piya Thaman,2004-01-03,21,Female,O+,26.3,"H.No. 76, Grewal Zila",572004,Heart Disease,116,94
4643,4644,P4644-7811-1,Dhanuk Bala,1978-11-25,46,Male,A+,22.7,"111
Kuruvilla",561007,Healthy,80,57
4644,4645,P4645-4211-2,Yasmin Bath,1942-11-14,82,Female,O+,21.0,"H.No. 191
Guha Zila",560109,Gout,63,40
4645,4646,P4646-4105-2,Shayak Sarin,1941-05-11,84,Female,O-,24.9,"H.No. 18, Walia Zila",560009,Heart Disease,102,9
4646,4647,P4647-5002-2,Nehmat Rana,1950-02-02,75,Female,AB+,25.1,"07/59, Borde Path",562003,Osteoporosis,104,63
4647,4648,P4648-5112-2,Emir Hegde,1951-12-05,73,Female,B-,24.8,"908, Dar Nagar",560100,Diabetes,101,31
4648,4649,P4649-9405-1,Ira Mahajan,1994-05-22,31,Male,A-,23.7,"69/41
Ravel",562010,Epilepsy,90,70
4649,4650,P4650-7403-2,Misha Bhandari,1974-03-01,51,Female,B+,23.9,"94, Lanka Nagar",560204,Healthy,92,45
4650,4651,P4651-7803-1,Vritika Karan,1978-03-21,47,Male,B+,22.7,"H.No. 70, Gaba Ganj",560101,Asthma,80,32
4651,4652,P4652-9608-2,Zara Dhingra,1996-08-07,28,Female,AB+,23.9,"66, Rama Road",560029,Heart Disease,92,29
4652,4653,P4653-8206-1,Divyansh Som,1982-06-21,43,Male,O+,22.3,"H.No. 13
Sehgal Ganj",570010,Healthy,76,80
4653,4654,P4654-0003-1,Rati Kale,2000-03-12,25,Male,A+,22.4,"H.No. 161, Mall",571008,Gout,77,88
4654,4655,P4655-7102-1,Amani Singhal,1971-02-07,54,Male,O+,20.3,"H.No. 270
Bala Path",560016,Osteoporosis,56,16
4655,4656,P4656-5812-1,Mohanlal Aggarwal,1958-12-05,66,Male,O-,22.7,"H.No. 26, Yadav Street",562002,Asthma,80,62
4656,4657,P4657-4402-1,Aarav Rama,1944-02-01,81,Male,A-,23.1,"65/11, Basu Chowk",560011,Heart Disease,84,11
4657,4658,P4658-7101-1,Hiran Ghosh,1971-01-03,54,Male,A+,24.8,"H.No. 46, Savant Street",571006,Osteoporosis,101,86
4658,4659,P4659-7006-2,Gatik Dixit,1970-06-24,55,Female,AB+,23.7,"H.No. 608, Soni Ganj",560008,Dementia,90,8
4659,4660,P4660-6312-2,Hrishita Maharaj,1963-12-26,61,Female,A+,24.7,"89
Subramanian Path",560010,Heart Disease,100,10
4660,4661,P4661-6410-1,Madhup Chaudhari,1964-10-07,60,Male,O+,22.9,"H.No. 148, Chadha Chowk",560026,Osteoporosis,82,26
4661,4662,P4662-4110-1,Suhana Kalla,1941-10-15,83,Male,O+,25.3,"958, Deshmukh",572003,Diabetes,106,93
4662,4663,P4663-4501-1,Saira Buch,1945-01-29,80,Male,O+,22.2,"H.No. 99
Bahl Zila",560015,Depression,75,15
4663,4664,P4664-6402-2,Ojas Chatterjee,1964-02-23,61,Female,O+,27.0,"719, Kala Street",560007,Sleep Apnea,123,7
4664,4665,P4665-6109-2,Aaina Kari,1961-09-16,63,Female,A+,26.7,"11/63
Wason",562006,Healthy,120,66
4665,4666,P4666-7603-1,Biju Ganesan,1976-03-05,49,Male,A-,24.6,"H.No. 390, Rau Road",560029,Gout,99,29
4666,4667,P4667-4312-1,Jayan Ahuja,1943-12-22,81,Male,A+,20.4,"19, Sahota Path",560209,Heart Disease,57,50
4667,4668,P4668-7901-2,Farhan Bhalla,1979-01-27,46,Female,A-,27.2,"60
Tailor Road",562010,Dementia,125,70
4668,4669,P4669-9505-2,Onkar Vaidya,1995-05-06,30,Female,O+,23.8,"H.No. 36, Ben Zila",562010,Osteoporosis,91,70
4669,4670,P4670-7808-1,Ritvik Lal,1978-08-18,46,Male,O+,26.3,"H.No. 654
Sule Zila",560007,Depression,116,7
4670,4671,P4671-6409-1,Prerak Dua,1964-09-15,60,Male,O+,23.4,"74
Sabharwal Circle",560108,Epilepsy,87,39
4671,4672,P4672-5304-1,Samarth Chaudhary,1953-04-23,72,Male,O+,21.9,"42, Sha Ganj",560002,Heart Disease,72,2
4672,4673,P4673-8405-2,Ishita Ram,1984-05-16,41,Female,A-,24.0,"93, Krishnan Marg",560208,Healthy,93,49
4673,4674,P4674-9811-1,Adira Bal,1998-11-19,26,Male,B-,22.0,"H.No. 42, Rau Chowk",562007,Depression,73,67
4674,4675,P4675-7608-1,Bhavin Sehgal,1976-08-11,48,Male,O+,26.4,"507, Thakur Chowk",560008,Diabetes,117,8
4675,4676,P4676-0310-2,Kiara Chhabra,2003-10-05,21,Female,B+,23.5,"86, Borah Marg",560011,Dementia,88,11
4676,4677,P4677-5310-1,Piya Bhasin,1953-10-26,71,Male,B+,19.6,"45/152
Bali",560103,Dementia,49,34
4677,4678,P4678-7402-2,Shaan Mannan,1974-02-12,51,Female,O+,18.6,"H.No. 59
Iyengar Nagar",560010,Hypertension,39,10
4678,4679,P4679-6504-2,Shayak Bhasin,1965-04-16,60,Female,O+,24.8,"92
Sekhon Ganj",562009,Osteoporosis,101,69
4679,4680,P4680-6812-1,Riaan Baral,1968-12-07,56,Male,B+,22.6,"70/568
Bansal Marg",560205,Diabetes,79,46
4680,4681,P4681-9507-2,Navya Goyal,1995-07-13,29,Female,O+,24.5,"00, Dave Road",560102,Asthma,98,33
4681,4682,P4682-5005-1,Ira Bhakta,1950-05-26,75,Male,B+,23.3,"67/581, Jha Circle",560013,Hypertension,86,13
4682,4683,P4683-5112-2,Prerak Bhavsar,1951-12-25,73,Female,O-,24.4,"H.No. 537
Chad Road",571010,Heart Disease,97,90
4683,4684,P4684-7908-2,Dhanush Sahota,1979-08-23,45,Female,B+,25.7,"20/879
Handa Path",571005,Epilepsy,110,85
4684,4685,P4685-6803-1,Lagan Dhillon,1968-03-01,57,Male,O-,22.9,"H.No. 71
Shanker Street",560108,Depression,82,39
4685,4686,P4686-7412-2,Ivana Tandon,1974-12-17,50,Female,O+,20.3,"44, Rama Zila",571005,Asthma,56,85
4686,4687,P4687-9012-2,Yuvaan Bala,1990-12-24,34,Female,B+,27.0,"H.No. 060
Bala Chowk",571009,Sleep Apnea,123,89
4687,4688,P4688-5404-2,Ishaan Comar,1954-04-10,71,Female,B+,23.3,"177
Gandhi Zila",571010,Sleep Apnea,86,90
4688,4689,P4689-0506-2,Lagan Char,2005-06-28,20,Female,B+,23.0,"H.No. 19, Grewal Road",562005,Gout,83,65
4689,4690,P4690-9011-1,Lavanya Hans,1990-11-28,34,Male,B+,26.3,"895
Shankar Nagar",560203,Epilepsy,116,44
4690,4691,P4691-9308-2,Anaya Kamdar,1993-08-04,31,Female,O+,23.6,"H.No. 211, Sur Chowk",572001,Sleep Apnea,89,91
4691,4692,P4692-0304-2,Manjari Chauhan,2003-04-08,22,Female,O+,24.3,"53
Walla Ganj",572002,Dementia,96,92
4692,4693,P4693-9904-2,Fateh Kalita,1999-04-16,26,Female,O+,24.7,"792, Chaudhry Marg",562004,Asthma,100,64
4693,4694,P4694-0108-1,Raunak Kala,2001-08-30,23,Male,O+,26.7,"795
Mallick Circle",560008,Depression,120,8
4694,4695,P4695-8705-2,Divyansh Roy,1987-05-05,38,Female,O+,26.2,"H.No. 97, Khosla Nagar",560030,Sleep Apnea,115,30
4695,4696,P4696-8103-2,Romil Sha,1981-03-22,44,Female,O+,19.4,"966, Tak Path",572010,Heart Disease,47,100
4696,4697,P4697-4701-1,Faiyaz Chakrabarti,1947-01-26,78,Male,O-,25.8,"514, Goel Road",560029,Sleep Apnea,111,29
4697,4698,P4698-7807-2,Ela Sangha,1978-07-15,46,Female,O+,21.5,"93, Sengupta Marg",560015,Depression,68,15
4698,4699,P4699-0110-2,Reyansh Buch,2001-10-29,23,Female,B+,26.2,"77/08, Gola Path",561010,Epilepsy,115,60
4699,4700,P4700-0402-2,Parinaaz Doctor,2004-02-04,21,Female,B+,22.7,"17/769
Batta Chowk",570008,Diabetes,80,78
4700,4701,P4701-7710-1,Nishith Lanka,1977-10-01,47,Male,AB+,21.1,"H.No. 83
Kade Chowk",560018,Depression,64,18
4701,4702,P4702-0410-1,Miraan Baria,2004-10-12,20,Male,O+,23.1,"017, Reddy Street",560108,Osteoporosis,84,39
4702,4703,P4703-5804-1,Bhavin Dar,1958-04-22,67,Male,O+,24.4,"H.No. 583
Maharaj Circle",571009,Osteoporosis,97,89
4703,4704,P4704-8703-1,Keya Chawla,1987-03-10,38,Male,B+,21.0,"988, Amble Ganj",560002,Asthma,63,2
4704,4705,P4705-6912-2,Vidur Dixit,1969-12-08,55,Female,O-,24.4,"95
Jaggi Street",560011,Depression,97,11
4705,4706,P4706-9909-2,Aarush Gaba,1999-09-17,25,Female,O+,24.8,"H.No. 96, Chadha",570008,Epilepsy,101,78
4706,4707,P4707-8208-1,Zain Rout,1982-08-04,42,Male,B+,28.6,"55/39
Upadhyay Path",560107,Diabetes,139,38
4707,4708,P4708-5608-1,Ritvik Bawa,1956-08-21,68,Male,A+,24.9,"H.No. 485, Raja",560007,Depression,102,7
4708,4709,P4709-7105-1,Zoya Mane,1971-05-31,54,Male,A+,21.4,"H.No. 522
Behl Nagar",560104,Gout,67,35
4709,4710,P4710-0401-1,Zara Sridhar,2004-01-27,21,Male,O+,26.8,"08/250
Khare Marg",560100,Depression,121,31
4710,4711,P4711-7604-1,Trisha Dey,1976-04-13,49,Male,B+,28.0,"05/660, Kade Nagar",561006,Healthy,133,56
4711,4712,P4712-9401-1,Drishya Chowdhury,1994-01-24,31,Male,AB+,24.1,"H.No. 75, Som Path",572002,Heart Disease,94,92
4712,4713,P4713-9908-1,Alia Badal,1999-08-09,25,Male,O-,22.8,"H.No. 56, Lad Street",560200,Healthy,81,41
4713,4714,P4714-9006-1,Divit Sathe,1990-06-14,35,Male,O+,25.9,"993, Goel Chowk",560006,Healthy,112,6
4714,4715,P4715-7901-2,Jivika Deshpande,1979-01-13,46,Female,A+,23.2,"H.No. 80
Magar Zila",560206,Epilepsy,85,47
4715,4716,P4716-9504-2,Nakul Thakur,1995-04-29,30,Female,A+,20.6,"H.No. 652, Brahmbhatt Nagar",560029,Epilepsy,59,29
4716,4717,P4717-4306-2,Jayan Chaudhry,1943-06-02,82,Female,B+,26.5,"323
Walia Marg",562005,Healthy,118,65
4717,4718,P4718-7312-2,Piya Sandhu,1973-12-01,51,Female,O+,26.3,"57/24, Solanki Circle",562007,Healthy,116,67
4718,4719,P4719-8201-1,Neysa Chakrabarti,1982-01-11,43,Male,A+,24.9,"10/95, Gopal Nagar",561004,Hypertension,102,54
4719,4720,P4720-8606-2,Aniruddh Doctor,1986-06-11,39,Female,B-,24.9,"306
Dayal Nagar",560013,Gout,102,13
4720,4721,P4721-0304-2,Anika Wable,2003-04-03,22,Female,B-,25.6,"279
Raval",570003,Epilepsy,109,73
4721,4722,P4722-7812-1,Kiara Kannan,1978-12-18,46,Male,O-,23.3,"H.No. 24, Rao Street",562001,Diabetes,86,61
4722,4723,P4723-7712-2,Dhanuk Anand,1977-12-09,47,Female,O-,26.7,"60
Sabharwal Chowk",572006,Sleep Apnea,120,96
4723,4724,P4724-5607-2,Nitya Aurora,1956-07-09,69,Female,B-,23.5,"66, Bhatt Road",560020,Dementia,88,20
4724,4725,P4725-4406-1,Baiju Mammen,1944-06-08,81,Male,O-,21.0,"571, Hayre Marg",560020,Sleep Apnea,63,20
4725,4726,P4726-8011-1,Rhea Chander,1980-11-06,44,Male,A+,22.2,"774
Maharaj Zila",560024,Epilepsy,75,24
4726,4727,P4727-8506-1,Kanav Babu,1985-06-14,40,Male,O+,21.7,"31/77, Apte Road",561009,Diabetes,70,59
4727,4728,P4728-4010-2,Yuvraj  Barman,1940-10-20,84,Female,A+,25.3,"73/596, Iyer Path",561001,Healthy,106,51
4728,4729,P4729-0110-2,Kabir Chaudry,2001-10-17,23,Female,A-,24.2,"80/89, Kurian Path",572001,Heart Disease,95,91
4729,4730,P4730-0409-1,Anika Lal,2004-09-03,20,Male,A+,28.8,"302
Gupta Circle",571002,Hypertension,141,82
4730,4731,P4731-7305-2,Hunar Kala,1973-05-18,52,Female,O+,22.1,"874
Gopal Zila",560100,Diabetes,74,31
4731,4732,P4732-8707-2,Ranbir Sunder,1987-07-16,37,Female,A-,25.1,"015, Magar Chowk",570009,Healthy,104,79
4732,4733,P4733-9402-1,Yashvi Shankar,1994-02-28,31,Male,B+,27.6,"25/09, Divan Ganj",562006,Depression,129,66
4733,4734,P4734-5003-2,Lakshit Chowdhury,1950-03-16,75,Female,AB+,24.5,"43/85
Buch Street",571004,Hypertension,98,84
4734,4735,P4735-5112-2,Prisha Bhakta,1951-12-20,73,Female,O-,25.8,"67/57, Srivastava",560100,Hypertension,111,31
4735,4736,P4736-6601-1,Hiran Kapoor,1966-01-25,59,Male,B+,24.3,"01/81, Shukla Path",570005,Heart Disease,96,75
4736,4737,P4737-7204-1,Elakshi Kapoor,1972-04-21,53,Male,A+,19.3,"H.No. 789
Jayaraman Circle",560014,Dementia,46,14
4737,4738,P4738-7311-1,Vidur Tank,1973-11-04,51,Male,O+,26.5,"64/844
Varughese Chowk",560209,Gout,118,50
4738,4739,P4739-9612-1,Misha Soman,1996-12-11,28,Male,A+,27.8,"42/572
Bir Zila",560008,Sleep Apnea,131,8
4739,4740,P4740-9005-2,Gatik Sachar,1990-05-13,35,Female,A-,23.7,"206
Sood",571001,Healthy,90,81
4740,4741,P4741-9906-2,Madhav Maharaj,1999-06-05,26,Female,B+,27.9,"56
Vyas",560102,Osteoporosis,132,33
4741,4742,P4742-0512-1,Hazel Bava,2005-12-24,19,Male,B+,22.8,"H.No. 29
Kant Chowk",560028,Asthma,81,28
4742,4743,P4743-8102-2,Rhea Kapur,1981-02-28,44,Female,O-,24.3,"02/48, Deshpande Chowk",560202,Diabetes,96,43
4743,4744,P4744-7107-2,Sana Venkataraman,1971-07-01,54,Female,O+,23.4,"71/59
Sampath Nagar",571002,Gout,87,82
4744,4745,P4745-9707-1,Arhaan Reddy,1997-07-05,28,Male,O+,20.1,"66/023
D’Alia Nagar",571005,Osteoporosis,54,85
4745,4746,P4746-7110-1,Saira Raman,1971-10-18,53,Male,B+,25.9,"876, Ramakrishnan",562002,Diabetes,112,62
4746,4747,P4747-9508-1,Veer Agate,1995-08-30,29,Male,O+,21.5,"87
Arya Road",560109,Asthma,68,40
4747,4748,P4748-8609-1,Aarna Agate,1986-09-22,38,Male,O+,20.4,"95, Chakraborty Chowk",560007,Epilepsy,57,7
4748,4749,P4749-8008-2,Rasha Ramaswamy,1980-08-30,44,Female,O+,24.4,"H.No. 103
Mangal Circle",560025,Epilepsy,97,25
4749,4750,P4750-5605-1,Divij Sunder,1956-05-28,69,Male,AB+,25.6,"816
Singh Path",572004,Diabetes,109,94
4750,4751,P4751-5003-1,Jayesh Dutta,1950-03-12,75,Male,A-,18.4,"H.No. 785
Dayal Street",562005,Epilepsy,37,65
4751,4752,P4752-6510-1,Vihaan Zachariah,1965-10-01,59,Male,O+,27.4,"312
Buch Marg",560018,Gout,127,18
4752,4753,P4753-7705-1,Samiha Varma,1977-05-13,48,Male,O-,25.2,"26/86
Gopal Circle",560012,Osteoporosis,105,12
4753,4754,P4754-0409-1,Yashvi Shanker,2004-09-03,20,Male,O+,22.8,"69, Sunder",560030,Healthy,81,30
4754,4755,P4755-4210-2,Zoya Krishna,1942-10-07,82,Female,O+,22.5,"923
Varughese Circle",560001,Hypertension,78,1
4755,4756,P4756-8002-2,Kaira Raval,1980-02-28,45,Female,A+,21.1,"H.No. 45, Bhatnagar Marg",560006,Dementia,64,6
4756,4757,P4757-7204-1,Ehsaan Bajaj,1972-04-25,53,Male,B+,24.3,"H.No. 75, Kulkarni Path",572007,Gout,96,97
4757,4758,P4758-7801-1,Alisha Sachar,1978-01-22,47,Male,AB+,23.0,"43/178, Lal Chowk",560102,Sleep Apnea,83,33
4758,4759,P4759-9003-1,Dhanush Joshi,1990-03-20,35,Male,B+,23.5,"H.No. 05
Gaba Circle",560102,Osteoporosis,88,33
4759,4760,P4760-6206-1,Elakshi Ram,1962-06-30,63,Male,B-,21.7,"H.No. 04, Sankar Road",561010,Asthma,70,60
4760,4761,P4761-5607-1,Ela Amble,1956-07-20,68,Male,B+,27.1,"585
Sahni Marg",560009,Epilepsy,124,9
4761,4762,P4762-9608-2,Manjari Choudhury,1996-08-06,28,Female,B+,25.2,"00, Dash Road",561003,Hypertension,105,53
4762,4763,P4763-7101-1,Faiyaz Srivastava,1971-01-30,54,Male,O+,23.9,"36/179, Kapur Zila",561008,Hypertension,92,58
4763,4764,P4764-4603-2,Zeeshan Mann,1946-03-06,79,Female,AB+,27.0,"44
Apte Circle",561009,Diabetes,123,59
4764,4765,P4765-9805-1,Rasha Wadhwa,1998-05-10,27,Male,B+,24.5,"337
Bansal Zila",560100,Heart Disease,98,31
4765,4766,P4766-5111-1,Keya Ramachandran,1951-11-02,73,Male,B+,23.7,"94/89
Divan Marg",560101,Gout,90,32
4766,4767,P4767-6101-1,Kanav Chatterjee,1961-01-18,64,Male,AB+,26.4,"94/45, Jhaveri Street",570004,Gout,117,74
4767,4768,P4768-4511-2,Nishith Loyal,1945-11-05,79,Female,A-,25.1,"63/07, Garde Street",560100,Heart Disease,104,31
4768,4769,P4769-9904-2,Kimaya Guha,1999-04-29,26,Female,O+,22.5,"36
Chowdhury",561008,Gout,78,58
4769,4770,P4770-7205-1,Saksham Hayer,1972-05-10,53,Male,O+,26.0,"58/53, Rastogi Chowk",560029,Gout,113,29
4770,4771,P4771-8212-1,Sumer Tandon,1982-12-25,42,Male,O+,23.5,"16, Saraf Marg",571001,Diabetes,88,81
4771,4772,P4772-5104-1,Parinaaz Krishnan,1951-04-12,74,Male,O+,21.6,"29/19
Bandi Nagar",560029,Asthma,69,29
4772,4773,P4773-4806-1,Manikya Jain,1948-06-02,77,Male,B+,24.0,"84/280, Gopal Nagar",561009,Hypertension,93,59
4773,4774,P4774-0205-2,Dishani Ahuja,2002-05-10,23,Female,A+,19.0,"84/34, Chakraborty Marg",560023,Osteoporosis,43,23
4774,4775,P4775-5009-1,Hazel Sabharwal,1950-09-24,74,Male,A+,24.0,"18/91
Balasubramanian Marg",560021,Heart Disease,93,21
4775,4776,P4776-7807-1,Vivaan Hayre,1978-07-29,46,Male,A-,26.1,"35
Hans Ganj",560207,Heart Disease,114,48
4776,4777,P4777-4804-2,Aradhya Raju,1948-04-08,77,Female,O+,22.9,"57/062
Kumer Zila",560019,Epilepsy,82,19
4777,4778,P4778-8406-2,Tarini Rout,1984-06-08,41,Female,A+,24.8,"77/05, Bahri Road",561006,Sleep Apnea,101,56
4778,4779,P4779-7302-1,Seher Balan,1973-02-14,52,Male,A+,23.5,"H.No. 32
Saraf Ganj",560002,Healthy,88,2
4779,4780,P4780-9708-1,Indrans Uppal,1997-08-31,27,Male,A+,25.8,"H.No. 79
Butala Ganj",571008,Depression,111,88
4780,4781,P4781-5410-2,Mishti Ranganathan,1954-10-02,70,Female,O+,23.2,"97
Hegde Chowk",560026,Heart Disease,85,26
4781,4782,P4782-4507-1,Misha Rege,1945-07-19,80,Male,O+,26.3,"H.No. 788, Dhar Circle",571002,Healthy,116,82
4782,4783,P4783-8203-1,Devansh Raman,1982-03-21,43,Male,AB+,21.9,"03/09, Rama Nagar",571002,Sleep Apnea,72,82
4783,4784,P4784-5507-2,Emir Kamdar,1955-07-31,69,Female,O+,24.3,"H.No. 943
Taneja Chowk",572009,Sleep Apnea,96,99
4784,4785,P4785-9108-1,Kanav Kota,1991-08-30,33,Male,O+,21.2,"75, Joshi Street",560025,Sleep Apnea,65,25
4785,4786,P4786-0504-2,Drishya Jain,2005-04-07,20,Female,B-,23.6,"85/00, Chaudry Zila",572006,Osteoporosis,89,96
4786,4787,P4787-6909-2,Ela Bahl,1969-09-28,55,Female,B+,24.1,"64/72
Mannan Road",571010,Depression,94,90
4787,4788,P4788-9703-2,Prisha Bose,1997-03-03,28,Female,O+,21.5,"15/837, Wali Zila",572002,Sleep Apnea,68,92
4788,4789,P4789-9905-1,Mehul Sengupta,1999-05-24,26,Male,O+,24.6,"H.No. 75, Rao Circle",560004,Osteoporosis,99,4
4789,4790,P4790-0407-2,Shaan Shah,2004-07-13,20,Female,B-,24.6,"816
Loke Zila",560002,Dementia,99,2
4790,4791,P4791-4302-1,Jhanvi Roy,1943-02-04,82,Male,O+,23.5,"71/78
Gokhale Road",570007,Heart Disease,88,77
4791,4792,P4792-7905-2,Nirvaan Rana,1979-05-11,46,Female,O+,25.3,"H.No. 41, Krishnan Street",570007,Healthy,106,77
4792,4793,P4793-5311-2,Kashvi Manda,1953-11-17,71,Female,O+,23.4,"69/51, Sodhi Ganj",560107,Osteoporosis,87,38
4793,4794,P4794-6407-2,Hridaan Borah,1964-07-17,60,Female,A-,20.1,"H.No. 183, Acharya Zila",571006,Epilepsy,54,86
4794,4795,P4795-5107-2,Ojas Grover,1951-07-25,73,Female,A+,25.8,"98, Shukla Marg",561002,Hypertension,111,52
4795,4796,P4796-6611-1,Kabir Shankar,1966-11-26,58,Male,B-,25.0,"72, Kalla Chowk",560010,Diabetes,103,10
4796,4797,P4797-8112-2,Veer Bali,1981-12-11,43,Female,O-,21.5,"H.No. 71
Batta Chowk",561002,Heart Disease,68,52
4797,4798,P4798-5303-2,Lagan Rattan,1953-03-03,72,Female,A-,20.7,"47
Toor Chowk",560027,Diabetes,60,27
4798,4799,P4799-8802-1,Oorja Bawa,1988-02-18,37,Male,O+,21.6,"H.No. 022
Desai Chowk",560030,Asthma,69,30
4799,4800,P4800-8010-2,Pranay Goda,1980-10-06,44,Female,AB+,25.7,"99/49, Tella Road",570002,Epilepsy,110,72
4800,4801,P4801-4607-1,Ishita Kadakia,1946-07-10,79,Male,A+,23.0,"16, Dhingra Zila",572001,Asthma,83,91
4801,4802,P4802-4005-1,Uthkarsh Rajan,1940-05-07,85,Male,B-,24.3,"61/81
Srivastava Street",572007,Hypertension,96,97
4802,4803,P4803-7512-2,Aaryahi Deol,1975-12-16,49,Female,B+,23.0,"60/205, Balay Ganj",560025,Epilepsy,83,25
4803,4804,P4804-4707-1,Hridaan Saxena,1947-07-23,77,Male,O-,23.1,"70/76
Bir Road",561005,Gout,84,55
4804,4805,P4805-7403-2,Tara Bhatia,1974-03-08,51,Female,O+,25.3,"20/519, Dube Nagar",560101,Sleep Apnea,106,32
4805,4806,P4806-5511-2,Drishya Bava,1955-11-10,69,Female,AB+,25.5,"968, Kashyap Marg",560030,Asthma,108,30
4806,4807,P4807-4209-2,Yuvraj  Ramanathan,1942-09-08,82,Female,O+,26.5,"H.No. 748
Jaggi Chowk",570005,Gout,118,75
4807,4808,P4808-7205-1,Ritvik Balakrishnan,1972-05-19,53,Male,A+,24.2,"H.No. 641
Dara Road",560018,Sleep Apnea,95,18
4808,4809,P4809-7804-1,Jhanvi Johal,1978-04-29,47,Male,A-,25.9,"H.No. 89
Dada Nagar",560204,Healthy,112,45
4809,4810,P4810-4203-1,Riya Gala,1942-03-23,83,Male,O-,24.6,"48
Virk Nagar",562001,Epilepsy,99,61
4810,4811,P4811-9908-1,Sara Sant,1999-08-15,25,Male,A-,22.2,"20/06, Sant Nagar",560014,Hypertension,75,14
4811,4812,P4812-4106-1,Ehsaan Sabharwal,1941-06-25,84,Male,B+,22.1,"H.No. 947
Karnik Ganj",570003,Dementia,74,73
4812,4813,P4813-9506-1,Alia Rajan,1995-06-22,30,Male,B+,21.1,"896
Rajan Chowk",560007,Heart Disease,64,7
4813,4814,P4814-5301-1,Anay Sachdev,1953-01-17,72,Male,A+,25.8,"053
Mane Zila",571007,Heart Disease,111,87
4814,4815,P4815-9409-2,Damini Ranganathan,1994-09-12,30,Female,O+,24.4,"H.No. 20
Chatterjee Street",560017,Healthy,97,17
4815,4816,P4816-4501-1,Nishith Yohannan,1945-01-28,80,Male,A+,24.9,"610, Varghese Nagar",571010,Depression,102,90
4816,4817,P4817-6005-2,Nishith Randhawa,1960-05-21,65,Female,O+,26.7,"75/67, Bahri Marg",560208,Depression,120,49
4817,4818,P4818-8207-1,Shalv Talwar,1982-07-14,42,Male,O+,22.6,"479, Rege",560002,Healthy,79,2
4818,4819,P4819-8812-1,Dharmajan Goda,1988-12-13,36,Male,O+,25.5,"63/61
Deep",570007,Epilepsy,108,77
4819,4820,P4820-6708-2,Ela Chowdhury,1967-08-11,57,Female,O-,21.5,"64/740, Ranganathan Ganj",560109,Depression,68,40
4820,4821,P4821-6301-2,Nitara Bansal,1963-01-27,62,Female,B+,26.8,"43/419
Barad Zila",560013,Healthy,121,13
4821,4822,P4822-4605-2,Rohan Varma,1946-05-16,79,Female,AB+,22.1,"97/417
Agate Street",561005,Osteoporosis,74,55
4822,4823,P4823-8209-1,Shalv Saha,1982-09-23,42,Male,O-,22.9,"69/50
Sabharwal Marg",560016,Asthma,82,16
4823,4824,P4824-8204-2,Kiaan Uppal,1982-04-03,43,Female,AB+,22.9,"H.No. 45
Saini Chowk",571008,Heart Disease,82,88
4824,4825,P4825-6302-2,Rhea Swamy,1963-02-16,62,Female,A+,22.5,"H.No. 468
Biswas Nagar",562010,Sleep Apnea,78,70
4825,4826,P4826-5201-2,Jivin Bhatia,1952-01-29,73,Female,AB-,19.8,"95
Bhat Nagar",562005,Epilepsy,51,65
4826,4827,P4827-6410-1,Kashvi Mannan,1964-10-28,60,Male,A+,24.0,"77/11
Tara Circle",560104,Hypertension,93,35
4827,4828,P4828-7103-1,Sahil Sampath,1971-03-16,54,Male,O-,24.6,"41
Hari Road",570008,Osteoporosis,99,78
4828,4829,P4829-9005-1,Amira Deo,1990-05-21,35,Male,A-,21.6,"73/121, Doctor Zila",570006,Healthy,69,76
4829,4830,P4830-8804-1,Adira Dar,1988-04-28,37,Male,O-,26.0,"H.No. 043
Sachdeva Chowk",560027,Osteoporosis,113,27
4830,4831,P4831-7008-1,Ojas Sunder,1970-08-15,54,Male,B-,23.7,"H.No. 14, Konda",571006,Depression,90,86
4831,4832,P4832-9707-2,Kashvi Chaudhary,1997-07-30,27,Female,O-,23.4,"H.No. 91, Thaker Circle",560006,Hypertension,87,6
4832,4833,P4833-7511-2,Vedika Vasa,1975-11-26,49,Female,AB+,23.3,"55, Tripathi Street",560019,Dementia,86,19
4833,4834,P4834-0001-1,Sana Varty,2000-01-03,25,Male,AB+,26.0,"H.No. 79
Babu Ganj",571008,Healthy,113,88
4834,4835,P4835-8205-1,Raghav Ram,1982-05-21,43,Male,A+,23.2,"H.No. 150, Buch",570001,Epilepsy,85,71
4835,4836,P4836-5803-2,Reyansh Subramanian,1958-03-16,67,Female,A+,23.6,"H.No. 00, Mannan Ganj",561003,Hypertension,89,53
4836,4837,P4837-9404-1,Kashvi Sandal,1994-04-11,31,Male,O+,22.3,"98/36, Khatri Circle",562006,Osteoporosis,76,66
4837,4838,P4838-9504-2,Yakshit Chopra,1995-04-26,30,Female,B+,27.2,"00/649, Bail",572004,Dementia,125,94
4838,4839,P4839-9907-1,Baiju Sodhi,1999-07-07,26,Male,O+,24.9,"H.No. 068, Seth Ganj",560025,Diabetes,102,25
4839,4840,P4840-9005-2,Inaaya  Mangal,1990-05-30,35,Female,AB+,25.7,"54/44, Bakshi Circle",560015,Healthy,110,15
4840,4841,P4841-5503-1,Lakshit Loke,1955-03-23,70,Male,B+,23.9,"H.No. 21
Choudhary Circle",570006,Dementia,92,76
4841,4842,P4842-9310-2,Azad Kapadia,1993-10-27,31,Female,O+,23.8,"H.No. 35
Konda Zila",571010,Depression,91,90
4842,4843,P4843-5210-1,Dharmajan Chand,1952-10-01,72,Male,A+,24.9,"H.No. 25, Ratta Chowk",560102,Asthma,102,33
4843,4844,P4844-7303-1,Hrishita Sethi,1973-03-03,52,Male,AB+,23.4,"29, Andra Road",560104,Osteoporosis,87,35
4844,4845,P4845-6406-2,Farhan Ramanathan,1964-06-09,61,Female,A+,23.5,"64/22
Hari Circle",571005,Epilepsy,88,85
4845,4846,P4846-8910-2,Rohan Subramanian,1989-10-24,35,Female,O+,22.2,"666
Gole Path",570006,Asthma,75,76
4846,4847,P4847-5911-2,Amani Singh,1959-11-04,65,Female,O+,25.5,"66/163
Taneja Street",560003,Dementia,108,3
4847,4848,P4848-6301-1,Hrishita Reddy,1963-01-30,62,Male,A+,20.7,"902, Aurora Chowk",570002,Diabetes,60,72
4848,4849,P4849-7603-1,Vedika Kapadia,1976-03-11,49,Male,B+,25.2,"88, Bir Chowk",572004,Sleep Apnea,105,94
4849,4850,P4850-0008-1,Eva Chakrabarti,2000-08-14,24,Male,B+,24.4,"80/123, Tiwari Street",560028,Hypertension,97,28
4850,4851,P4851-4306-1,Gokul Krishnan,1943-06-27,82,Male,O+,23.7,"637, Hegde",572004,Sleep Apnea,90,94
4851,4852,P4852-4602-1,Abram Luthra,1946-02-15,79,Male,AB+,23.9,"395
Ram Chowk",570006,Sleep Apnea,92,76
4852,4853,P4853-5109-1,Alisha Shah,1951-09-12,73,Male,O-,24.1,"H.No. 89
Sood Marg",560100,Heart Disease,94,31
4853,4854,P4854-4607-1,Kaira Kalla,1946-07-06,79,Male,A+,23.3,"42/953
Reddy Chowk",560030,Osteoporosis,86,30
4854,4855,P4855-8901-1,Kiaan Wagle,1989-01-17,36,Male,B+,20.6,"51, Sem Nagar",560006,Epilepsy,59,6
4855,4856,P4856-8412-1,Ehsaan Bajwa,1984-12-18,40,Male,A+,27.3,"730, Ganguly Ganj",561003,Osteoporosis,126,53
4856,4857,P4857-9407-2,Riya Khurana,1994-07-16,30,Female,B+,23.1,"H.No. 881, Kuruvilla",561003,Healthy,84,53
4857,4858,P4858-5101-1,Riya Wali,1951-01-24,74,Male,B+,21.4,"696, Majumdar Nagar",562002,Depression,67,62
4858,4859,P4859-0211-2,Tejas Goel,2002-11-29,22,Female,O+,24.2,"88
Dhar Road",560027,Gout,95,27
4859,4860,P4860-5009-2,Armaan Sachar,1950-09-01,74,Female,A+,25.3,"H.No. 520, Kade Street",560023,Gout,106,23
4860,4861,P4861-6305-1,Seher Khare,1963-05-10,62,Male,B+,26.9,"98/28, Dugar Road",560007,Healthy,122,7
4861,4862,P4862-6806-1,Parinaaz Dutta,1968-06-17,57,Male,A-,25.6,"16/61
Wable Path",561010,Gout,109,60
4862,4863,P4863-0504-1,Chirag Chakraborty,2005-04-01,20,Male,B+,24.1,"H.No. 114, Kalita Ganj",561003,Healthy,94,53
4863,4864,P4864-5712-1,Ela Ray,1957-12-06,67,Male,A+,24.4,"60/783, Zacharia",571003,Depression,97,83
4864,4865,P4865-7906-2,Ishaan Ramaswamy,1979-06-14,46,Female,O-,24.5,"44/37, Bala Nagar",561002,Sleep Apnea,98,52
4865,4866,P4866-6701-1,Eva Bawa,1967-01-13,58,Male,A+,20.4,"33
Ranganathan Marg",560200,Diabetes,57,41
4866,4867,P4867-0409-2,Vivaan Borde,2004-09-01,20,Female,O+,22.3,"H.No. 180, Batta Path",560207,Dementia,76,48
4867,4868,P4868-6803-2,Stuvan Karan,1968-03-23,57,Female,B+,24.1,"005, Bakshi Street",560030,Sleep Apnea,94,30
4868,4869,P4869-8604-2,Tanya Dhar,1986-04-01,39,Female,O+,25.1,"84/52
Dasgupta Zila",560002,Depression,104,2
4869,4870,P4870-0506-2,Taran Hayre,2005-06-10,20,Female,O+,25.4,"13/33
Devi Path",572005,Diabetes,107,95
4870,4871,P4871-9806-2,Tara Tandon,1998-06-09,27,Female,O+,23.6,"H.No. 627, Biswas Nagar",561009,Heart Disease,89,59
4871,4872,P4872-6102-1,Vihaan Raman,1961-02-21,64,Male,O+,22.5,"32
Bala Chowk",560008,Dementia,78,8
4872,4873,P4873-6201-2,Hunar Chana,1962-01-30,63,Female,O-,22.7,"69, Aurora Path",560107,Asthma,80,38
4873,4874,P4874-8412-2,Kashvi Edwin,1984-12-05,40,Female,B+,26.8,"23/92
Hayer Zila",560103,Dementia,121,34
4874,4875,P4875-8107-2,Ela Badami,1981-07-12,44,Female,A+,23.1,"H.No. 56
Batta Street",560006,Hypertension,84,6
4875,4876,P4876-9912-2,Hazel Tailor,1999-12-15,25,Female,O+,21.7,"H.No. 12
Shere Path",560015,Dementia,70,15
4876,4877,P4877-8606-2,Inaaya  Ganesh,1986-06-06,39,Female,AB-,22.7,"75
Badal Ganj",560024,Gout,80,24
4877,4878,P4878-7603-1,Aaryahi Jaggi,1976-03-28,49,Male,A+,25.0,"H.No. 30, Bajwa Street",560104,Gout,103,35
4878,4879,P4879-9610-2,Seher Gera,1996-10-24,28,Female,A+,22.7,"28
Tandon Chowk",560023,Diabetes,80,23
4879,4880,P4880-6306-2,Chirag Chadha,1963-06-08,62,Female,AB+,25.4,"77/36
Boase Chowk",561010,Depression,107,60
4880,4881,P4881-5201-1,Faiyaz Madan,1952-01-15,73,Male,O+,22.6,"H.No. 39
Kar Street",560018,Epilepsy,79,18
4881,4882,P4882-9801-1,Anvi Gill,1998-01-01,27,Male,B+,22.9,"757
Kari Road",560019,Diabetes,82,19
4882,4883,P4883-5802-2,Nayantara Sarin,1958-02-17,67,Female,O+,28.3,"77/530
Khanna Path",572009,Gout,136,99
4883,4884,P4884-7701-2,Gokul Sachdev,1977-01-11,48,Female,O+,22.6,"954
Rao Chowk",560029,Heart Disease,79,29
4884,4885,P4885-7006-2,Anya Kuruvilla,1970-06-04,55,Female,O+,25.9,"H.No. 267, Kapadia Street",560107,Hypertension,112,38
4885,4886,P4886-6801-1,Shaan Garde,1968-01-29,57,Male,O+,25.0,"71/712
Lalla",560103,Heart Disease,103,34
4886,4887,P4887-6412-2,Nirvi Shere,1964-12-29,60,Female,A+,27.0,"34
Doshi Nagar",572008,Asthma,123,98
4887,4888,P4888-5007-2,Anika Devi,1950-07-24,74,Female,A-,21.8,"52/58, Varughese Circle",572009,Healthy,71,99
4888,4889,P4889-0309-2,Badal Doshi,2003-09-28,21,Female,B+,21.2,"H.No. 41, Batta Path",560102,Osteoporosis,65,33
4889,4890,P4890-9008-1,Ojas Raj,1990-08-02,34,Male,O+,21.4,"H.No. 85
Kata Road",560012,Epilepsy,67,12
4890,4891,P4891-9311-1,Samaira Sen,1993-11-06,31,Male,O+,25.7,"54/230
Mahal Marg",560021,Dementia,110,21
4891,4892,P4892-6406-1,Ranbir Deol,1964-06-04,61,Male,A+,25.0,"89, Sane Circle",572005,Healthy,103,95
4892,4893,P4893-9812-1,Prisha Lall,1998-12-10,26,Male,O+,23.7,"H.No. 053, Saha Ganj",561003,Healthy,90,53
4893,4894,P4894-0408-1,Madhav Barad,2004-08-05,20,Male,A-,24.9,"H.No. 457
Borah Road",560109,Asthma,102,40
4894,4895,P4895-5708-1,Anahi Sibal,1957-08-03,67,Male,O+,24.3,"14, Sur Zila",571009,Healthy,96,89
4895,4896,P4896-0006-2,Divij Sengupta,2000-06-02,25,Female,O+,21.5,"345
Rajagopal Street",560103,Diabetes,68,34
4896,4897,P4897-8805-1,Vivaan Khosla,1988-05-26,37,Male,A+,23.9,"H.No. 684
Chowdhury Street",562003,Gout,92,63
4897,4898,P4898-7907-2,Zain Kala,1979-07-16,45,Female,B+,24.2,"139, Kapoor",561006,Epilepsy,95,56
4898,4899,P4899-5704-1,Shray Doshi,1957-04-16,68,Male,A-,21.3,"23
Bandi Chowk",560014,Gout,66,14
4899,4900,P4900-0306-2,Misha Ramesh,2003-06-30,22,Female,A+,27.3,"H.No. 35
Ganguly Chowk",560105,Sleep Apnea,126,36
4900,4901,P4901-4804-2,Pari Zacharia,1948-04-08,77,Female,B-,24.8,"57/684, Behl Marg",570004,Diabetes,101,74
4901,4902,P4902-6807-2,Faiyaz Ramakrishnan,1968-07-21,56,Female,A+,24.0,"H.No. 134, Dua Street",562007,Sleep Apnea,93,67
4902,4903,P4903-5503-1,Lavanya Ray,1955-03-05,70,Male,O+,23.5,"21/369
Manne Zila",560003,Hypertension,88,3
4903,4904,P4904-8709-1,Zoya Jain,1987-09-14,37,Male,O+,24.1,"155, Sani Zila",570004,Epilepsy,94,74
4904,4905,P4905-8807-2,Yakshit Bumb,1988-07-20,36,Female,B+,23.8,"21, Khosla Zila",560109,Diabetes,91,40
4905,4906,P4906-7402-1,Samarth Sami,1974-02-08,51,Male,O+,23.0,"44/33, Kibe Chowk",572001,Depression,83,91
4906,4907,P4907-4405-2,Fateh Madan,1944-05-10,81,Female,B-,27.3,"83/85, Upadhyay Circle",572002,Gout,126,92
4907,4908,P4908-4111-1,Miraan Suri,1941-11-24,83,Male,AB+,25.3,"363
Shah Path",560021,Sleep Apnea,106,21
4908,4909,P4909-7312-1,Hiran Korpal,1973-12-01,51,Male,O+,26.7,"85/800, Lanka Road",571006,Diabetes,120,86
4909,4910,P4910-8407-1,Elakshi Thaker,1984-07-04,41,Male,AB+,28.8,"06/485, Dutt Nagar",561004,Dementia,141,54
4910,4911,P4911-7406-1,Jivin Badal,1974-06-12,51,Male,O+,24.0,"108
Jain Zila",560209,Epilepsy,93,50
4911,4912,P4912-8105-2,Anahita Kashyap,1981-05-23,44,Female,A+,22.1,"H.No. 96, Sachdeva Street",560019,Heart Disease,74,19
4912,4913,P4913-0210-1,Shanaya Lalla,2002-10-13,22,Male,B+,25.5,"H.No. 006
Doshi Zila",560109,Heart Disease,108,40
4913,4914,P4914-6506-1,Anya Atwal,1965-06-21,60,Male,O+,23.7,"80
Comar Road",562002,Sleep Apnea,90,62
4914,4915,P4915-6211-2,Miraya Chowdhury,1962-11-17,62,Female,B+,24.2,"528, Johal Nagar",560012,Depression,95,12
4915,4916,P4916-5103-1,Anya Tak,1951-03-14,74,Male,O-,26.5,"H.No. 615, Brar Circle",560004,Healthy,118,4
4916,4917,P4917-6501-1,Kimaya Butala,1965-01-02,60,Male,AB+,20.6,"14, Seth Ganj",560009,Dementia,59,9
4917,4918,P4918-5202-1,Manjari Bala,1952-02-21,73,Male,B+,23.2,"H.No. 397
Kaul Ganj",560005,Epilepsy,85,5
4918,4919,P4919-8502-1,Adira Borde,1985-02-11,40,Male,B+,23.0,"59
Chandran Path",560001,Depression,83,1
4919,4920,P4920-5908-1,Anaya Apte,1959-08-09,65,Male,B+,24.2,"H.No. 04, Sanghvi Path",572010,Epilepsy,95,100
4920,4921,P4921-6103-1,Seher Anne,1961-03-04,64,Male,O+,23.7,"08/92
Sandhu Marg",562009,Epilepsy,90,69
4921,4922,P4922-0101-2,Nayantara Sarraf,2001-01-23,24,Female,B+,25.9,"562, Dhawan Ganj",560207,Hypertension,112,48
4922,4923,P4923-4805-1,Anahi Gola,1948-05-11,77,Male,B+,24.7,"27/794, Hari Path",562001,Asthma,100,61
4923,4924,P4924-4902-2,Aaryahi Kaul,1949-02-26,76,Female,A-,26.2,"H.No. 751
Dada Circle",572006,Healthy,115,96
4924,4925,P4925-4110-2,Aarush Khanna,1941-10-08,83,Female,O+,22.5,"884, Sur Road",572006,Heart Disease,78,96
4925,4926,P4926-4110-2,Madhav Madan,1941-10-09,83,Female,O+,23.5,"06
Shroff",560208,Healthy,88,49
4926,4927,P4927-9609-1,Ivan Gala,1996-09-17,28,Male,O+,22.2,"74/02
Bandi",560209,Gout,75,50
4927,4928,P4928-5509-2,Fateh Kari,1955-09-28,69,Female,A+,28.5,"61/20
Iyer",560207,Depression,138,48
4928,4929,P4929-6804-1,Damini Bhatt,1968-04-30,57,Male,O-,24.7,"H.No. 00, Sengupta Circle",560022,Epilepsy,100,22
4929,4930,P4930-5804-2,Vedika Rajagopalan,1958-04-08,67,Female,O+,22.6,"H.No. 011, Dewan Ganj",572004,Asthma,79,94
4930,4931,P4931-0001-1,Devansh Tank,2000-01-03,25,Male,AB+,21.3,"H.No. 965
Setty Ganj",560105,Dementia,66,36
4931,4932,P4932-5809-2,Ira Deep,1958-09-14,66,Female,A+,29.4,"H.No. 042, Karpe Ganj",562005,Heart Disease,147,65
4932,4933,P4933-6504-1,Shamik Balasubramanian,1965-04-26,60,Male,A+,21.2,"44/94, Dani Street",572004,Sleep Apnea,65,94
4933,4934,P4934-8006-2,Nishith Yadav,1980-06-19,45,Female,O+,21.2,"89
Talwar Zila",571003,Asthma,65,83
4934,4935,P4935-0305-2,Ojas Hegde,2003-05-29,22,Female,O+,26.1,"H.No. 78, Tak",560208,Epilepsy,114,49
4935,4936,P4936-8908-1,Yashvi Bedi,1989-08-29,35,Male,B+,24.4,"H.No. 28, Bhatt Ganj",572008,Epilepsy,97,98
4936,4937,P4937-5507-1,Anvi Sibal,1955-07-10,70,Male,B-,20.4,"49/680
Loyal Circle",560006,Sleep Apnea,57,6
4937,4938,P4938-4405-1,Ishita Raja,1944-05-09,81,Male,O+,21.8,"28, Mann Chowk",560008,Healthy,71,8
4938,4939,P4939-5202-1,Kanav Johal,1952-02-07,73,Male,O+,23.7,"H.No. 61, Swamy Marg",560030,Hypertension,90,30
4939,4940,P4940-9404-2,Miraya Som,1994-04-16,31,Female,B+,27.2,"H.No. 15, Rastogi Chowk",560006,Hypertension,125,6
4940,4941,P4941-0002-2,Jiya Dubey,2000-02-26,25,Female,O+,24.0,"H.No. 458
Sankaran Chowk",572005,Gout,93,95
4941,4942,P4942-9710-1,Raunak Kamdar,1997-10-20,27,Male,B+,21.0,"350
Mannan Road",560013,Osteoporosis,63,13
4942,4943,P4943-9010-2,Bhavin Chaudhuri,1990-10-08,34,Female,B+,28.0,"65/57
Basak Zila",560024,Gout,133,24
4943,4944,P4944-9807-1,Mohanlal Ratti,1998-07-24,26,Male,O+,24.5,"56, Balay Chowk",560018,Epilepsy,98,18
4944,4945,P4945-8310-2,Vanya Kurian,1983-10-23,41,Female,B+,26.5,"34/737
Sehgal Chowk",572002,Hypertension,118,92
4945,4946,P4946-6903-2,Prisha Chopra,1969-03-27,56,Female,B-,28.0,"34/47
Chaudhary Marg",561001,Epilepsy,133,51
4946,4947,P4947-5912-1,Hazel Atwal,1959-12-03,65,Male,O-,26.2,"59/21, Salvi Road",570008,Osteoporosis,115,78
4947,4948,P4948-6105-1,Shray Manne,1961-05-28,64,Male,B+,23.4,"941, Lalla Street",562001,Gout,87,61
4948,4949,P4949-8002-1,Rohan Shukla,1980-02-12,45,Male,B-,23.6,"75/567
Ghose",560016,Hypertension,89,16
4949,4950,P4950-4609-2,Kimaya Majumdar,1946-09-10,78,Female,B+,25.2,"716
Lalla Street",560018,Asthma,105,18
4950,4951,P4951-4305-2,Rania Walia,1943-05-11,82,Female,B+,23.5,"63
Suresh Path",571001,Osteoporosis,88,81
4951,4952,P4952-6612-2,Veer Bhat,1966-12-31,58,Female,B+,25.3,"H.No. 86
Bhatia Path",570007,Healthy,106,77
4952,4953,P4953-5705-2,Trisha Sridhar,1957-05-06,68,Female,B+,21.3,"23/09, Deshpande Street",562006,Asthma,66,66
4953,4954,P4954-7107-2,Dishani Arora,1971-07-10,54,Female,B+,25.4,"602, Venkatesh Zila",560014,Hypertension,107,14
4954,4955,P4955-8804-1,Mishti Basak,1988-04-09,37,Male,O+,23.9,"80/082, Wali Ganj",572006,Diabetes,92,96
4955,4956,P4956-0201-1,Jiya Manne,2002-01-15,23,Male,O+,24.5,"12/745
Bhalla Nagar",560007,Healthy,98,7
4956,4957,P4957-0009-2,Ivana Issac,2000-09-30,24,Female,O+,24.1,"18, Basu Street",571002,Healthy,94,82
4957,4958,P4958-7406-2,Taimur Swaminathan,1974-06-09,51,Female,O+,24.8,"68
Dugar Chowk",560028,Healthy,101,28
4958,4959,P4959-7605-2,Lakshay Korpal,1976-05-21,49,Female,O+,25.0,"05
Varkey Nagar",560001,Asthma,103,1
4959,4960,P4960-7812-1,Azad Sankaran,1978-12-11,46,Male,B+,27.3,"H.No. 29
Goswami Road",560012,Hypertension,126,12
4960,4961,P4961-6212-2,Shlok Das,1962-12-11,62,Female,A+,24.3,"83
Shanker Road",560107,Epilepsy,96,38
4961,4962,P4962-8007-1,Yasmin Kulkarni,1980-07-17,44,Male,A+,27.9,"H.No. 84
Dasgupta Circle",570001,Depression,132,71
4962,4963,P4963-6909-2,Kiara Dutt,1969-09-08,55,Female,O+,25.6,"H.No. 573, Sharaf Ganj",560024,Gout,109,24
4963,4964,P4964-4612-2,Mahika Khurana,1946-12-18,78,Female,O-,22.6,"10/770
Yohannan Road",560102,Heart Disease,79,33
4964,4965,P4965-9003-2,Aaryahi Wali,1990-03-20,35,Female,O+,26.9,"28/19
Bajaj Road",560205,Epilepsy,122,46
4965,4966,P4966-0005-1,Hridaan Dugal,2000-05-01,25,Male,O+,24.9,"H.No. 68
Goda Chowk",560206,Asthma,102,47
4966,4967,P4967-5304-2,Sumer Cherian,1953-04-08,72,Female,O+,25.3,"H.No. 770
Mandal Street",560007,Heart Disease,106,7
4967,4968,P4968-5901-2,Yuvaan Chhabra,1959-01-31,66,Female,O+,24.0,"28/948, Chanda Nagar",571007,Hypertension,93,87
4968,4969,P4969-9812-2,Raghav Swamy,1998-12-07,26,Female,O+,23.7,"707
Aurora",560021,Healthy,90,21
4969,4970,P4970-8506-2,Fateh Rastogi,1985-06-24,40,Female,O+,24.7,"12/71, Madan Zila",560102,Asthma,100,33
4970,4971,P4971-5108-2,Vritika Kata,1951-08-02,73,Female,O+,24.3,"335
Atwal Ganj",572010,Epilepsy,96,100
4971,4972,P4972-5108-1,Rania Aggarwal,1951-08-11,73,Male,A+,25.7,"H.No. 683
Gour Road",560203,Epilepsy,110,44
4972,4973,P4973-4702-2,Rasha Lad,1947-02-13,78,Female,B+,24.0,"H.No. 96
Lala Marg",570010,Heart Disease,93,80
4973,4974,P4974-6608-2,Zaina Saha,1966-08-07,58,Female,A+,21.0,"H.No. 10
Sood Zila",560013,Asthma,63,13
4974,4975,P4975-7704-1,Ayesha Dash,1977-04-09,48,Male,B+,24.2,"H.No. 246, Agrawal Chowk",571005,Asthma,95,85
4975,4976,P4976-7706-1,Azad Reddy,1977-06-24,48,Male,B+,24.9,"H.No. 72
Barman Nagar",560101,Heart Disease,102,32
4976,4977,P4977-7807-1,Armaan Mann,1978-07-08,47,Male,O+,30.2,"31
Chawla Ganj",560206,Osteoporosis,155,47
4977,4978,P4978-7406-1,Aarush Dhingra,1974-06-22,51,Male,A-,25.0,"16/577
Hari Circle",571007,Heart Disease,103,87
4978,4979,P4979-9711-1,Emir Chhabra,1997-11-15,27,Male,A+,24.8,"42, Sundaram",570009,Gout,101,79
4979,4980,P4980-7810-1,Amani Goda,1978-10-20,46,Male,A+,25.1,"78
Tripathi Ganj",560008,Hypertension,104,8
4980,4981,P4981-9811-2,Ahana  Batta,1998-11-27,26,Female,B+,22.4,"536, Deshpande Road",560107,Healthy,77,38
4981,4982,P4982-5111-2,Rati Tripathi,1951-11-30,73,Female,O+,21.6,"840, Savant Nagar",572007,Sleep Apnea,69,97
4982,4983,P4983-8211-1,Lakshit Mammen,1982-11-26,42,Male,A-,21.0,"286
Raj Road",560007,Heart Disease,63,7
4983,4984,P4984-4304-2,Lavanya Sastry,1943-04-24,82,Female,O+,24.2,"30
Rao Ganj",560205,Osteoporosis,95,46
4984,4985,P4985-4703-1,Raghav Kalla,1947-03-11,78,Male,A+,20.4,"46/433
Lala",560204,Hypertension,57,45
4985,4986,P4986-9805-2,Anvi Chander,1998-05-27,27,Female,B+,25.6,"75, Khalsa Road",571003,Healthy,109,83
4986,4987,P4987-9108-1,Ahana  Dass,1991-08-01,33,Male,AB+,24.9,"71/03, D’Alia Nagar",571004,Depression,102,84
4987,4988,P4988-7803-2,Sana Talwar,1978-03-01,47,Female,O+,23.4,"H.No. 751
Savant Ganj",560020,Diabetes,87,20
4988,4989,P4989-9308-2,Ishita Chad,1993-08-31,31,Female,AB+,24.4,"H.No. 082, Krishnan Chowk",560105,Epilepsy,97,36
4989,4990,P4990-9706-2,Akarsh Varghese,1997-06-05,28,Female,A-,24.2,"284
Walla Chowk",571004,Asthma,95,84
4990,4991,P4991-9812-2,Aarna Dar,1998-12-14,26,Female,B+,26.9,"80/11
Comar Marg",560013,Gout,122,13
4991,4992,P4992-4912-2,Nitya Saini,1949-12-14,75,Female,B-,25.5,"45/31
Jayaraman Marg",560002,Osteoporosis,108,2
4992,4993,P4993-8509-1,Arhaan Kari,1985-09-12,39,Male,AB+,23.9,"79/04
Bawa Street",560019,Depression,92,19
4993,4994,P4994-9702-2,Dharmajan Sarin,1997-02-05,28,Female,O+,29.6,"88
Devi Ganj",562003,Healthy,149,63
4994,4995,P4995-6406-1,Myra Krish,1964-06-14,61,Male,B+,21.7,"74, Raman Chowk",560205,Asthma,70,46
4995,4996,P4996-5708-1,Oorja Ahuja,1957-08-06,67,Male,A-,20.8,"H.No. 892
Tailor",562009,Depression,61,69
4996,4997,P4997-8009-1,Anay Balan,1980-09-12,44,Male,O-,24.5,"59/179
Dhillon",561004,Depression,98,54
4997,4998,P4998-4012-2,Arnav Doshi,1940-12-03,84,Female,O+,26.4,"H.No. 55
Bahl Zila",572008,Epilepsy,117,98
4998,4999,P4999-6608-2,Saanvi Kota,1966-08-14,58,Female,A-,21.1,"44/61, Cherian Nagar",570004,Osteoporosis,64,74
4999,5000,P5000-0012-1,Priyansh Bawa,2000-12-21,24,Male,B-,25.1,"15
Chaudhuri Road",560016,Asthma,104,16
